
*** Running vivado
    with args -log design_1_wrapper.vds -m64 -product Vivado -mode batch -messageDb vivado.pb -notrace -source design_1_wrapper.tcl



****** Vivado v2024.1 (64-bit)
  **** SW Build 5076996 on Wed May 22 18:37:14 MDT 2024
  **** IP Build 5075265 on Wed May 22 21:45:21 MDT 2024
  **** SharedData Build 5076995 on Wed May 22 18:29:18 MDT 2024
  **** Start of session at: Thu Sep 17 17:04:34 2026
    ** Copyright 1986-2022 Xilinx, Inc. All Rights Reserved.
    ** Copyright 2022-2024 Advanced Micro Devices, Inc. All Rights Reserved.

source design_1_wrapper.tcl -notrace
create_project: Time (s): cpu = 00:00:07 ; elapsed = 00:00:07 . Memory (MB): peak = 486.438 ; gain = 199.645
INFO: [IP_Flow 19-234] Refreshing IP repositories
INFO: [IP_Flow 19-1700] Loaded user IP repository 'c:/Users/qijin/Documents/MEng_ZYBO/hdmi_driver/Zybo-Z7-HW/Zybo-Z7-HW.ipdefs/repo'.
WARNING: [IP_Flow 19-3685] Ignored loading user repository 'c:/Users/qijin/Documents/MEng_ZYBO/hdmi_driver/Zybo-Z7-HW/Zybo-Z7-HW.ipdefs/repo/vivado-library/ip/lorenz_dda_driver_1_0'. The path is contained within another repository.
INFO: [IP_Flow 19-2313] Loaded Vivado IP repository 'D:/xilinx/Vivado/2024.1/data/ip'.
Command: read_checkpoint -auto_incremental -incremental C:/Users/qijin/Documents/MEng_ZYBO/hdmi_driver/Zybo-Z7-HW/Zybo-Z7-HW.srcs/utils_1/imports/synth_1/design_1_wrapper.dcp
INFO: [Vivado 12-5825] Read reference checkpoint from C:/Users/qijin/Documents/MEng_ZYBO/hdmi_driver/Zybo-Z7-HW/Zybo-Z7-HW.srcs/utils_1/imports/synth_1/design_1_wrapper.dcp for incremental synthesis
INFO: [Vivado 12-7989] Please ensure there are no constraint changes
Command: synth_design -top design_1_wrapper -part xc7z010clg400-1
Starting synth_design
Attempting to get a license for feature 'Synthesis' and/or device 'xc7z010'
INFO: [Common 17-349] Got license for feature 'Synthesis' and/or device 'xc7z010'
INFO: [Device 21-403] Loading part xc7z010clg400-1
INFO: [Device 21-9227] Part: xc7z010clg400-1 does not have CEAM library.
CRITICAL WARNING: [filemgmt 20-1741] File 'SyncAsync.vhd' is used by one or more modules, but with different contents, and may lead to unpredictable results:
* design_1_axi_dynclk_0_0 (c:/Users/qijin/Documents/MEng_ZYBO/hdmi_driver/Zybo-Z7-HW/Zybo-Z7-HW.gen/sources_1/bd/design_1/ipshared/2a7c/src/SyncAsync.vhd)
* design_1_rgb2dvi_1_0 (c:/Users/qijin/Documents/MEng_ZYBO/hdmi_driver/Zybo-Z7-HW/Zybo-Z7-HW.gen/sources_1/bd/design_1/ipshared/d57c/src/SyncAsync.vhd)
Please reset and regenerate these modules to resolve the differences, or synthesize them independently.
INFO: [Designutils 20-5440] No compile time benefit to using incremental synthesis; A full resynthesis will be run
INFO: [Designutils 20-4379] Flow is switching to default flow due to incremental criteria not met. If you would like to alter this behaviour and have the flow terminate instead, please set the following parameter config_implementation {autoIncr.Synth.RejectBehavior Terminate}
INFO: [Synth 8-7079] Multithreading enabled for synth_design using a maximum of 2 processes.
INFO: [Synth 8-7078] Launching helper process for spawning children vivado processes
WARNING: [Common 17-1361] You have specified a new message control rule that is equivalent to an existing rule with attributes ' -id {17-179}  -suppress '. The existing rule will be replaced.
INFO: [Synth 8-7075] Helper process launched with PID 22740
---------------------------------------------------------------------------------
Starting RTL Elaboration : Time (s): cpu = 00:00:09 ; elapsed = 00:00:09 . Memory (MB): peak = 1379.059 ; gain = 448.770
---------------------------------------------------------------------------------
WARNING: [Synth 8-9112] actual for formal port 'rst' is neither a static name nor a globally static expression [c:/Users/qijin/Documents/MEng_ZYBO/hdmi_driver/Zybo-Z7-HW/Zybo-Z7-HW.gen/sources_1/bd/design_1/ipshared/2a7c/src/axi_dynclk.vhd:231]
WARNING: [Synth 8-9112] actual for formal port 's1_clkout0' is neither a static name nor a globally static expression [c:/Users/qijin/Documents/MEng_ZYBO/hdmi_driver/Zybo-Z7-HW/Zybo-Z7-HW.gen/sources_1/bd/design_1/ipshared/2a7c/src/axi_dynclk.vhd:233]
WARNING: [Synth 8-9112] actual for formal port 's1_clkfbout' is neither a static name nor a globally static expression [c:/Users/qijin/Documents/MEng_ZYBO/hdmi_driver/Zybo-Z7-HW/Zybo-Z7-HW.gen/sources_1/bd/design_1/ipshared/2a7c/src/axi_dynclk.vhd:234]
WARNING: [Synth 8-9112] actual for formal port 's1_lock' is neither a static name nor a globally static expression [c:/Users/qijin/Documents/MEng_ZYBO/hdmi_driver/Zybo-Z7-HW/Zybo-Z7-HW.gen/sources_1/bd/design_1/ipshared/2a7c/src/axi_dynclk.vhd:236]
CRITICAL WARNING: [Synth 8-9871] overwriting existing primary unit 'syncasync' [c:/Users/qijin/Documents/MEng_ZYBO/hdmi_driver/Zybo-Z7-HW/Zybo-Z7-HW.gen/sources_1/bd/design_1/ipshared/d57c/src/SyncAsync.vhd:61]
WARNING: [Synth 8-9963] re-analyze unit 'arch_imp' since unit 'syncasync' is overwritten or removed [c:/Users/qijin/Documents/MEng_ZYBO/hdmi_driver/Zybo-Z7-HW/Zybo-Z7-HW.gen/sources_1/bd/design_1/ipshared/2a7c/src/axi_dynclk.vhd:60]
INFO: [Synth 8-6157] synthesizing module 'design_1_wrapper' [c:/Users/qijin/Documents/MEng_ZYBO/hdmi_driver/Zybo-Z7-HW/Zybo-Z7-HW.gen/sources_1/bd/design_1/hdl/design_1_wrapper.v:13]
INFO: [Synth 8-6157] synthesizing module 'design_1' [c:/Users/qijin/Documents/MEng_ZYBO/hdmi_driver/Zybo-Z7-HW/Zybo-Z7-HW.gen/sources_1/bd/design_1/synth/design_1.v:13]
INFO: [Synth 8-638] synthesizing module 'design_1_axi_dynclk_0_0' [c:/Users/qijin/Documents/MEng_ZYBO/hdmi_driver/Zybo-Z7-HW/Zybo-Z7-HW.gen/sources_1/bd/design_1/ip/design_1_axi_dynclk_0_0/synth/design_1_axi_dynclk_0_0.vhd:86]
	Parameter C_S_AXI_LITE_DATA_WIDTH bound to: 32 - type: integer 
	Parameter C_S_AXI_LITE_ADDR_WIDTH bound to: 6 - type: integer 
	Parameter kRefClkFreqHz bound to: 100000000 - type: integer 
	Parameter kVersionMajor bound to: 1 - type: integer 
	Parameter kVersionMinor bound to: 2 - type: integer 
	Parameter kAddBUFMR bound to: 0 - type: bool 
INFO: [Synth 8-3491] module 'axi_dynclk' declared at 'c:/Users/qijin/Documents/MEng_ZYBO/hdmi_driver/Zybo-Z7-HW/Zybo-Z7-HW.gen/sources_1/bd/design_1/ipshared/2a7c/src/axi_dynclk.vhd:10' bound to instance 'U0' of component 'axi_dynclk' [c:/Users/qijin/Documents/MEng_ZYBO/hdmi_driver/Zybo-Z7-HW/Zybo-Z7-HW.gen/sources_1/bd/design_1/ip/design_1_axi_dynclk_0_0/synth/design_1_axi_dynclk_0_0.vhd:164]
INFO: [Synth 8-638] synthesizing module 'axi_dynclk' [c:/Users/qijin/Documents/MEng_ZYBO/hdmi_driver/Zybo-Z7-HW/Zybo-Z7-HW.gen/sources_1/bd/design_1/ipshared/2a7c/src/axi_dynclk.vhd:10]
INFO: [Synth 8-256] done synthesizing module 'axi_dynclk' (0#1) [c:/Users/qijin/Documents/MEng_ZYBO/hdmi_driver/Zybo-Z7-HW/Zybo-Z7-HW.gen/sources_1/bd/design_1/ipshared/2a7c/src/axi_dynclk.vhd:10]
INFO: [Synth 8-256] done synthesizing module 'design_1_axi_dynclk_0_0' (0#1) [c:/Users/qijin/Documents/MEng_ZYBO/hdmi_driver/Zybo-Z7-HW/Zybo-Z7-HW.gen/sources_1/bd/design_1/ip/design_1_axi_dynclk_0_0/synth/design_1_axi_dynclk_0_0.vhd:86]
INFO: [Synth 8-6157] synthesizing module 'design_1_axi_interconnect_gp0_0' [c:/Users/qijin/Documents/MEng_ZYBO/hdmi_driver/Zybo-Z7-HW/Zybo-Z7-HW.gen/sources_1/bd/design_1/synth/design_1.v:862]
INFO: [Synth 8-6157] synthesizing module 'm00_couplers_imp_ZD2IXJ' [c:/Users/qijin/Documents/MEng_ZYBO/hdmi_driver/Zybo-Z7-HW/Zybo-Z7-HW.gen/sources_1/bd/design_1/synth/design_1.v:2993]
INFO: [Synth 8-6155] done synthesizing module 'm00_couplers_imp_ZD2IXJ' (0#1) [c:/Users/qijin/Documents/MEng_ZYBO/hdmi_driver/Zybo-Z7-HW/Zybo-Z7-HW.gen/sources_1/bd/design_1/synth/design_1.v:2993]
INFO: [Synth 8-6157] synthesizing module 'm01_couplers_imp_13ZP1O6' [c:/Users/qijin/Documents/MEng_ZYBO/hdmi_driver/Zybo-Z7-HW/Zybo-Z7-HW.gen/sources_1/bd/design_1/synth/design_1.v:3118]
INFO: [Synth 8-6155] done synthesizing module 'm01_couplers_imp_13ZP1O6' (0#1) [c:/Users/qijin/Documents/MEng_ZYBO/hdmi_driver/Zybo-Z7-HW/Zybo-Z7-HW.gen/sources_1/bd/design_1/synth/design_1.v:3118]
INFO: [Synth 8-6157] synthesizing module 'm02_couplers_imp_Y154GK' [c:/Users/qijin/Documents/MEng_ZYBO/hdmi_driver/Zybo-Z7-HW/Zybo-Z7-HW.gen/sources_1/bd/design_1/synth/design_1.v:3264]
INFO: [Synth 8-6155] done synthesizing module 'm02_couplers_imp_Y154GK' (0#1) [c:/Users/qijin/Documents/MEng_ZYBO/hdmi_driver/Zybo-Z7-HW/Zybo-Z7-HW.gen/sources_1/bd/design_1/synth/design_1.v:3264]
INFO: [Synth 8-6157] synthesizing module 'm03_couplers_imp_15LWNJP' [c:/Users/qijin/Documents/MEng_ZYBO/hdmi_driver/Zybo-Z7-HW/Zybo-Z7-HW.gen/sources_1/bd/design_1/synth/design_1.v:3410]
INFO: [Synth 8-6155] done synthesizing module 'm03_couplers_imp_15LWNJP' (0#1) [c:/Users/qijin/Documents/MEng_ZYBO/hdmi_driver/Zybo-Z7-HW/Zybo-Z7-HW.gen/sources_1/bd/design_1/synth/design_1.v:3410]
INFO: [Synth 8-6157] synthesizing module 'm04_couplers_imp_WF9HZL' [c:/Users/qijin/Documents/MEng_ZYBO/hdmi_driver/Zybo-Z7-HW/Zybo-Z7-HW.gen/sources_1/bd/design_1/synth/design_1.v:3542]
INFO: [Synth 8-6155] done synthesizing module 'm04_couplers_imp_WF9HZL' (0#1) [c:/Users/qijin/Documents/MEng_ZYBO/hdmi_driver/Zybo-Z7-HW/Zybo-Z7-HW.gen/sources_1/bd/design_1/synth/design_1.v:3542]
INFO: [Synth 8-6157] synthesizing module 's00_couplers_imp_119IHAT' [c:/Users/qijin/Documents/MEng_ZYBO/hdmi_driver/Zybo-Z7-HW/Zybo-Z7-HW.gen/sources_1/bd/design_1/synth/design_1.v:3688]
INFO: [Synth 8-6157] synthesizing module 'design_1_auto_pc_0' [c:/Users/qijin/Documents/MEng_ZYBO/hdmi_driver/Zybo-Z7-HW/Zybo-Z7-HW.gen/sources_1/bd/design_1/ip/design_1_auto_pc_0/synth/design_1_auto_pc_0.v:53]
INFO: [Synth 8-6157] synthesizing module 'axi_protocol_converter_v2_1_31_axi_protocol_converter' [c:/Users/qijin/Documents/MEng_ZYBO/hdmi_driver/Zybo-Z7-HW/Zybo-Z7-HW.gen/sources_1/bd/design_1/ipshared/3c06/hdl/axi_protocol_converter_v2_1_vl_rfs.v:5285]
INFO: [Synth 8-6157] synthesizing module 'axi_protocol_converter_v2_1_31_b2s' [c:/Users/qijin/Documents/MEng_ZYBO/hdmi_driver/Zybo-Z7-HW/Zybo-Z7-HW.gen/sources_1/bd/design_1/ipshared/3c06/hdl/axi_protocol_converter_v2_1_vl_rfs.v:4704]
INFO: [Synth 8-6157] synthesizing module 'axi_protocol_converter_v2_1_31_b2s_aw_channel' [c:/Users/qijin/Documents/MEng_ZYBO/hdmi_driver/Zybo-Z7-HW/Zybo-Z7-HW.gen/sources_1/bd/design_1/ipshared/3c06/hdl/axi_protocol_converter_v2_1_vl_rfs.v:4360]
INFO: [Synth 8-6157] synthesizing module 'axi_protocol_converter_v2_1_31_b2s_cmd_translator' [c:/Users/qijin/Documents/MEng_ZYBO/hdmi_driver/Zybo-Z7-HW/Zybo-Z7-HW.gen/sources_1/bd/design_1/ipshared/3c06/hdl/axi_protocol_converter_v2_1_vl_rfs.v:3720]
INFO: [Synth 8-6157] synthesizing module 'axi_protocol_converter_v2_1_31_b2s_incr_cmd' [c:/Users/qijin/Documents/MEng_ZYBO/hdmi_driver/Zybo-Z7-HW/Zybo-Z7-HW.gen/sources_1/bd/design_1/ipshared/3c06/hdl/axi_protocol_converter_v2_1_vl_rfs.v:3216]
INFO: [Synth 8-6155] done synthesizing module 'axi_protocol_converter_v2_1_31_b2s_incr_cmd' (0#1) [c:/Users/qijin/Documents/MEng_ZYBO/hdmi_driver/Zybo-Z7-HW/Zybo-Z7-HW.gen/sources_1/bd/design_1/ipshared/3c06/hdl/axi_protocol_converter_v2_1_vl_rfs.v:3216]
INFO: [Synth 8-6157] synthesizing module 'axi_protocol_converter_v2_1_31_b2s_wrap_cmd' [c:/Users/qijin/Documents/MEng_ZYBO/hdmi_driver/Zybo-Z7-HW/Zybo-Z7-HW.gen/sources_1/bd/design_1/ipshared/3c06/hdl/axi_protocol_converter_v2_1_vl_rfs.v:2982]
INFO: [Synth 8-6155] done synthesizing module 'axi_protocol_converter_v2_1_31_b2s_wrap_cmd' (0#1) [c:/Users/qijin/Documents/MEng_ZYBO/hdmi_driver/Zybo-Z7-HW/Zybo-Z7-HW.gen/sources_1/bd/design_1/ipshared/3c06/hdl/axi_protocol_converter_v2_1_vl_rfs.v:2982]
INFO: [Synth 8-6155] done synthesizing module 'axi_protocol_converter_v2_1_31_b2s_cmd_translator' (0#1) [c:/Users/qijin/Documents/MEng_ZYBO/hdmi_driver/Zybo-Z7-HW/Zybo-Z7-HW.gen/sources_1/bd/design_1/ipshared/3c06/hdl/axi_protocol_converter_v2_1_vl_rfs.v:3720]
INFO: [Synth 8-6157] synthesizing module 'axi_protocol_converter_v2_1_31_b2s_wr_cmd_fsm' [c:/Users/qijin/Documents/MEng_ZYBO/hdmi_driver/Zybo-Z7-HW/Zybo-Z7-HW.gen/sources_1/bd/design_1/ipshared/3c06/hdl/axi_protocol_converter_v2_1_vl_rfs.v:3392]
INFO: [Synth 8-226] default block is never used [c:/Users/qijin/Documents/MEng_ZYBO/hdmi_driver/Zybo-Z7-HW/Zybo-Z7-HW.gen/sources_1/bd/design_1/ipshared/3c06/hdl/axi_protocol_converter_v2_1_vl_rfs.v:3446]
INFO: [Synth 8-6155] done synthesizing module 'axi_protocol_converter_v2_1_31_b2s_wr_cmd_fsm' (0#1) [c:/Users/qijin/Documents/MEng_ZYBO/hdmi_driver/Zybo-Z7-HW/Zybo-Z7-HW.gen/sources_1/bd/design_1/ipshared/3c06/hdl/axi_protocol_converter_v2_1_vl_rfs.v:3392]
INFO: [Synth 8-6155] done synthesizing module 'axi_protocol_converter_v2_1_31_b2s_aw_channel' (0#1) [c:/Users/qijin/Documents/MEng_ZYBO/hdmi_driver/Zybo-Z7-HW/Zybo-Z7-HW.gen/sources_1/bd/design_1/ipshared/3c06/hdl/axi_protocol_converter_v2_1_vl_rfs.v:4360]
INFO: [Synth 8-6157] synthesizing module 'axi_protocol_converter_v2_1_31_b2s_b_channel' [c:/Users/qijin/Documents/MEng_ZYBO/hdmi_driver/Zybo-Z7-HW/Zybo-Z7-HW.gen/sources_1/bd/design_1/ipshared/3c06/hdl/axi_protocol_converter_v2_1_vl_rfs.v:3906]
INFO: [Synth 8-6157] synthesizing module 'axi_protocol_converter_v2_1_31_b2s_simple_fifo' [c:/Users/qijin/Documents/MEng_ZYBO/hdmi_driver/Zybo-Z7-HW/Zybo-Z7-HW.gen/sources_1/bd/design_1/ipshared/3c06/hdl/axi_protocol_converter_v2_1_vl_rfs.v:2852]
INFO: [Synth 8-6155] done synthesizing module 'axi_protocol_converter_v2_1_31_b2s_simple_fifo' (0#1) [c:/Users/qijin/Documents/MEng_ZYBO/hdmi_driver/Zybo-Z7-HW/Zybo-Z7-HW.gen/sources_1/bd/design_1/ipshared/3c06/hdl/axi_protocol_converter_v2_1_vl_rfs.v:2852]
INFO: [Synth 8-6157] synthesizing module 'axi_protocol_converter_v2_1_31_b2s_simple_fifo__parameterized0' [c:/Users/qijin/Documents/MEng_ZYBO/hdmi_driver/Zybo-Z7-HW/Zybo-Z7-HW.gen/sources_1/bd/design_1/ipshared/3c06/hdl/axi_protocol_converter_v2_1_vl_rfs.v:2852]
INFO: [Synth 8-6155] done synthesizing module 'axi_protocol_converter_v2_1_31_b2s_simple_fifo__parameterized0' (0#1) [c:/Users/qijin/Documents/MEng_ZYBO/hdmi_driver/Zybo-Z7-HW/Zybo-Z7-HW.gen/sources_1/bd/design_1/ipshared/3c06/hdl/axi_protocol_converter_v2_1_vl_rfs.v:2852]
INFO: [Synth 8-6155] done synthesizing module 'axi_protocol_converter_v2_1_31_b2s_b_channel' (0#1) [c:/Users/qijin/Documents/MEng_ZYBO/hdmi_driver/Zybo-Z7-HW/Zybo-Z7-HW.gen/sources_1/bd/design_1/ipshared/3c06/hdl/axi_protocol_converter_v2_1_vl_rfs.v:3906]
INFO: [Synth 8-6157] synthesizing module 'axi_protocol_converter_v2_1_31_b2s_ar_channel' [c:/Users/qijin/Documents/MEng_ZYBO/hdmi_driver/Zybo-Z7-HW/Zybo-Z7-HW.gen/sources_1/bd/design_1/ipshared/3c06/hdl/axi_protocol_converter_v2_1_vl_rfs.v:4516]
INFO: [Synth 8-6157] synthesizing module 'axi_protocol_converter_v2_1_31_b2s_rd_cmd_fsm' [c:/Users/qijin/Documents/MEng_ZYBO/hdmi_driver/Zybo-Z7-HW/Zybo-Z7-HW.gen/sources_1/bd/design_1/ipshared/3c06/hdl/axi_protocol_converter_v2_1_vl_rfs.v:3546]
INFO: [Synth 8-226] default block is never used [c:/Users/qijin/Documents/MEng_ZYBO/hdmi_driver/Zybo-Z7-HW/Zybo-Z7-HW.gen/sources_1/bd/design_1/ipshared/3c06/hdl/axi_protocol_converter_v2_1_vl_rfs.v:3608]
INFO: [Synth 8-6155] done synthesizing module 'axi_protocol_converter_v2_1_31_b2s_rd_cmd_fsm' (0#1) [c:/Users/qijin/Documents/MEng_ZYBO/hdmi_driver/Zybo-Z7-HW/Zybo-Z7-HW.gen/sources_1/bd/design_1/ipshared/3c06/hdl/axi_protocol_converter_v2_1_vl_rfs.v:3546]
INFO: [Synth 8-6155] done synthesizing module 'axi_protocol_converter_v2_1_31_b2s_ar_channel' (0#1) [c:/Users/qijin/Documents/MEng_ZYBO/hdmi_driver/Zybo-Z7-HW/Zybo-Z7-HW.gen/sources_1/bd/design_1/ipshared/3c06/hdl/axi_protocol_converter_v2_1_vl_rfs.v:4516]
INFO: [Synth 8-6157] synthesizing module 'axi_protocol_converter_v2_1_31_b2s_r_channel' [c:/Users/qijin/Documents/MEng_ZYBO/hdmi_driver/Zybo-Z7-HW/Zybo-Z7-HW.gen/sources_1/bd/design_1/ipshared/3c06/hdl/axi_protocol_converter_v2_1_vl_rfs.v:4155]
INFO: [Synth 8-6157] synthesizing module 'axi_protocol_converter_v2_1_31_b2s_simple_fifo__parameterized1' [c:/Users/qijin/Documents/MEng_ZYBO/hdmi_driver/Zybo-Z7-HW/Zybo-Z7-HW.gen/sources_1/bd/design_1/ipshared/3c06/hdl/axi_protocol_converter_v2_1_vl_rfs.v:2852]
INFO: [Synth 8-6155] done synthesizing module 'axi_protocol_converter_v2_1_31_b2s_simple_fifo__parameterized1' (0#1) [c:/Users/qijin/Documents/MEng_ZYBO/hdmi_driver/Zybo-Z7-HW/Zybo-Z7-HW.gen/sources_1/bd/design_1/ipshared/3c06/hdl/axi_protocol_converter_v2_1_vl_rfs.v:2852]
INFO: [Synth 8-6157] synthesizing module 'axi_protocol_converter_v2_1_31_b2s_simple_fifo__parameterized2' [c:/Users/qijin/Documents/MEng_ZYBO/hdmi_driver/Zybo-Z7-HW/Zybo-Z7-HW.gen/sources_1/bd/design_1/ipshared/3c06/hdl/axi_protocol_converter_v2_1_vl_rfs.v:2852]
INFO: [Synth 8-6155] done synthesizing module 'axi_protocol_converter_v2_1_31_b2s_simple_fifo__parameterized2' (0#1) [c:/Users/qijin/Documents/MEng_ZYBO/hdmi_driver/Zybo-Z7-HW/Zybo-Z7-HW.gen/sources_1/bd/design_1/ipshared/3c06/hdl/axi_protocol_converter_v2_1_vl_rfs.v:2852]
INFO: [Synth 8-6155] done synthesizing module 'axi_protocol_converter_v2_1_31_b2s_r_channel' (0#1) [c:/Users/qijin/Documents/MEng_ZYBO/hdmi_driver/Zybo-Z7-HW/Zybo-Z7-HW.gen/sources_1/bd/design_1/ipshared/3c06/hdl/axi_protocol_converter_v2_1_vl_rfs.v:4155]
INFO: [Synth 8-6157] synthesizing module 'axi_register_slice_v2_1_31_axi_register_slice' [c:/Users/qijin/Documents/MEng_ZYBO/hdmi_driver/Zybo-Z7-HW/Zybo-Z7-HW.gen/sources_1/bd/design_1/ipshared/92b2/hdl/axi_register_slice_v2_1_vl_rfs.v:3718]
INFO: [Synth 8-6157] synthesizing module 'axi_infrastructure_v1_1_0_axi2vector' [c:/Users/qijin/Documents/MEng_ZYBO/hdmi_driver/Zybo-Z7-HW/Zybo-Z7-HW.gen/sources_1/bd/design_1/ipshared/ec67/hdl/axi_infrastructure_v1_1_vl_rfs.v:59]
INFO: [Synth 8-6155] done synthesizing module 'axi_infrastructure_v1_1_0_axi2vector' (0#1) [c:/Users/qijin/Documents/MEng_ZYBO/hdmi_driver/Zybo-Z7-HW/Zybo-Z7-HW.gen/sources_1/bd/design_1/ipshared/ec67/hdl/axi_infrastructure_v1_1_vl_rfs.v:59]
INFO: [Synth 8-6157] synthesizing module 'axi_infrastructure_v1_1_0_vector2axi' [c:/Users/qijin/Documents/MEng_ZYBO/hdmi_driver/Zybo-Z7-HW/Zybo-Z7-HW.gen/sources_1/bd/design_1/ipshared/ec67/hdl/axi_infrastructure_v1_1_vl_rfs.v:473]
INFO: [Synth 8-6155] done synthesizing module 'axi_infrastructure_v1_1_0_vector2axi' (0#1) [c:/Users/qijin/Documents/MEng_ZYBO/hdmi_driver/Zybo-Z7-HW/Zybo-Z7-HW.gen/sources_1/bd/design_1/ipshared/ec67/hdl/axi_infrastructure_v1_1_vl_rfs.v:473]
INFO: [Synth 8-6157] synthesizing module 'axi_register_slice_v2_1_31_axic_register_slice' [c:/Users/qijin/Documents/MEng_ZYBO/hdmi_driver/Zybo-Z7-HW/Zybo-Z7-HW.gen/sources_1/bd/design_1/ipshared/92b2/hdl/axi_register_slice_v2_1_vl_rfs.v:1492]
INFO: [Synth 8-6155] done synthesizing module 'axi_register_slice_v2_1_31_axic_register_slice' (0#1) [c:/Users/qijin/Documents/MEng_ZYBO/hdmi_driver/Zybo-Z7-HW/Zybo-Z7-HW.gen/sources_1/bd/design_1/ipshared/92b2/hdl/axi_register_slice_v2_1_vl_rfs.v:1492]
INFO: [Synth 8-6157] synthesizing module 'axi_register_slice_v2_1_31_axic_register_slice__parameterized0' [c:/Users/qijin/Documents/MEng_ZYBO/hdmi_driver/Zybo-Z7-HW/Zybo-Z7-HW.gen/sources_1/bd/design_1/ipshared/92b2/hdl/axi_register_slice_v2_1_vl_rfs.v:1492]
INFO: [Synth 8-6155] done synthesizing module 'axi_register_slice_v2_1_31_axic_register_slice__parameterized0' (0#1) [c:/Users/qijin/Documents/MEng_ZYBO/hdmi_driver/Zybo-Z7-HW/Zybo-Z7-HW.gen/sources_1/bd/design_1/ipshared/92b2/hdl/axi_register_slice_v2_1_vl_rfs.v:1492]
INFO: [Synth 8-6157] synthesizing module 'axi_register_slice_v2_1_31_axic_register_slice__parameterized1' [c:/Users/qijin/Documents/MEng_ZYBO/hdmi_driver/Zybo-Z7-HW/Zybo-Z7-HW.gen/sources_1/bd/design_1/ipshared/92b2/hdl/axi_register_slice_v2_1_vl_rfs.v:1492]
INFO: [Synth 8-6155] done synthesizing module 'axi_register_slice_v2_1_31_axic_register_slice__parameterized1' (0#1) [c:/Users/qijin/Documents/MEng_ZYBO/hdmi_driver/Zybo-Z7-HW/Zybo-Z7-HW.gen/sources_1/bd/design_1/ipshared/92b2/hdl/axi_register_slice_v2_1_vl_rfs.v:1492]
INFO: [Synth 8-6157] synthesizing module 'axi_register_slice_v2_1_31_axic_register_slice__parameterized2' [c:/Users/qijin/Documents/MEng_ZYBO/hdmi_driver/Zybo-Z7-HW/Zybo-Z7-HW.gen/sources_1/bd/design_1/ipshared/92b2/hdl/axi_register_slice_v2_1_vl_rfs.v:1492]
INFO: [Synth 8-6155] done synthesizing module 'axi_register_slice_v2_1_31_axic_register_slice__parameterized2' (0#1) [c:/Users/qijin/Documents/MEng_ZYBO/hdmi_driver/Zybo-Z7-HW/Zybo-Z7-HW.gen/sources_1/bd/design_1/ipshared/92b2/hdl/axi_register_slice_v2_1_vl_rfs.v:1492]
INFO: [Synth 8-6155] done synthesizing module 'axi_register_slice_v2_1_31_axi_register_slice' (0#1) [c:/Users/qijin/Documents/MEng_ZYBO/hdmi_driver/Zybo-Z7-HW/Zybo-Z7-HW.gen/sources_1/bd/design_1/ipshared/92b2/hdl/axi_register_slice_v2_1_vl_rfs.v:3718]
WARNING: [Synth 8-7071] port 'aclk2x' of module 'axi_register_slice_v2_1_31_axi_register_slice' is unconnected for instance 'SI_REG' [c:/Users/qijin/Documents/MEng_ZYBO/hdmi_driver/Zybo-Z7-HW/Zybo-Z7-HW.gen/sources_1/bd/design_1/ipshared/3c06/hdl/axi_protocol_converter_v2_1_vl_rfs.v:4871]
WARNING: [Synth 8-7023] instance 'SI_REG' of module 'axi_register_slice_v2_1_31_axi_register_slice' has 93 connections declared, but only 92 given [c:/Users/qijin/Documents/MEng_ZYBO/hdmi_driver/Zybo-Z7-HW/Zybo-Z7-HW.gen/sources_1/bd/design_1/ipshared/3c06/hdl/axi_protocol_converter_v2_1_vl_rfs.v:4871]
INFO: [Synth 8-6157] synthesizing module 'axi_register_slice_v2_1_31_axi_register_slice__parameterized0' [c:/Users/qijin/Documents/MEng_ZYBO/hdmi_driver/Zybo-Z7-HW/Zybo-Z7-HW.gen/sources_1/bd/design_1/ipshared/92b2/hdl/axi_register_slice_v2_1_vl_rfs.v:3718]
INFO: [Synth 8-6157] synthesizing module 'axi_infrastructure_v1_1_0_axi2vector__parameterized0' [c:/Users/qijin/Documents/MEng_ZYBO/hdmi_driver/Zybo-Z7-HW/Zybo-Z7-HW.gen/sources_1/bd/design_1/ipshared/ec67/hdl/axi_infrastructure_v1_1_vl_rfs.v:59]
INFO: [Synth 8-6155] done synthesizing module 'axi_infrastructure_v1_1_0_axi2vector__parameterized0' (0#1) [c:/Users/qijin/Documents/MEng_ZYBO/hdmi_driver/Zybo-Z7-HW/Zybo-Z7-HW.gen/sources_1/bd/design_1/ipshared/ec67/hdl/axi_infrastructure_v1_1_vl_rfs.v:59]
INFO: [Synth 8-6157] synthesizing module 'axi_infrastructure_v1_1_0_vector2axi__parameterized0' [c:/Users/qijin/Documents/MEng_ZYBO/hdmi_driver/Zybo-Z7-HW/Zybo-Z7-HW.gen/sources_1/bd/design_1/ipshared/ec67/hdl/axi_infrastructure_v1_1_vl_rfs.v:473]
INFO: [Synth 8-6155] done synthesizing module 'axi_infrastructure_v1_1_0_vector2axi__parameterized0' (0#1) [c:/Users/qijin/Documents/MEng_ZYBO/hdmi_driver/Zybo-Z7-HW/Zybo-Z7-HW.gen/sources_1/bd/design_1/ipshared/ec67/hdl/axi_infrastructure_v1_1_vl_rfs.v:473]
INFO: [Synth 8-6157] synthesizing module 'axi_register_slice_v2_1_31_axic_register_slice__parameterized3' [c:/Users/qijin/Documents/MEng_ZYBO/hdmi_driver/Zybo-Z7-HW/Zybo-Z7-HW.gen/sources_1/bd/design_1/ipshared/92b2/hdl/axi_register_slice_v2_1_vl_rfs.v:1492]
INFO: [Synth 8-6155] done synthesizing module 'axi_register_slice_v2_1_31_axic_register_slice__parameterized3' (0#1) [c:/Users/qijin/Documents/MEng_ZYBO/hdmi_driver/Zybo-Z7-HW/Zybo-Z7-HW.gen/sources_1/bd/design_1/ipshared/92b2/hdl/axi_register_slice_v2_1_vl_rfs.v:1492]
INFO: [Synth 8-6157] synthesizing module 'axi_register_slice_v2_1_31_axic_register_slice__parameterized4' [c:/Users/qijin/Documents/MEng_ZYBO/hdmi_driver/Zybo-Z7-HW/Zybo-Z7-HW.gen/sources_1/bd/design_1/ipshared/92b2/hdl/axi_register_slice_v2_1_vl_rfs.v:1492]
INFO: [Synth 8-6155] done synthesizing module 'axi_register_slice_v2_1_31_axic_register_slice__parameterized4' (0#1) [c:/Users/qijin/Documents/MEng_ZYBO/hdmi_driver/Zybo-Z7-HW/Zybo-Z7-HW.gen/sources_1/bd/design_1/ipshared/92b2/hdl/axi_register_slice_v2_1_vl_rfs.v:1492]
INFO: [Synth 8-6157] synthesizing module 'axi_register_slice_v2_1_31_axic_register_slice__parameterized5' [c:/Users/qijin/Documents/MEng_ZYBO/hdmi_driver/Zybo-Z7-HW/Zybo-Z7-HW.gen/sources_1/bd/design_1/ipshared/92b2/hdl/axi_register_slice_v2_1_vl_rfs.v:1492]
INFO: [Synth 8-6155] done synthesizing module 'axi_register_slice_v2_1_31_axic_register_slice__parameterized5' (0#1) [c:/Users/qijin/Documents/MEng_ZYBO/hdmi_driver/Zybo-Z7-HW/Zybo-Z7-HW.gen/sources_1/bd/design_1/ipshared/92b2/hdl/axi_register_slice_v2_1_vl_rfs.v:1492]
INFO: [Synth 8-6157] synthesizing module 'axi_register_slice_v2_1_31_axic_register_slice__parameterized6' [c:/Users/qijin/Documents/MEng_ZYBO/hdmi_driver/Zybo-Z7-HW/Zybo-Z7-HW.gen/sources_1/bd/design_1/ipshared/92b2/hdl/axi_register_slice_v2_1_vl_rfs.v:1492]
INFO: [Synth 8-6155] done synthesizing module 'axi_register_slice_v2_1_31_axic_register_slice__parameterized6' (0#1) [c:/Users/qijin/Documents/MEng_ZYBO/hdmi_driver/Zybo-Z7-HW/Zybo-Z7-HW.gen/sources_1/bd/design_1/ipshared/92b2/hdl/axi_register_slice_v2_1_vl_rfs.v:1492]
INFO: [Synth 8-6155] done synthesizing module 'axi_register_slice_v2_1_31_axi_register_slice__parameterized0' (0#1) [c:/Users/qijin/Documents/MEng_ZYBO/hdmi_driver/Zybo-Z7-HW/Zybo-Z7-HW.gen/sources_1/bd/design_1/ipshared/92b2/hdl/axi_register_slice_v2_1_vl_rfs.v:3718]
WARNING: [Synth 8-7071] port 'aclk2x' of module 'axi_register_slice_v2_1_31_axi_register_slice' is unconnected for instance 'MI_REG' [c:/Users/qijin/Documents/MEng_ZYBO/hdmi_driver/Zybo-Z7-HW/Zybo-Z7-HW.gen/sources_1/bd/design_1/ipshared/3c06/hdl/axi_protocol_converter_v2_1_vl_rfs.v:5126]
WARNING: [Synth 8-7023] instance 'MI_REG' of module 'axi_register_slice_v2_1_31_axi_register_slice' has 93 connections declared, but only 92 given [c:/Users/qijin/Documents/MEng_ZYBO/hdmi_driver/Zybo-Z7-HW/Zybo-Z7-HW.gen/sources_1/bd/design_1/ipshared/3c06/hdl/axi_protocol_converter_v2_1_vl_rfs.v:5126]
INFO: [Synth 8-6155] done synthesizing module 'axi_protocol_converter_v2_1_31_b2s' (0#1) [c:/Users/qijin/Documents/MEng_ZYBO/hdmi_driver/Zybo-Z7-HW/Zybo-Z7-HW.gen/sources_1/bd/design_1/ipshared/3c06/hdl/axi_protocol_converter_v2_1_vl_rfs.v:4704]
INFO: [Synth 8-6155] done synthesizing module 'axi_protocol_converter_v2_1_31_axi_protocol_converter' (0#1) [c:/Users/qijin/Documents/MEng_ZYBO/hdmi_driver/Zybo-Z7-HW/Zybo-Z7-HW.gen/sources_1/bd/design_1/ipshared/3c06/hdl/axi_protocol_converter_v2_1_vl_rfs.v:5285]
INFO: [Synth 8-6155] done synthesizing module 'design_1_auto_pc_0' (0#1) [c:/Users/qijin/Documents/MEng_ZYBO/hdmi_driver/Zybo-Z7-HW/Zybo-Z7-HW.gen/sources_1/bd/design_1/ip/design_1_auto_pc_0/synth/design_1_auto_pc_0.v:53]
INFO: [Synth 8-6155] done synthesizing module 's00_couplers_imp_119IHAT' (0#1) [c:/Users/qijin/Documents/MEng_ZYBO/hdmi_driver/Zybo-Z7-HW/Zybo-Z7-HW.gen/sources_1/bd/design_1/synth/design_1.v:3688]
INFO: [Synth 8-6157] synthesizing module 'design_1_xbar_2' [c:/Users/qijin/Documents/MEng_ZYBO/hdmi_driver/Zybo-Z7-HW/Zybo-Z7-HW.gen/sources_1/bd/design_1/ip/design_1_xbar_2/synth/design_1_xbar_2.v:53]
INFO: [Synth 8-6157] synthesizing module 'axi_crossbar_v2_1_32_axi_crossbar' [c:/Users/qijin/Documents/MEng_ZYBO/hdmi_driver/Zybo-Z7-HW/Zybo-Z7-HW.gen/sources_1/bd/design_1/ipshared/e9d8/hdl/axi_crossbar_v2_1_vl_rfs.v:4871]
INFO: [Synth 8-6157] synthesizing module 'axi_crossbar_v2_1_32_crossbar_sasd' [c:/Users/qijin/Documents/MEng_ZYBO/hdmi_driver/Zybo-Z7-HW/Zybo-Z7-HW.gen/sources_1/bd/design_1/ipshared/e9d8/hdl/axi_crossbar_v2_1_vl_rfs.v:1234]
INFO: [Synth 8-6157] synthesizing module 'axi_crossbar_v2_1_32_addr_decoder' [c:/Users/qijin/Documents/MEng_ZYBO/hdmi_driver/Zybo-Z7-HW/Zybo-Z7-HW.gen/sources_1/bd/design_1/ipshared/e9d8/hdl/axi_crossbar_v2_1_vl_rfs.v:790]
INFO: [Synth 8-6157] synthesizing module 'generic_baseblocks_v2_1_2_comparator_static' [c:/Users/qijin/Documents/MEng_ZYBO/hdmi_driver/Zybo-Z7-HW/Zybo-Z7-HW.gen/sources_1/bd/design_1/ipshared/0c28/hdl/generic_baseblocks_v2_1_vl_rfs.v:2119]
INFO: [Synth 8-6157] synthesizing module 'generic_baseblocks_v2_1_2_carry_and' [c:/Users/qijin/Documents/MEng_ZYBO/hdmi_driver/Zybo-Z7-HW/Zybo-Z7-HW.gen/sources_1/bd/design_1/ipshared/0c28/hdl/generic_baseblocks_v2_1_vl_rfs.v:60]
INFO: [Synth 8-6155] done synthesizing module 'generic_baseblocks_v2_1_2_carry_and' (0#1) [c:/Users/qijin/Documents/MEng_ZYBO/hdmi_driver/Zybo-Z7-HW/Zybo-Z7-HW.gen/sources_1/bd/design_1/ipshared/0c28/hdl/generic_baseblocks_v2_1_vl_rfs.v:60]
INFO: [Synth 8-6155] done synthesizing module 'generic_baseblocks_v2_1_2_comparator_static' (0#1) [c:/Users/qijin/Documents/MEng_ZYBO/hdmi_driver/Zybo-Z7-HW/Zybo-Z7-HW.gen/sources_1/bd/design_1/ipshared/0c28/hdl/generic_baseblocks_v2_1_vl_rfs.v:2119]
INFO: [Synth 8-6157] synthesizing module 'generic_baseblocks_v2_1_2_comparator_static__parameterized0' [c:/Users/qijin/Documents/MEng_ZYBO/hdmi_driver/Zybo-Z7-HW/Zybo-Z7-HW.gen/sources_1/bd/design_1/ipshared/0c28/hdl/generic_baseblocks_v2_1_vl_rfs.v:2119]
INFO: [Synth 8-6155] done synthesizing module 'generic_baseblocks_v2_1_2_comparator_static__parameterized0' (0#1) [c:/Users/qijin/Documents/MEng_ZYBO/hdmi_driver/Zybo-Z7-HW/Zybo-Z7-HW.gen/sources_1/bd/design_1/ipshared/0c28/hdl/generic_baseblocks_v2_1_vl_rfs.v:2119]
INFO: [Synth 8-6157] synthesizing module 'generic_baseblocks_v2_1_2_comparator_static__parameterized1' [c:/Users/qijin/Documents/MEng_ZYBO/hdmi_driver/Zybo-Z7-HW/Zybo-Z7-HW.gen/sources_1/bd/design_1/ipshared/0c28/hdl/generic_baseblocks_v2_1_vl_rfs.v:2119]
INFO: [Synth 8-6155] done synthesizing module 'generic_baseblocks_v2_1_2_comparator_static__parameterized1' (0#1) [c:/Users/qijin/Documents/MEng_ZYBO/hdmi_driver/Zybo-Z7-HW/Zybo-Z7-HW.gen/sources_1/bd/design_1/ipshared/0c28/hdl/generic_baseblocks_v2_1_vl_rfs.v:2119]
INFO: [Synth 8-6157] synthesizing module 'generic_baseblocks_v2_1_2_comparator_static__parameterized2' [c:/Users/qijin/Documents/MEng_ZYBO/hdmi_driver/Zybo-Z7-HW/Zybo-Z7-HW.gen/sources_1/bd/design_1/ipshared/0c28/hdl/generic_baseblocks_v2_1_vl_rfs.v:2119]
INFO: [Synth 8-6155] done synthesizing module 'generic_baseblocks_v2_1_2_comparator_static__parameterized2' (0#1) [c:/Users/qijin/Documents/MEng_ZYBO/hdmi_driver/Zybo-Z7-HW/Zybo-Z7-HW.gen/sources_1/bd/design_1/ipshared/0c28/hdl/generic_baseblocks_v2_1_vl_rfs.v:2119]
INFO: [Synth 8-6155] done synthesizing module 'axi_crossbar_v2_1_32_addr_decoder' (0#1) [c:/Users/qijin/Documents/MEng_ZYBO/hdmi_driver/Zybo-Z7-HW/Zybo-Z7-HW.gen/sources_1/bd/design_1/ipshared/e9d8/hdl/axi_crossbar_v2_1_vl_rfs.v:790]
INFO: [Synth 8-6157] synthesizing module 'axi_crossbar_v2_1_32_decerr_slave' [c:/Users/qijin/Documents/MEng_ZYBO/hdmi_driver/Zybo-Z7-HW/Zybo-Z7-HW.gen/sources_1/bd/design_1/ipshared/e9d8/hdl/axi_crossbar_v2_1_vl_rfs.v:3493]
INFO: [Synth 8-6155] done synthesizing module 'axi_crossbar_v2_1_32_decerr_slave' (0#1) [c:/Users/qijin/Documents/MEng_ZYBO/hdmi_driver/Zybo-Z7-HW/Zybo-Z7-HW.gen/sources_1/bd/design_1/ipshared/e9d8/hdl/axi_crossbar_v2_1_vl_rfs.v:3493]
INFO: [Synth 8-6157] synthesizing module 'axi_crossbar_v2_1_32_addr_arbiter_sasd' [c:/Users/qijin/Documents/MEng_ZYBO/hdmi_driver/Zybo-Z7-HW/Zybo-Z7-HW.gen/sources_1/bd/design_1/ipshared/e9d8/hdl/axi_crossbar_v2_1_vl_rfs.v:63]
INFO: [Synth 8-6155] done synthesizing module 'axi_crossbar_v2_1_32_addr_arbiter_sasd' (0#1) [c:/Users/qijin/Documents/MEng_ZYBO/hdmi_driver/Zybo-Z7-HW/Zybo-Z7-HW.gen/sources_1/bd/design_1/ipshared/e9d8/hdl/axi_crossbar_v2_1_vl_rfs.v:63]
INFO: [Synth 8-6157] synthesizing module 'axi_crossbar_v2_1_32_splitter' [c:/Users/qijin/Documents/MEng_ZYBO/hdmi_driver/Zybo-Z7-HW/Zybo-Z7-HW.gen/sources_1/bd/design_1/ipshared/e9d8/hdl/axi_crossbar_v2_1_vl_rfs.v:4451]
INFO: [Synth 8-6155] done synthesizing module 'axi_crossbar_v2_1_32_splitter' (0#1) [c:/Users/qijin/Documents/MEng_ZYBO/hdmi_driver/Zybo-Z7-HW/Zybo-Z7-HW.gen/sources_1/bd/design_1/ipshared/e9d8/hdl/axi_crossbar_v2_1_vl_rfs.v:4451]
INFO: [Synth 8-6157] synthesizing module 'axi_crossbar_v2_1_32_splitter__parameterized0' [c:/Users/qijin/Documents/MEng_ZYBO/hdmi_driver/Zybo-Z7-HW/Zybo-Z7-HW.gen/sources_1/bd/design_1/ipshared/e9d8/hdl/axi_crossbar_v2_1_vl_rfs.v:4451]
INFO: [Synth 8-6155] done synthesizing module 'axi_crossbar_v2_1_32_splitter__parameterized0' (0#1) [c:/Users/qijin/Documents/MEng_ZYBO/hdmi_driver/Zybo-Z7-HW/Zybo-Z7-HW.gen/sources_1/bd/design_1/ipshared/e9d8/hdl/axi_crossbar_v2_1_vl_rfs.v:4451]
INFO: [Synth 8-6157] synthesizing module 'generic_baseblocks_v2_1_2_mux_enc' [c:/Users/qijin/Documents/MEng_ZYBO/hdmi_driver/Zybo-Z7-HW/Zybo-Z7-HW.gen/sources_1/bd/design_1/ipshared/0c28/hdl/generic_baseblocks_v2_1_vl_rfs.v:2436]
INFO: [Synth 8-6155] done synthesizing module 'generic_baseblocks_v2_1_2_mux_enc' (0#1) [c:/Users/qijin/Documents/MEng_ZYBO/hdmi_driver/Zybo-Z7-HW/Zybo-Z7-HW.gen/sources_1/bd/design_1/ipshared/0c28/hdl/generic_baseblocks_v2_1_vl_rfs.v:2436]
INFO: [Synth 8-6157] synthesizing module 'generic_baseblocks_v2_1_2_mux_enc__parameterized0' [c:/Users/qijin/Documents/MEng_ZYBO/hdmi_driver/Zybo-Z7-HW/Zybo-Z7-HW.gen/sources_1/bd/design_1/ipshared/0c28/hdl/generic_baseblocks_v2_1_vl_rfs.v:2436]
INFO: [Synth 8-6155] done synthesizing module 'generic_baseblocks_v2_1_2_mux_enc__parameterized0' (0#1) [c:/Users/qijin/Documents/MEng_ZYBO/hdmi_driver/Zybo-Z7-HW/Zybo-Z7-HW.gen/sources_1/bd/design_1/ipshared/0c28/hdl/generic_baseblocks_v2_1_vl_rfs.v:2436]
INFO: [Synth 8-6157] synthesizing module 'generic_baseblocks_v2_1_2_mux_enc__parameterized1' [c:/Users/qijin/Documents/MEng_ZYBO/hdmi_driver/Zybo-Z7-HW/Zybo-Z7-HW.gen/sources_1/bd/design_1/ipshared/0c28/hdl/generic_baseblocks_v2_1_vl_rfs.v:2436]
INFO: [Synth 8-6155] done synthesizing module 'generic_baseblocks_v2_1_2_mux_enc__parameterized1' (0#1) [c:/Users/qijin/Documents/MEng_ZYBO/hdmi_driver/Zybo-Z7-HW/Zybo-Z7-HW.gen/sources_1/bd/design_1/ipshared/0c28/hdl/generic_baseblocks_v2_1_vl_rfs.v:2436]
INFO: [Synth 8-6157] synthesizing module 'axi_register_slice_v2_1_31_axic_register_slice__parameterized7' [c:/Users/qijin/Documents/MEng_ZYBO/hdmi_driver/Zybo-Z7-HW/Zybo-Z7-HW.gen/sources_1/bd/design_1/ipshared/92b2/hdl/axi_register_slice_v2_1_vl_rfs.v:1492]
INFO: [Synth 8-6155] done synthesizing module 'axi_register_slice_v2_1_31_axic_register_slice__parameterized7' (0#1) [c:/Users/qijin/Documents/MEng_ZYBO/hdmi_driver/Zybo-Z7-HW/Zybo-Z7-HW.gen/sources_1/bd/design_1/ipshared/92b2/hdl/axi_register_slice_v2_1_vl_rfs.v:1492]
INFO: [Synth 8-6157] synthesizing module 'generic_baseblocks_v2_1_2_mux_enc__parameterized2' [c:/Users/qijin/Documents/MEng_ZYBO/hdmi_driver/Zybo-Z7-HW/Zybo-Z7-HW.gen/sources_1/bd/design_1/ipshared/0c28/hdl/generic_baseblocks_v2_1_vl_rfs.v:2436]
INFO: [Synth 8-6155] done synthesizing module 'generic_baseblocks_v2_1_2_mux_enc__parameterized2' (0#1) [c:/Users/qijin/Documents/MEng_ZYBO/hdmi_driver/Zybo-Z7-HW/Zybo-Z7-HW.gen/sources_1/bd/design_1/ipshared/0c28/hdl/generic_baseblocks_v2_1_vl_rfs.v:2436]
INFO: [Synth 8-6155] done synthesizing module 'axi_crossbar_v2_1_32_crossbar_sasd' (0#1) [c:/Users/qijin/Documents/MEng_ZYBO/hdmi_driver/Zybo-Z7-HW/Zybo-Z7-HW.gen/sources_1/bd/design_1/ipshared/e9d8/hdl/axi_crossbar_v2_1_vl_rfs.v:1234]
INFO: [Synth 8-6155] done synthesizing module 'axi_crossbar_v2_1_32_axi_crossbar' (0#1) [c:/Users/qijin/Documents/MEng_ZYBO/hdmi_driver/Zybo-Z7-HW/Zybo-Z7-HW.gen/sources_1/bd/design_1/ipshared/e9d8/hdl/axi_crossbar_v2_1_vl_rfs.v:4871]
INFO: [Synth 8-6155] done synthesizing module 'design_1_xbar_2' (0#1) [c:/Users/qijin/Documents/MEng_ZYBO/hdmi_driver/Zybo-Z7-HW/Zybo-Z7-HW.gen/sources_1/bd/design_1/ip/design_1_xbar_2/synth/design_1_xbar_2.v:53]
INFO: [Synth 8-6155] done synthesizing module 'design_1_axi_interconnect_gp0_0' (0#1) [c:/Users/qijin/Documents/MEng_ZYBO/hdmi_driver/Zybo-Z7-HW/Zybo-Z7-HW.gen/sources_1/bd/design_1/synth/design_1.v:862]
WARNING: [Synth 8-7071] port 'M04_AXI_araddr' of module 'design_1_axi_interconnect_gp0_0' is unconnected for instance 'axi_interconnect_gp0' [c:/Users/qijin/Documents/MEng_ZYBO/hdmi_driver/Zybo-Z7-HW/Zybo-Z7-HW.gen/sources_1/bd/design_1/synth/design_1.v:354]
WARNING: [Synth 8-7071] port 'M04_AXI_arprot' of module 'design_1_axi_interconnect_gp0_0' is unconnected for instance 'axi_interconnect_gp0' [c:/Users/qijin/Documents/MEng_ZYBO/hdmi_driver/Zybo-Z7-HW/Zybo-Z7-HW.gen/sources_1/bd/design_1/synth/design_1.v:354]
WARNING: [Synth 8-7071] port 'M04_AXI_arvalid' of module 'design_1_axi_interconnect_gp0_0' is unconnected for instance 'axi_interconnect_gp0' [c:/Users/qijin/Documents/MEng_ZYBO/hdmi_driver/Zybo-Z7-HW/Zybo-Z7-HW.gen/sources_1/bd/design_1/synth/design_1.v:354]
WARNING: [Synth 8-7071] port 'M04_AXI_awaddr' of module 'design_1_axi_interconnect_gp0_0' is unconnected for instance 'axi_interconnect_gp0' [c:/Users/qijin/Documents/MEng_ZYBO/hdmi_driver/Zybo-Z7-HW/Zybo-Z7-HW.gen/sources_1/bd/design_1/synth/design_1.v:354]
WARNING: [Synth 8-7071] port 'M04_AXI_awprot' of module 'design_1_axi_interconnect_gp0_0' is unconnected for instance 'axi_interconnect_gp0' [c:/Users/qijin/Documents/MEng_ZYBO/hdmi_driver/Zybo-Z7-HW/Zybo-Z7-HW.gen/sources_1/bd/design_1/synth/design_1.v:354]
WARNING: [Synth 8-7071] port 'M04_AXI_awvalid' of module 'design_1_axi_interconnect_gp0_0' is unconnected for instance 'axi_interconnect_gp0' [c:/Users/qijin/Documents/MEng_ZYBO/hdmi_driver/Zybo-Z7-HW/Zybo-Z7-HW.gen/sources_1/bd/design_1/synth/design_1.v:354]
WARNING: [Synth 8-7071] port 'M04_AXI_bready' of module 'design_1_axi_interconnect_gp0_0' is unconnected for instance 'axi_interconnect_gp0' [c:/Users/qijin/Documents/MEng_ZYBO/hdmi_driver/Zybo-Z7-HW/Zybo-Z7-HW.gen/sources_1/bd/design_1/synth/design_1.v:354]
WARNING: [Synth 8-7071] port 'M04_AXI_rready' of module 'design_1_axi_interconnect_gp0_0' is unconnected for instance 'axi_interconnect_gp0' [c:/Users/qijin/Documents/MEng_ZYBO/hdmi_driver/Zybo-Z7-HW/Zybo-Z7-HW.gen/sources_1/bd/design_1/synth/design_1.v:354]
WARNING: [Synth 8-7071] port 'M04_AXI_wdata' of module 'design_1_axi_interconnect_gp0_0' is unconnected for instance 'axi_interconnect_gp0' [c:/Users/qijin/Documents/MEng_ZYBO/hdmi_driver/Zybo-Z7-HW/Zybo-Z7-HW.gen/sources_1/bd/design_1/synth/design_1.v:354]
WARNING: [Synth 8-7071] port 'M04_AXI_wstrb' of module 'design_1_axi_interconnect_gp0_0' is unconnected for instance 'axi_interconnect_gp0' [c:/Users/qijin/Documents/MEng_ZYBO/hdmi_driver/Zybo-Z7-HW/Zybo-Z7-HW.gen/sources_1/bd/design_1/synth/design_1.v:354]
WARNING: [Synth 8-7071] port 'M04_AXI_wvalid' of module 'design_1_axi_interconnect_gp0_0' is unconnected for instance 'axi_interconnect_gp0' [c:/Users/qijin/Documents/MEng_ZYBO/hdmi_driver/Zybo-Z7-HW/Zybo-Z7-HW.gen/sources_1/bd/design_1/synth/design_1.v:354]
WARNING: [Synth 8-7023] instance 'axi_interconnect_gp0' of module 'design_1_axi_interconnect_gp0_0' has 142 connections declared, but only 131 given [c:/Users/qijin/Documents/MEng_ZYBO/hdmi_driver/Zybo-Z7-HW/Zybo-Z7-HW.gen/sources_1/bd/design_1/synth/design_1.v:354]
INFO: [Synth 8-6157] synthesizing module 'design_1_axi_interconnect_hp0_0' [c:/Users/qijin/Documents/MEng_ZYBO/hdmi_driver/Zybo-Z7-HW/Zybo-Z7-HW.gen/sources_1/bd/design_1/synth/design_1.v:1855]
INFO: [Synth 8-6157] synthesizing module 'm00_couplers_imp_17E8JHA' [c:/Users/qijin/Documents/MEng_ZYBO/hdmi_driver/Zybo-Z7-HW/Zybo-Z7-HW.gen/sources_1/bd/design_1/synth/design_1.v:2467]
INFO: [Synth 8-6157] synthesizing module 'design_1_auto_pc_1' [c:/Users/qijin/Documents/MEng_ZYBO/hdmi_driver/Zybo-Z7-HW/Zybo-Z7-HW.gen/sources_1/bd/design_1/ip/design_1_auto_pc_1/synth/design_1_auto_pc_1.v:53]
INFO: [Synth 8-6157] synthesizing module 'axi_protocol_converter_v2_1_31_axi_protocol_converter__parameterized0' [c:/Users/qijin/Documents/MEng_ZYBO/hdmi_driver/Zybo-Z7-HW/Zybo-Z7-HW.gen/sources_1/bd/design_1/ipshared/3c06/hdl/axi_protocol_converter_v2_1_vl_rfs.v:5285]
INFO: [Synth 8-6157] synthesizing module 'axi_protocol_converter_v2_1_31_axi3_conv' [c:/Users/qijin/Documents/MEng_ZYBO/hdmi_driver/Zybo-Z7-HW/Zybo-Z7-HW.gen/sources_1/bd/design_1/ipshared/3c06/hdl/axi_protocol_converter_v2_1_vl_rfs.v:951]
INFO: [Synth 8-6157] synthesizing module 'axi_protocol_converter_v2_1_31_b_downsizer' [c:/Users/qijin/Documents/MEng_ZYBO/hdmi_driver/Zybo-Z7-HW/Zybo-Z7-HW.gen/sources_1/bd/design_1/ipshared/3c06/hdl/axi_protocol_converter_v2_1_vl_rfs.v:2269]
INFO: [Synth 8-6155] done synthesizing module 'axi_protocol_converter_v2_1_31_b_downsizer' (0#1) [c:/Users/qijin/Documents/MEng_ZYBO/hdmi_driver/Zybo-Z7-HW/Zybo-Z7-HW.gen/sources_1/bd/design_1/ipshared/3c06/hdl/axi_protocol_converter_v2_1_vl_rfs.v:2269]
INFO: [Synth 8-6157] synthesizing module 'axi_protocol_converter_v2_1_31_a_axi3_conv' [c:/Users/qijin/Documents/MEng_ZYBO/hdmi_driver/Zybo-Z7-HW/Zybo-Z7-HW.gen/sources_1/bd/design_1/ipshared/3c06/hdl/axi_protocol_converter_v2_1_vl_rfs.v:60]
INFO: [Synth 8-6157] synthesizing module 'axi_data_fifo_v2_1_30_axic_fifo' [c:/Users/qijin/Documents/MEng_ZYBO/hdmi_driver/Zybo-Z7-HW/Zybo-Z7-HW.gen/sources_1/bd/design_1/ipshared/9692/hdl/axi_data_fifo_v2_1_vl_rfs.v:62]
INFO: [Synth 8-6157] synthesizing module 'axi_data_fifo_v2_1_30_fifo_gen' [c:/Users/qijin/Documents/MEng_ZYBO/hdmi_driver/Zybo-Z7-HW/Zybo-Z7-HW.gen/sources_1/bd/design_1/ipshared/9692/hdl/axi_data_fifo_v2_1_vl_rfs.v:165]
INFO: [Synth 8-6157] synthesizing module 'xpm_cdc_async_rst' [D:/xilinx/Vivado/2024.1/data/ip/xpm/xpm_cdc/hdl/xpm_cdc.sv:1175]
INFO: [Synth 8-6155] done synthesizing module 'xpm_cdc_async_rst' (0#1) [D:/xilinx/Vivado/2024.1/data/ip/xpm/xpm_cdc/hdl/xpm_cdc.sv:1175]
INFO: [Synth 8-6155] done synthesizing module 'axi_data_fifo_v2_1_30_fifo_gen' (0#1) [c:/Users/qijin/Documents/MEng_ZYBO/hdmi_driver/Zybo-Z7-HW/Zybo-Z7-HW.gen/sources_1/bd/design_1/ipshared/9692/hdl/axi_data_fifo_v2_1_vl_rfs.v:165]
INFO: [Synth 8-6155] done synthesizing module 'axi_data_fifo_v2_1_30_axic_fifo' (0#1) [c:/Users/qijin/Documents/MEng_ZYBO/hdmi_driver/Zybo-Z7-HW/Zybo-Z7-HW.gen/sources_1/bd/design_1/ipshared/9692/hdl/axi_data_fifo_v2_1_vl_rfs.v:62]
INFO: [Synth 8-6155] done synthesizing module 'axi_protocol_converter_v2_1_31_a_axi3_conv' (0#1) [c:/Users/qijin/Documents/MEng_ZYBO/hdmi_driver/Zybo-Z7-HW/Zybo-Z7-HW.gen/sources_1/bd/design_1/ipshared/3c06/hdl/axi_protocol_converter_v2_1_vl_rfs.v:60]
INFO: [Synth 8-6157] synthesizing module 'axi_protocol_converter_v2_1_31_w_axi3_conv' [c:/Users/qijin/Documents/MEng_ZYBO/hdmi_driver/Zybo-Z7-HW/Zybo-Z7-HW.gen/sources_1/bd/design_1/ipshared/3c06/hdl/axi_protocol_converter_v2_1_vl_rfs.v:1998]
INFO: [Synth 8-6155] done synthesizing module 'axi_protocol_converter_v2_1_31_w_axi3_conv' (0#1) [c:/Users/qijin/Documents/MEng_ZYBO/hdmi_driver/Zybo-Z7-HW/Zybo-Z7-HW.gen/sources_1/bd/design_1/ipshared/3c06/hdl/axi_protocol_converter_v2_1_vl_rfs.v:1998]
INFO: [Synth 8-6157] synthesizing module 'axi_protocol_converter_v2_1_31_a_axi3_conv__parameterized0' [c:/Users/qijin/Documents/MEng_ZYBO/hdmi_driver/Zybo-Z7-HW/Zybo-Z7-HW.gen/sources_1/bd/design_1/ipshared/3c06/hdl/axi_protocol_converter_v2_1_vl_rfs.v:60]
INFO: [Synth 8-6157] synthesizing module 'axi_data_fifo_v2_1_30_axic_fifo__parameterized0' [c:/Users/qijin/Documents/MEng_ZYBO/hdmi_driver/Zybo-Z7-HW/Zybo-Z7-HW.gen/sources_1/bd/design_1/ipshared/9692/hdl/axi_data_fifo_v2_1_vl_rfs.v:62]
INFO: [Synth 8-6157] synthesizing module 'axi_data_fifo_v2_1_30_fifo_gen__parameterized0' [c:/Users/qijin/Documents/MEng_ZYBO/hdmi_driver/Zybo-Z7-HW/Zybo-Z7-HW.gen/sources_1/bd/design_1/ipshared/9692/hdl/axi_data_fifo_v2_1_vl_rfs.v:165]
INFO: [Synth 8-6155] done synthesizing module 'axi_data_fifo_v2_1_30_fifo_gen__parameterized0' (0#1) [c:/Users/qijin/Documents/MEng_ZYBO/hdmi_driver/Zybo-Z7-HW/Zybo-Z7-HW.gen/sources_1/bd/design_1/ipshared/9692/hdl/axi_data_fifo_v2_1_vl_rfs.v:165]
INFO: [Synth 8-6155] done synthesizing module 'axi_data_fifo_v2_1_30_axic_fifo__parameterized0' (0#1) [c:/Users/qijin/Documents/MEng_ZYBO/hdmi_driver/Zybo-Z7-HW/Zybo-Z7-HW.gen/sources_1/bd/design_1/ipshared/9692/hdl/axi_data_fifo_v2_1_vl_rfs.v:62]
INFO: [Synth 8-6155] done synthesizing module 'axi_protocol_converter_v2_1_31_a_axi3_conv__parameterized0' (0#1) [c:/Users/qijin/Documents/MEng_ZYBO/hdmi_driver/Zybo-Z7-HW/Zybo-Z7-HW.gen/sources_1/bd/design_1/ipshared/3c06/hdl/axi_protocol_converter_v2_1_vl_rfs.v:60]
INFO: [Synth 8-6157] synthesizing module 'axi_protocol_converter_v2_1_31_r_axi3_conv' [c:/Users/qijin/Documents/MEng_ZYBO/hdmi_driver/Zybo-Z7-HW/Zybo-Z7-HW.gen/sources_1/bd/design_1/ipshared/3c06/hdl/axi_protocol_converter_v2_1_vl_rfs.v:1784]
INFO: [Synth 8-6155] done synthesizing module 'axi_protocol_converter_v2_1_31_r_axi3_conv' (0#1) [c:/Users/qijin/Documents/MEng_ZYBO/hdmi_driver/Zybo-Z7-HW/Zybo-Z7-HW.gen/sources_1/bd/design_1/ipshared/3c06/hdl/axi_protocol_converter_v2_1_vl_rfs.v:1784]
INFO: [Synth 8-6155] done synthesizing module 'axi_protocol_converter_v2_1_31_axi3_conv' (0#1) [c:/Users/qijin/Documents/MEng_ZYBO/hdmi_driver/Zybo-Z7-HW/Zybo-Z7-HW.gen/sources_1/bd/design_1/ipshared/3c06/hdl/axi_protocol_converter_v2_1_vl_rfs.v:951]
INFO: [Synth 8-6155] done synthesizing module 'axi_protocol_converter_v2_1_31_axi_protocol_converter__parameterized0' (0#1) [c:/Users/qijin/Documents/MEng_ZYBO/hdmi_driver/Zybo-Z7-HW/Zybo-Z7-HW.gen/sources_1/bd/design_1/ipshared/3c06/hdl/axi_protocol_converter_v2_1_vl_rfs.v:5285]
INFO: [Synth 8-6155] done synthesizing module 'design_1_auto_pc_1' (0#1) [c:/Users/qijin/Documents/MEng_ZYBO/hdmi_driver/Zybo-Z7-HW/Zybo-Z7-HW.gen/sources_1/bd/design_1/ip/design_1_auto_pc_1/synth/design_1_auto_pc_1.v:53]
INFO: [Synth 8-6157] synthesizing module 'design_1_m00_regslice_0' [c:/Users/qijin/Documents/MEng_ZYBO/hdmi_driver/Zybo-Z7-HW/Zybo-Z7-HW.gen/sources_1/bd/design_1/ip/design_1_m00_regslice_0/synth/design_1_m00_regslice_0.v:53]
INFO: [Synth 8-6157] synthesizing module 'axi_register_slice_v2_1_31_axi_register_slice__parameterized1' [c:/Users/qijin/Documents/MEng_ZYBO/hdmi_driver/Zybo-Z7-HW/Zybo-Z7-HW.gen/sources_1/bd/design_1/ipshared/92b2/hdl/axi_register_slice_v2_1_vl_rfs.v:3718]
INFO: [Synth 8-6157] synthesizing module 'axi_infrastructure_v1_1_0_axi2vector__parameterized1' [c:/Users/qijin/Documents/MEng_ZYBO/hdmi_driver/Zybo-Z7-HW/Zybo-Z7-HW.gen/sources_1/bd/design_1/ipshared/ec67/hdl/axi_infrastructure_v1_1_vl_rfs.v:59]
INFO: [Synth 8-6155] done synthesizing module 'axi_infrastructure_v1_1_0_axi2vector__parameterized1' (0#1) [c:/Users/qijin/Documents/MEng_ZYBO/hdmi_driver/Zybo-Z7-HW/Zybo-Z7-HW.gen/sources_1/bd/design_1/ipshared/ec67/hdl/axi_infrastructure_v1_1_vl_rfs.v:59]
INFO: [Synth 8-6157] synthesizing module 'axi_infrastructure_v1_1_0_vector2axi__parameterized1' [c:/Users/qijin/Documents/MEng_ZYBO/hdmi_driver/Zybo-Z7-HW/Zybo-Z7-HW.gen/sources_1/bd/design_1/ipshared/ec67/hdl/axi_infrastructure_v1_1_vl_rfs.v:473]
INFO: [Synth 8-6155] done synthesizing module 'axi_infrastructure_v1_1_0_vector2axi__parameterized1' (0#1) [c:/Users/qijin/Documents/MEng_ZYBO/hdmi_driver/Zybo-Z7-HW/Zybo-Z7-HW.gen/sources_1/bd/design_1/ipshared/ec67/hdl/axi_infrastructure_v1_1_vl_rfs.v:473]
INFO: [Synth 8-6157] synthesizing module 'axi_register_slice_v2_1_31_axic_register_slice__parameterized8' [c:/Users/qijin/Documents/MEng_ZYBO/hdmi_driver/Zybo-Z7-HW/Zybo-Z7-HW.gen/sources_1/bd/design_1/ipshared/92b2/hdl/axi_register_slice_v2_1_vl_rfs.v:1492]
INFO: [Synth 8-6155] done synthesizing module 'axi_register_slice_v2_1_31_axic_register_slice__parameterized8' (0#1) [c:/Users/qijin/Documents/MEng_ZYBO/hdmi_driver/Zybo-Z7-HW/Zybo-Z7-HW.gen/sources_1/bd/design_1/ipshared/92b2/hdl/axi_register_slice_v2_1_vl_rfs.v:1492]
INFO: [Synth 8-6157] synthesizing module 'axi_register_slice_v2_1_31_axic_register_slice__parameterized9' [c:/Users/qijin/Documents/MEng_ZYBO/hdmi_driver/Zybo-Z7-HW/Zybo-Z7-HW.gen/sources_1/bd/design_1/ipshared/92b2/hdl/axi_register_slice_v2_1_vl_rfs.v:1492]
INFO: [Synth 8-6155] done synthesizing module 'axi_register_slice_v2_1_31_axic_register_slice__parameterized9' (0#1) [c:/Users/qijin/Documents/MEng_ZYBO/hdmi_driver/Zybo-Z7-HW/Zybo-Z7-HW.gen/sources_1/bd/design_1/ipshared/92b2/hdl/axi_register_slice_v2_1_vl_rfs.v:1492]
INFO: [Synth 8-6157] synthesizing module 'axi_register_slice_v2_1_31_axic_register_slice__parameterized10' [c:/Users/qijin/Documents/MEng_ZYBO/hdmi_driver/Zybo-Z7-HW/Zybo-Z7-HW.gen/sources_1/bd/design_1/ipshared/92b2/hdl/axi_register_slice_v2_1_vl_rfs.v:1492]
INFO: [Synth 8-6155] done synthesizing module 'axi_register_slice_v2_1_31_axic_register_slice__parameterized10' (0#1) [c:/Users/qijin/Documents/MEng_ZYBO/hdmi_driver/Zybo-Z7-HW/Zybo-Z7-HW.gen/sources_1/bd/design_1/ipshared/92b2/hdl/axi_register_slice_v2_1_vl_rfs.v:1492]
INFO: [Synth 8-6157] synthesizing module 'axi_register_slice_v2_1_31_axic_register_slice__parameterized11' [c:/Users/qijin/Documents/MEng_ZYBO/hdmi_driver/Zybo-Z7-HW/Zybo-Z7-HW.gen/sources_1/bd/design_1/ipshared/92b2/hdl/axi_register_slice_v2_1_vl_rfs.v:1492]
INFO: [Synth 8-6155] done synthesizing module 'axi_register_slice_v2_1_31_axic_register_slice__parameterized11' (0#1) [c:/Users/qijin/Documents/MEng_ZYBO/hdmi_driver/Zybo-Z7-HW/Zybo-Z7-HW.gen/sources_1/bd/design_1/ipshared/92b2/hdl/axi_register_slice_v2_1_vl_rfs.v:1492]
INFO: [Synth 8-6155] done synthesizing module 'axi_register_slice_v2_1_31_axi_register_slice__parameterized1' (0#1) [c:/Users/qijin/Documents/MEng_ZYBO/hdmi_driver/Zybo-Z7-HW/Zybo-Z7-HW.gen/sources_1/bd/design_1/ipshared/92b2/hdl/axi_register_slice_v2_1_vl_rfs.v:3718]
INFO: [Synth 8-6155] done synthesizing module 'design_1_m00_regslice_0' (0#1) [c:/Users/qijin/Documents/MEng_ZYBO/hdmi_driver/Zybo-Z7-HW/Zybo-Z7-HW.gen/sources_1/bd/design_1/ip/design_1_m00_regslice_0/synth/design_1_m00_regslice_0.v:53]
INFO: [Synth 8-6155] done synthesizing module 'm00_couplers_imp_17E8JHA' (0#1) [c:/Users/qijin/Documents/MEng_ZYBO/hdmi_driver/Zybo-Z7-HW/Zybo-Z7-HW.gen/sources_1/bd/design_1/synth/design_1.v:2467]
INFO: [Synth 8-6157] synthesizing module 's00_couplers_imp_S4BDUK' [c:/Users/qijin/Documents/MEng_ZYBO/hdmi_driver/Zybo-Z7-HW/Zybo-Z7-HW.gen/sources_1/bd/design_1/synth/design_1.v:3993]
INFO: [Synth 8-6157] synthesizing module 'design_1_s00_regslice_0' [c:/Users/qijin/Documents/MEng_ZYBO/hdmi_driver/Zybo-Z7-HW/Zybo-Z7-HW.gen/sources_1/bd/design_1/ip/design_1_s00_regslice_0/synth/design_1_s00_regslice_0.v:53]
INFO: [Synth 8-6157] synthesizing module 'axi_register_slice_v2_1_31_axi_register_slice__parameterized2' [c:/Users/qijin/Documents/MEng_ZYBO/hdmi_driver/Zybo-Z7-HW/Zybo-Z7-HW.gen/sources_1/bd/design_1/ipshared/92b2/hdl/axi_register_slice_v2_1_vl_rfs.v:3718]
INFO: [Synth 8-6157] synthesizing module 'axi_infrastructure_v1_1_0_axi2vector__parameterized2' [c:/Users/qijin/Documents/MEng_ZYBO/hdmi_driver/Zybo-Z7-HW/Zybo-Z7-HW.gen/sources_1/bd/design_1/ipshared/ec67/hdl/axi_infrastructure_v1_1_vl_rfs.v:59]
INFO: [Synth 8-6155] done synthesizing module 'axi_infrastructure_v1_1_0_axi2vector__parameterized2' (0#1) [c:/Users/qijin/Documents/MEng_ZYBO/hdmi_driver/Zybo-Z7-HW/Zybo-Z7-HW.gen/sources_1/bd/design_1/ipshared/ec67/hdl/axi_infrastructure_v1_1_vl_rfs.v:59]
INFO: [Synth 8-6157] synthesizing module 'axi_infrastructure_v1_1_0_vector2axi__parameterized2' [c:/Users/qijin/Documents/MEng_ZYBO/hdmi_driver/Zybo-Z7-HW/Zybo-Z7-HW.gen/sources_1/bd/design_1/ipshared/ec67/hdl/axi_infrastructure_v1_1_vl_rfs.v:473]
INFO: [Synth 8-6155] done synthesizing module 'axi_infrastructure_v1_1_0_vector2axi__parameterized2' (0#1) [c:/Users/qijin/Documents/MEng_ZYBO/hdmi_driver/Zybo-Z7-HW/Zybo-Z7-HW.gen/sources_1/bd/design_1/ipshared/ec67/hdl/axi_infrastructure_v1_1_vl_rfs.v:473]
INFO: [Synth 8-6157] synthesizing module 'axi_register_slice_v2_1_31_axic_register_slice__parameterized12' [c:/Users/qijin/Documents/MEng_ZYBO/hdmi_driver/Zybo-Z7-HW/Zybo-Z7-HW.gen/sources_1/bd/design_1/ipshared/92b2/hdl/axi_register_slice_v2_1_vl_rfs.v:1492]
INFO: [Synth 8-6155] done synthesizing module 'axi_register_slice_v2_1_31_axic_register_slice__parameterized12' (0#1) [c:/Users/qijin/Documents/MEng_ZYBO/hdmi_driver/Zybo-Z7-HW/Zybo-Z7-HW.gen/sources_1/bd/design_1/ipshared/92b2/hdl/axi_register_slice_v2_1_vl_rfs.v:1492]
INFO: [Synth 8-6157] synthesizing module 'axi_register_slice_v2_1_31_axic_register_slice__parameterized13' [c:/Users/qijin/Documents/MEng_ZYBO/hdmi_driver/Zybo-Z7-HW/Zybo-Z7-HW.gen/sources_1/bd/design_1/ipshared/92b2/hdl/axi_register_slice_v2_1_vl_rfs.v:1492]
INFO: [Synth 8-6155] done synthesizing module 'axi_register_slice_v2_1_31_axic_register_slice__parameterized13' (0#1) [c:/Users/qijin/Documents/MEng_ZYBO/hdmi_driver/Zybo-Z7-HW/Zybo-Z7-HW.gen/sources_1/bd/design_1/ipshared/92b2/hdl/axi_register_slice_v2_1_vl_rfs.v:1492]
INFO: [Synth 8-6157] synthesizing module 'axi_register_slice_v2_1_31_axic_register_slice__parameterized14' [c:/Users/qijin/Documents/MEng_ZYBO/hdmi_driver/Zybo-Z7-HW/Zybo-Z7-HW.gen/sources_1/bd/design_1/ipshared/92b2/hdl/axi_register_slice_v2_1_vl_rfs.v:1492]
INFO: [Synth 8-6155] done synthesizing module 'axi_register_slice_v2_1_31_axic_register_slice__parameterized14' (0#1) [c:/Users/qijin/Documents/MEng_ZYBO/hdmi_driver/Zybo-Z7-HW/Zybo-Z7-HW.gen/sources_1/bd/design_1/ipshared/92b2/hdl/axi_register_slice_v2_1_vl_rfs.v:1492]
INFO: [Synth 8-6157] synthesizing module 'axi_register_slice_v2_1_31_axic_register_slice__parameterized15' [c:/Users/qijin/Documents/MEng_ZYBO/hdmi_driver/Zybo-Z7-HW/Zybo-Z7-HW.gen/sources_1/bd/design_1/ipshared/92b2/hdl/axi_register_slice_v2_1_vl_rfs.v:1492]
INFO: [Synth 8-6155] done synthesizing module 'axi_register_slice_v2_1_31_axic_register_slice__parameterized15' (0#1) [c:/Users/qijin/Documents/MEng_ZYBO/hdmi_driver/Zybo-Z7-HW/Zybo-Z7-HW.gen/sources_1/bd/design_1/ipshared/92b2/hdl/axi_register_slice_v2_1_vl_rfs.v:1492]
INFO: [Synth 8-6155] done synthesizing module 'axi_register_slice_v2_1_31_axi_register_slice__parameterized2' (0#1) [c:/Users/qijin/Documents/MEng_ZYBO/hdmi_driver/Zybo-Z7-HW/Zybo-Z7-HW.gen/sources_1/bd/design_1/ipshared/92b2/hdl/axi_register_slice_v2_1_vl_rfs.v:3718]
INFO: [Synth 8-6155] done synthesizing module 'design_1_s00_regslice_0' (0#1) [c:/Users/qijin/Documents/MEng_ZYBO/hdmi_driver/Zybo-Z7-HW/Zybo-Z7-HW.gen/sources_1/bd/design_1/ip/design_1_s00_regslice_0/synth/design_1_s00_regslice_0.v:53]
WARNING: [Synth 8-7071] port 'm_axi_arregion' of module 'design_1_s00_regslice_0' is unconnected for instance 's00_regslice' [c:/Users/qijin/Documents/MEng_ZYBO/hdmi_driver/Zybo-Z7-HW/Zybo-Z7-HW.gen/sources_1/bd/design_1/synth/design_1.v:4120]
WARNING: [Synth 8-7023] instance 's00_regslice' of module 'design_1_s00_regslice_0' has 34 connections declared, but only 33 given [c:/Users/qijin/Documents/MEng_ZYBO/hdmi_driver/Zybo-Z7-HW/Zybo-Z7-HW.gen/sources_1/bd/design_1/synth/design_1.v:4120]
INFO: [Synth 8-6155] done synthesizing module 's00_couplers_imp_S4BDUK' (0#1) [c:/Users/qijin/Documents/MEng_ZYBO/hdmi_driver/Zybo-Z7-HW/Zybo-Z7-HW.gen/sources_1/bd/design_1/synth/design_1.v:3993]
INFO: [Synth 8-6157] synthesizing module 's01_couplers_imp_12AUBLP' [c:/Users/qijin/Documents/MEng_ZYBO/hdmi_driver/Zybo-Z7-HW/Zybo-Z7-HW.gen/sources_1/bd/design_1/synth/design_1.v:4156]
INFO: [Synth 8-6157] synthesizing module 'design_1_s01_regslice_0' [c:/Users/qijin/Documents/MEng_ZYBO/hdmi_driver/Zybo-Z7-HW/Zybo-Z7-HW.gen/sources_1/bd/design_1/ip/design_1_s01_regslice_0/synth/design_1_s01_regslice_0.v:53]
INFO: [Synth 8-6157] synthesizing module 'axi_register_slice_v2_1_31_axi_register_slice__parameterized3' [c:/Users/qijin/Documents/MEng_ZYBO/hdmi_driver/Zybo-Z7-HW/Zybo-Z7-HW.gen/sources_1/bd/design_1/ipshared/92b2/hdl/axi_register_slice_v2_1_vl_rfs.v:3718]
INFO: [Synth 8-6157] synthesizing module 'axi_register_slice_v2_1_31_axic_register_slice__parameterized16' [c:/Users/qijin/Documents/MEng_ZYBO/hdmi_driver/Zybo-Z7-HW/Zybo-Z7-HW.gen/sources_1/bd/design_1/ipshared/92b2/hdl/axi_register_slice_v2_1_vl_rfs.v:1492]
INFO: [Synth 8-6155] done synthesizing module 'axi_register_slice_v2_1_31_axic_register_slice__parameterized16' (0#1) [c:/Users/qijin/Documents/MEng_ZYBO/hdmi_driver/Zybo-Z7-HW/Zybo-Z7-HW.gen/sources_1/bd/design_1/ipshared/92b2/hdl/axi_register_slice_v2_1_vl_rfs.v:1492]
INFO: [Synth 8-6157] synthesizing module 'axi_register_slice_v2_1_31_axic_register_slice__parameterized17' [c:/Users/qijin/Documents/MEng_ZYBO/hdmi_driver/Zybo-Z7-HW/Zybo-Z7-HW.gen/sources_1/bd/design_1/ipshared/92b2/hdl/axi_register_slice_v2_1_vl_rfs.v:1492]
INFO: [Synth 8-6155] done synthesizing module 'axi_register_slice_v2_1_31_axic_register_slice__parameterized17' (0#1) [c:/Users/qijin/Documents/MEng_ZYBO/hdmi_driver/Zybo-Z7-HW/Zybo-Z7-HW.gen/sources_1/bd/design_1/ipshared/92b2/hdl/axi_register_slice_v2_1_vl_rfs.v:1492]
INFO: [Synth 8-6155] done synthesizing module 'axi_register_slice_v2_1_31_axi_register_slice__parameterized3' (0#1) [c:/Users/qijin/Documents/MEng_ZYBO/hdmi_driver/Zybo-Z7-HW/Zybo-Z7-HW.gen/sources_1/bd/design_1/ipshared/92b2/hdl/axi_register_slice_v2_1_vl_rfs.v:3718]
INFO: [Synth 8-6155] done synthesizing module 'design_1_s01_regslice_0' (0#1) [c:/Users/qijin/Documents/MEng_ZYBO/hdmi_driver/Zybo-Z7-HW/Zybo-Z7-HW.gen/sources_1/bd/design_1/ip/design_1_s01_regslice_0/synth/design_1_s01_regslice_0.v:53]
WARNING: [Synth 8-7071] port 'm_axi_awregion' of module 'design_1_s01_regslice_0' is unconnected for instance 's01_regslice' [c:/Users/qijin/Documents/MEng_ZYBO/hdmi_driver/Zybo-Z7-HW/Zybo-Z7-HW.gen/sources_1/bd/design_1/synth/design_1.v:4307]
WARNING: [Synth 8-7023] instance 's01_regslice' of module 'design_1_s01_regslice_0' has 40 connections declared, but only 39 given [c:/Users/qijin/Documents/MEng_ZYBO/hdmi_driver/Zybo-Z7-HW/Zybo-Z7-HW.gen/sources_1/bd/design_1/synth/design_1.v:4307]
INFO: [Synth 8-6155] done synthesizing module 's01_couplers_imp_12AUBLP' (0#1) [c:/Users/qijin/Documents/MEng_ZYBO/hdmi_driver/Zybo-Z7-HW/Zybo-Z7-HW.gen/sources_1/bd/design_1/synth/design_1.v:4156]
INFO: [Synth 8-6157] synthesizing module 'design_1_xbar_3' [c:/Users/qijin/Documents/MEng_ZYBO/hdmi_driver/Zybo-Z7-HW/Zybo-Z7-HW.gen/sources_1/bd/design_1/ip/design_1_xbar_3/synth/design_1_xbar_3.v:53]
INFO: [Synth 8-6157] synthesizing module 'axi_crossbar_v2_1_32_axi_crossbar__parameterized0' [c:/Users/qijin/Documents/MEng_ZYBO/hdmi_driver/Zybo-Z7-HW/Zybo-Z7-HW.gen/sources_1/bd/design_1/ipshared/e9d8/hdl/axi_crossbar_v2_1_vl_rfs.v:4871]
INFO: [Synth 8-6157] synthesizing module 'axi_crossbar_v2_1_32_crossbar' [c:/Users/qijin/Documents/MEng_ZYBO/hdmi_driver/Zybo-Z7-HW/Zybo-Z7-HW.gen/sources_1/bd/design_1/ipshared/e9d8/hdl/axi_crossbar_v2_1_vl_rfs.v:2232]
INFO: [Synth 8-6157] synthesizing module 'axi_crossbar_v2_1_32_si_transactor' [c:/Users/qijin/Documents/MEng_ZYBO/hdmi_driver/Zybo-Z7-HW/Zybo-Z7-HW.gen/sources_1/bd/design_1/ipshared/e9d8/hdl/axi_crossbar_v2_1_vl_rfs.v:3791]
INFO: [Synth 8-6157] synthesizing module 'axi_crossbar_v2_1_32_addr_decoder__parameterized0' [c:/Users/qijin/Documents/MEng_ZYBO/hdmi_driver/Zybo-Z7-HW/Zybo-Z7-HW.gen/sources_1/bd/design_1/ipshared/e9d8/hdl/axi_crossbar_v2_1_vl_rfs.v:790]
INFO: [Synth 8-6157] synthesizing module 'generic_baseblocks_v2_1_2_comparator_static__parameterized3' [c:/Users/qijin/Documents/MEng_ZYBO/hdmi_driver/Zybo-Z7-HW/Zybo-Z7-HW.gen/sources_1/bd/design_1/ipshared/0c28/hdl/generic_baseblocks_v2_1_vl_rfs.v:2119]
INFO: [Common 17-14] Message 'Synth 8-6157' appears 100 times and further instances of the messages will be disabled. Use the Tcl command set_msg_config to change the current settings.
INFO: [Synth 8-6155] done synthesizing module 'generic_baseblocks_v2_1_2_comparator_static__parameterized3' (0#1) [c:/Users/qijin/Documents/MEng_ZYBO/hdmi_driver/Zybo-Z7-HW/Zybo-Z7-HW.gen/sources_1/bd/design_1/ipshared/0c28/hdl/generic_baseblocks_v2_1_vl_rfs.v:2119]
INFO: [Synth 8-6155] done synthesizing module 'axi_crossbar_v2_1_32_addr_decoder__parameterized0' (0#1) [c:/Users/qijin/Documents/MEng_ZYBO/hdmi_driver/Zybo-Z7-HW/Zybo-Z7-HW.gen/sources_1/bd/design_1/ipshared/e9d8/hdl/axi_crossbar_v2_1_vl_rfs.v:790]
INFO: [Synth 8-6155] done synthesizing module 'SRLC32E' (0#1) [D:/xilinx/Vivado/2024.1/scripts/rt/data/unisim_comp.v:137412]
INFO: [Synth 8-6155] done synthesizing module 'axi_data_fifo_v2_1_30_ndeep_srl' (0#1) [c:/Users/qijin/Documents/MEng_ZYBO/hdmi_driver/Zybo-Z7-HW/Zybo-Z7-HW.gen/sources_1/bd/design_1/ipshared/9692/hdl/axi_data_fifo_v2_1_vl_rfs.v:1129]
INFO: [Synth 8-6155] done synthesizing module 'axi_data_fifo_v2_1_30_axic_srl_fifo' (0#1) [c:/Users/qijin/Documents/MEng_ZYBO/hdmi_driver/Zybo-Z7-HW/Zybo-Z7-HW.gen/sources_1/bd/design_1/ipshared/9692/hdl/axi_data_fifo_v2_1_vl_rfs.v:694]
INFO: [Synth 8-6155] done synthesizing module 'generic_baseblocks_v2_1_2_mux_enc__parameterized3' (0#1) [c:/Users/qijin/Documents/MEng_ZYBO/hdmi_driver/Zybo-Z7-HW/Zybo-Z7-HW.gen/sources_1/bd/design_1/ipshared/0c28/hdl/generic_baseblocks_v2_1_vl_rfs.v:2436]
INFO: [Synth 8-6155] done synthesizing module 'axi_crossbar_v2_1_32_si_transactor' (0#1) [c:/Users/qijin/Documents/MEng_ZYBO/hdmi_driver/Zybo-Z7-HW/Zybo-Z7-HW.gen/sources_1/bd/design_1/ipshared/e9d8/hdl/axi_crossbar_v2_1_vl_rfs.v:3791]
INFO: [Synth 8-6155] done synthesizing module 'generic_baseblocks_v2_1_2_mux_enc__parameterized4' (0#1) [c:/Users/qijin/Documents/MEng_ZYBO/hdmi_driver/Zybo-Z7-HW/Zybo-Z7-HW.gen/sources_1/bd/design_1/ipshared/0c28/hdl/generic_baseblocks_v2_1_vl_rfs.v:2436]
INFO: [Synth 8-6155] done synthesizing module 'axi_crossbar_v2_1_32_si_transactor__parameterized0' (0#1) [c:/Users/qijin/Documents/MEng_ZYBO/hdmi_driver/Zybo-Z7-HW/Zybo-Z7-HW.gen/sources_1/bd/design_1/ipshared/e9d8/hdl/axi_crossbar_v2_1_vl_rfs.v:3791]
INFO: [Common 17-14] Message 'Synth 8-6155' appears 100 times and further instances of the messages will be disabled. Use the Tcl command set_msg_config to change the current settings.
INFO: [Synth 8-155] case statement is not full and has no default [c:/Users/qijin/Documents/MEng_ZYBO/hdmi_driver/Zybo-Z7-HW/Zybo-Z7-HW.gen/sources_1/bd/design_1/ipshared/9692/hdl/axi_data_fifo_v2_1_vl_rfs.v:982]
INFO: [Synth 8-155] case statement is not full and has no default [c:/Users/qijin/Documents/MEng_ZYBO/hdmi_driver/Zybo-Z7-HW/Zybo-Z7-HW.gen/sources_1/bd/design_1/ipshared/9692/hdl/axi_data_fifo_v2_1_vl_rfs.v:982]
WARNING: [Synth 8-7071] port 'aclk2x' of module 'axi_register_slice_v2_1_31_axi_register_slice' is unconnected for instance 'reg_slice_mi' [c:/Users/qijin/Documents/MEng_ZYBO/hdmi_driver/Zybo-Z7-HW/Zybo-Z7-HW.gen/sources_1/bd/design_1/ipshared/e9d8/hdl/axi_crossbar_v2_1_vl_rfs.v:3116]
WARNING: [Synth 8-7023] instance 'reg_slice_mi' of module 'axi_register_slice_v2_1_31_axi_register_slice' has 93 connections declared, but only 92 given [c:/Users/qijin/Documents/MEng_ZYBO/hdmi_driver/Zybo-Z7-HW/Zybo-Z7-HW.gen/sources_1/bd/design_1/ipshared/e9d8/hdl/axi_crossbar_v2_1_vl_rfs.v:3116]
INFO: [Synth 8-155] case statement is not full and has no default [c:/Users/qijin/Documents/MEng_ZYBO/hdmi_driver/Zybo-Z7-HW/Zybo-Z7-HW.gen/sources_1/bd/design_1/ipshared/9692/hdl/axi_data_fifo_v2_1_vl_rfs.v:982]
WARNING: [Synth 8-7071] port 'aclk2x' of module 'axi_register_slice_v2_1_31_axi_register_slice' is unconnected for instance 'reg_slice_mi' [c:/Users/qijin/Documents/MEng_ZYBO/hdmi_driver/Zybo-Z7-HW/Zybo-Z7-HW.gen/sources_1/bd/design_1/ipshared/e9d8/hdl/axi_crossbar_v2_1_vl_rfs.v:3116]
WARNING: [Synth 8-7023] instance 'reg_slice_mi' of module 'axi_register_slice_v2_1_31_axi_register_slice' has 93 connections declared, but only 92 given [c:/Users/qijin/Documents/MEng_ZYBO/hdmi_driver/Zybo-Z7-HW/Zybo-Z7-HW.gen/sources_1/bd/design_1/ipshared/e9d8/hdl/axi_crossbar_v2_1_vl_rfs.v:3116]
INFO: [Synth 8-155] case statement is not full and has no default [c:/Users/qijin/Documents/MEng_ZYBO/hdmi_driver/Zybo-Z7-HW/Zybo-Z7-HW.gen/sources_1/bd/design_1/ipshared/e9d8/hdl/axi_crossbar_v2_1_vl_rfs.v:3626]
WARNING: [Synth 8-689] width (1) of port connection 's_axi_arready' does not match port width (2) of module 'design_1_xbar_3' [c:/Users/qijin/Documents/MEng_ZYBO/hdmi_driver/Zybo-Z7-HW/Zybo-Z7-HW.gen/sources_1/bd/design_1/synth/design_1.v:2438]
WARNING: [Synth 8-689] width (64) of port connection 's_axi_rdata' does not match port width (128) of module 'design_1_xbar_3' [c:/Users/qijin/Documents/MEng_ZYBO/hdmi_driver/Zybo-Z7-HW/Zybo-Z7-HW.gen/sources_1/bd/design_1/synth/design_1.v:2455]
WARNING: [Synth 8-689] width (1) of port connection 's_axi_rlast' does not match port width (2) of module 'design_1_xbar_3' [c:/Users/qijin/Documents/MEng_ZYBO/hdmi_driver/Zybo-Z7-HW/Zybo-Z7-HW.gen/sources_1/bd/design_1/synth/design_1.v:2456]
WARNING: [Synth 8-689] width (2) of port connection 's_axi_rresp' does not match port width (4) of module 'design_1_xbar_3' [c:/Users/qijin/Documents/MEng_ZYBO/hdmi_driver/Zybo-Z7-HW/Zybo-Z7-HW.gen/sources_1/bd/design_1/synth/design_1.v:2458]
WARNING: [Synth 8-689] width (1) of port connection 's_axi_rvalid' does not match port width (2) of module 'design_1_xbar_3' [c:/Users/qijin/Documents/MEng_ZYBO/hdmi_driver/Zybo-Z7-HW/Zybo-Z7-HW.gen/sources_1/bd/design_1/synth/design_1.v:2459]
WARNING: [Synth 8-7071] port 's_axi_bid' of module 'design_1_xbar_3' is unconnected for instance 'xbar' [c:/Users/qijin/Documents/MEng_ZYBO/hdmi_driver/Zybo-Z7-HW/Zybo-Z7-HW.gen/sources_1/bd/design_1/synth/design_1.v:2388]
WARNING: [Synth 8-7071] port 's_axi_rid' of module 'design_1_xbar_3' is unconnected for instance 'xbar' [c:/Users/qijin/Documents/MEng_ZYBO/hdmi_driver/Zybo-Z7-HW/Zybo-Z7-HW.gen/sources_1/bd/design_1/synth/design_1.v:2388]
WARNING: [Synth 8-7023] instance 'xbar' of module 'design_1_xbar_3' has 78 connections declared, but only 76 given [c:/Users/qijin/Documents/MEng_ZYBO/hdmi_driver/Zybo-Z7-HW/Zybo-Z7-HW.gen/sources_1/bd/design_1/synth/design_1.v:2388]
INFO: [Synth 8-638] synthesizing module 'design_1_axi_vdma_0_0' [c:/Users/qijin/Documents/MEng_ZYBO/hdmi_driver/Zybo-Z7-HW/Zybo-Z7-HW.gen/sources_1/bd/design_1/ip/design_1_axi_vdma_0_0/synth/design_1_axi_vdma_0_0.vhd:131]
	Parameter C_S_AXI_LITE_ADDR_WIDTH bound to: 9 - type: integer 
	Parameter C_S_AXI_LITE_DATA_WIDTH bound to: 32 - type: integer 
	Parameter C_DLYTMR_RESOLUTION bound to: 125 - type: integer 
	Parameter C_PRMRY_IS_ACLK_ASYNC bound to: 0 - type: integer 
	Parameter C_ENABLE_VIDPRMTR_READS bound to: 1 - type: integer 
	Parameter C_DYNAMIC_RESOLUTION bound to: 1 - type: integer 
	Parameter C_NUM_FSTORES bound to: 4 - type: integer 
	Parameter C_USE_FSYNC bound to: 1 - type: integer 
	Parameter C_USE_MM2S_FSYNC bound to: 0 - type: integer 
	Parameter C_USE_S2MM_FSYNC bound to: 2 - type: integer 
	Parameter C_FLUSH_ON_FSYNC bound to: 1 - type: integer 
	Parameter C_INCLUDE_INTERNAL_GENLOCK bound to: 1 - type: integer 
	Parameter C_INCLUDE_SG bound to: 0 - type: integer 
	Parameter C_M_AXI_SG_ADDR_WIDTH bound to: 32 - type: integer 
	Parameter C_M_AXI_SG_DATA_WIDTH bound to: 32 - type: integer 
	Parameter C_INCLUDE_MM2S bound to: 1 - type: integer 
	Parameter C_MM2S_GENLOCK_MODE bound to: 3 - type: integer 
	Parameter C_MM2S_GENLOCK_NUM_MASTERS bound to: 1 - type: integer 
	Parameter C_MM2S_GENLOCK_REPEAT_EN bound to: 0 - type: integer 
	Parameter C_MM2S_SOF_ENABLE bound to: 1 - type: integer 
	Parameter C_INCLUDE_MM2S_DRE bound to: 0 - type: integer 
	Parameter C_INCLUDE_MM2S_SF bound to: 0 - type: integer 
	Parameter C_MM2S_LINEBUFFER_DEPTH bound to: 2048 - type: integer 
	Parameter C_MM2S_LINEBUFFER_THRESH bound to: 4 - type: integer 
	Parameter C_MM2S_MAX_BURST_LENGTH bound to: 32 - type: integer 
	Parameter C_M_AXI_MM2S_ADDR_WIDTH bound to: 32 - type: integer 
	Parameter C_M_AXI_MM2S_DATA_WIDTH bound to: 64 - type: integer 
	Parameter C_M_AXIS_MM2S_TDATA_WIDTH bound to: 24 - type: integer 
	Parameter C_M_AXIS_MM2S_TUSER_BITS bound to: 1 - type: integer 
	Parameter C_INCLUDE_S2MM bound to: 1 - type: integer 
	Parameter C_S2MM_GENLOCK_MODE bound to: 2 - type: integer 
	Parameter C_S2MM_GENLOCK_NUM_MASTERS bound to: 1 - type: integer 
	Parameter C_S2MM_GENLOCK_REPEAT_EN bound to: 1 - type: integer 
	Parameter C_S2MM_SOF_ENABLE bound to: 1 - type: integer 
	Parameter C_INCLUDE_S2MM_DRE bound to: 0 - type: integer 
	Parameter C_INCLUDE_S2MM_SF bound to: 1 - type: integer 
	Parameter C_S2MM_LINEBUFFER_DEPTH bound to: 2048 - type: integer 
	Parameter C_S2MM_LINEBUFFER_THRESH bound to: 4 - type: integer 
	Parameter C_S2MM_MAX_BURST_LENGTH bound to: 32 - type: integer 
	Parameter C_M_AXI_S2MM_ADDR_WIDTH bound to: 32 - type: integer 
	Parameter C_M_AXI_S2MM_DATA_WIDTH bound to: 64 - type: integer 
	Parameter C_S_AXIS_S2MM_TDATA_WIDTH bound to: 24 - type: integer 
	Parameter C_S_AXIS_S2MM_TUSER_BITS bound to: 1 - type: integer 
	Parameter C_ENABLE_DEBUG_ALL bound to: 0 - type: integer 
	Parameter C_ENABLE_DEBUG_INFO_0 bound to: 0 - type: integer 
	Parameter C_ENABLE_DEBUG_INFO_1 bound to: 0 - type: integer 
	Parameter C_ENABLE_DEBUG_INFO_2 bound to: 0 - type: integer 
	Parameter C_ENABLE_DEBUG_INFO_3 bound to: 0 - type: integer 
	Parameter C_ENABLE_DEBUG_INFO_4 bound to: 0 - type: integer 
	Parameter C_ENABLE_DEBUG_INFO_5 bound to: 0 - type: integer 
	Parameter C_ENABLE_DEBUG_INFO_6 bound to: 1 - type: integer 
	Parameter C_ENABLE_DEBUG_INFO_7 bound to: 1 - type: integer 
	Parameter C_ENABLE_DEBUG_INFO_8 bound to: 0 - type: integer 
	Parameter C_ENABLE_DEBUG_INFO_9 bound to: 0 - type: integer 
	Parameter C_ENABLE_DEBUG_INFO_10 bound to: 0 - type: integer 
	Parameter C_ENABLE_DEBUG_INFO_11 bound to: 0 - type: integer 
	Parameter C_ENABLE_DEBUG_INFO_12 bound to: 0 - type: integer 
	Parameter C_ENABLE_DEBUG_INFO_13 bound to: 0 - type: integer 
	Parameter C_ENABLE_DEBUG_INFO_14 bound to: 1 - type: integer 
	Parameter C_ENABLE_DEBUG_INFO_15 bound to: 1 - type: integer 
	Parameter C_INSTANCE bound to: axi_vdma - type: string 
	Parameter C_SELECT_XPM bound to: 0 - type: integer 
	Parameter C_ENABLE_VERT_FLIP bound to: 0 - type: integer 
	Parameter C_FAMILY bound to: zynq - type: string 
INFO: [Synth 8-3491] module 'axi_vdma' declared at 'c:/Users/qijin/Documents/MEng_ZYBO/hdmi_driver/Zybo-Z7-HW/Zybo-Z7-HW.gen/sources_1/bd/design_1/ipshared/a4a8/hdl/axi_vdma_v6_3_rfs.vhd:69125' bound to instance 'U0' of component 'axi_vdma' [c:/Users/qijin/Documents/MEng_ZYBO/hdmi_driver/Zybo-Z7-HW/Zybo-Z7-HW.gen/sources_1/bd/design_1/ip/design_1_axi_vdma_0_0/synth/design_1_axi_vdma_0_0.vhd:395]
INFO: [Synth 8-638] synthesizing module 'axi_vdma' [c:/Users/qijin/Documents/MEng_ZYBO/hdmi_driver/Zybo-Z7-HW/Zybo-Z7-HW.gen/sources_1/bd/design_1/ipshared/a4a8/hdl/axi_vdma_v6_3_rfs.vhd:69564]
INFO: [Synth 8-638] synthesizing module 'axi_vdma_rst_module' [c:/Users/qijin/Documents/MEng_ZYBO/hdmi_driver/Zybo-Z7-HW/Zybo-Z7-HW.gen/sources_1/bd/design_1/ipshared/a4a8/hdl/axi_vdma_v6_3_rfs.vhd:16322]
INFO: [Synth 8-638] synthesizing module 'axi_vdma_reset' [c:/Users/qijin/Documents/MEng_ZYBO/hdmi_driver/Zybo-Z7-HW/Zybo-Z7-HW.gen/sources_1/bd/design_1/ipshared/a4a8/hdl/axi_vdma_v6_3_rfs.vhd:14733]
INFO: [Synth 8-638] synthesizing module 'cdc_sync' [c:/Users/qijin/Documents/MEng_ZYBO/hdmi_driver/Zybo-Z7-HW/Zybo-Z7-HW.gen/sources_1/bd/design_1/ipshared/2a4f/hdl/lib_cdc_v1_0_rfs.vhd:106]
	Parameter INIT bound to: 1'b0 
INFO: [Synth 8-113] binding component instance 'REG_P_IN_cdc_from' to cell 'FDR' [c:/Users/qijin/Documents/MEng_ZYBO/hdmi_driver/Zybo-Z7-HW/Zybo-Z7-HW.gen/sources_1/bd/design_1/ipshared/2a4f/hdl/lib_cdc_v1_0_rfs.vhd:219]
	Parameter INIT bound to: 1'b0 
INFO: [Synth 8-113] binding component instance 'REG_P_IN2_cdc_to' to cell 'FDR' [c:/Users/qijin/Documents/MEng_ZYBO/hdmi_driver/Zybo-Z7-HW/Zybo-Z7-HW.gen/sources_1/bd/design_1/ipshared/2a4f/hdl/lib_cdc_v1_0_rfs.vhd:232]
	Parameter INIT bound to: 1'b0 
INFO: [Synth 8-113] binding component instance 'P_IN_CROSS2SCNDRY_s_out_d2' to cell 'FDR' [c:/Users/qijin/Documents/MEng_ZYBO/hdmi_driver/Zybo-Z7-HW/Zybo-Z7-HW.gen/sources_1/bd/design_1/ipshared/2a4f/hdl/lib_cdc_v1_0_rfs.vhd:269]
	Parameter INIT bound to: 1'b0 
INFO: [Synth 8-113] binding component instance 'P_IN_CROSS2SCNDRY_s_out_d3' to cell 'FDR' [c:/Users/qijin/Documents/MEng_ZYBO/hdmi_driver/Zybo-Z7-HW/Zybo-Z7-HW.gen/sources_1/bd/design_1/ipshared/2a4f/hdl/lib_cdc_v1_0_rfs.vhd:279]
	Parameter INIT bound to: 1'b0 
INFO: [Synth 8-113] binding component instance 'P_IN_CROSS2SCNDRY_s_out_d4' to cell 'FDR' [c:/Users/qijin/Documents/MEng_ZYBO/hdmi_driver/Zybo-Z7-HW/Zybo-Z7-HW.gen/sources_1/bd/design_1/ipshared/2a4f/hdl/lib_cdc_v1_0_rfs.vhd:289]
	Parameter INIT bound to: 1'b0 
INFO: [Synth 8-113] binding component instance 'P_IN_CROSS2SCNDRY_s_out_d5' to cell 'FDR' [c:/Users/qijin/Documents/MEng_ZYBO/hdmi_driver/Zybo-Z7-HW/Zybo-Z7-HW.gen/sources_1/bd/design_1/ipshared/2a4f/hdl/lib_cdc_v1_0_rfs.vhd:299]
	Parameter INIT bound to: 1'b0 
INFO: [Synth 8-113] binding component instance 'P_IN_CROSS2SCNDRY_s_out_d6' to cell 'FDR' [c:/Users/qijin/Documents/MEng_ZYBO/hdmi_driver/Zybo-Z7-HW/Zybo-Z7-HW.gen/sources_1/bd/design_1/ipshared/2a4f/hdl/lib_cdc_v1_0_rfs.vhd:309]
	Parameter INIT bound to: 1'b0 
INFO: [Synth 8-113] binding component instance 'P_IN_CROSS2SCNDRY_s_out_d7' to cell 'FDR' [c:/Users/qijin/Documents/MEng_ZYBO/hdmi_driver/Zybo-Z7-HW/Zybo-Z7-HW.gen/sources_1/bd/design_1/ipshared/2a4f/hdl/lib_cdc_v1_0_rfs.vhd:320]
	Parameter INIT bound to: 1'b0 
INFO: [Synth 8-113] binding component instance 'P_IN_CROSS2SCNDRY_scndry_out' to cell 'FDR' [c:/Users/qijin/Documents/MEng_ZYBO/hdmi_driver/Zybo-Z7-HW/Zybo-Z7-HW.gen/sources_1/bd/design_1/ipshared/2a4f/hdl/lib_cdc_v1_0_rfs.vhd:330]
	Parameter INIT bound to: 1'b0 
INFO: [Synth 8-113] binding component instance 's_rst_d1' to cell 'FDR' [c:/Users/qijin/Documents/MEng_ZYBO/hdmi_driver/Zybo-Z7-HW/Zybo-Z7-HW.gen/sources_1/bd/design_1/ipshared/2a4f/hdl/lib_cdc_v1_0_rfs.vhd:339]
	Parameter INIT bound to: 1'b0 
INFO: [Synth 8-113] binding component instance 's_rst_d2' to cell 'FDR' [c:/Users/qijin/Documents/MEng_ZYBO/hdmi_driver/Zybo-Z7-HW/Zybo-Z7-HW.gen/sources_1/bd/design_1/ipshared/2a4f/hdl/lib_cdc_v1_0_rfs.vhd:347]
	Parameter INIT bound to: 1'b0 
INFO: [Synth 8-113] binding component instance 's_rst_d3' to cell 'FDR' [c:/Users/qijin/Documents/MEng_ZYBO/hdmi_driver/Zybo-Z7-HW/Zybo-Z7-HW.gen/sources_1/bd/design_1/ipshared/2a4f/hdl/lib_cdc_v1_0_rfs.vhd:355]
	Parameter INIT bound to: 1'b0 
INFO: [Synth 8-113] binding component instance 's_rst_d4' to cell 'FDR' [c:/Users/qijin/Documents/MEng_ZYBO/hdmi_driver/Zybo-Z7-HW/Zybo-Z7-HW.gen/sources_1/bd/design_1/ipshared/2a4f/hdl/lib_cdc_v1_0_rfs.vhd:364]
	Parameter INIT bound to: 1'b0 
INFO: [Synth 8-113] binding component instance 's_rst_d5' to cell 'FDR' [c:/Users/qijin/Documents/MEng_ZYBO/hdmi_driver/Zybo-Z7-HW/Zybo-Z7-HW.gen/sources_1/bd/design_1/ipshared/2a4f/hdl/lib_cdc_v1_0_rfs.vhd:374]
	Parameter INIT bound to: 1'b0 
INFO: [Synth 8-113] binding component instance 's_rst_d6' to cell 'FDR' [c:/Users/qijin/Documents/MEng_ZYBO/hdmi_driver/Zybo-Z7-HW/Zybo-Z7-HW.gen/sources_1/bd/design_1/ipshared/2a4f/hdl/lib_cdc_v1_0_rfs.vhd:383]
	Parameter INIT bound to: 1'b0 
INFO: [Synth 8-113] binding component instance 's_rst_d7' to cell 'FDR' [c:/Users/qijin/Documents/MEng_ZYBO/hdmi_driver/Zybo-Z7-HW/Zybo-Z7-HW.gen/sources_1/bd/design_1/ipshared/2a4f/hdl/lib_cdc_v1_0_rfs.vhd:392]
INFO: [Synth 8-256] done synthesizing module 'cdc_sync' (0#1) [c:/Users/qijin/Documents/MEng_ZYBO/hdmi_driver/Zybo-Z7-HW/Zybo-Z7-HW.gen/sources_1/bd/design_1/ipshared/2a4f/hdl/lib_cdc_v1_0_rfs.vhd:106]
INFO: [Synth 8-638] synthesizing module 'cdc_sync__parameterized0' [c:/Users/qijin/Documents/MEng_ZYBO/hdmi_driver/Zybo-Z7-HW/Zybo-Z7-HW.gen/sources_1/bd/design_1/ipshared/2a4f/hdl/lib_cdc_v1_0_rfs.vhd:106]
	Parameter INIT bound to: 1'b0 
INFO: [Synth 8-113] binding component instance 'REG_PLEVEL_IN_cdc_from' to cell 'FDR' [c:/Users/qijin/Documents/MEng_ZYBO/hdmi_driver/Zybo-Z7-HW/Zybo-Z7-HW.gen/sources_1/bd/design_1/ipshared/2a4f/hdl/lib_cdc_v1_0_rfs.vhd:491]
	Parameter INIT bound to: 1'b0 
INFO: [Synth 8-113] binding component instance 'CROSS_PLEVEL_IN2SCNDRY_IN_cdc_to' to cell 'FDR' [c:/Users/qijin/Documents/MEng_ZYBO/hdmi_driver/Zybo-Z7-HW/Zybo-Z7-HW.gen/sources_1/bd/design_1/ipshared/2a4f/hdl/lib_cdc_v1_0_rfs.vhd:514]
	Parameter INIT bound to: 1'b0 
INFO: [Synth 8-113] binding component instance 'CROSS_PLEVEL_IN2SCNDRY_s_level_out_d2' to cell 'FDR' [c:/Users/qijin/Documents/MEng_ZYBO/hdmi_driver/Zybo-Z7-HW/Zybo-Z7-HW.gen/sources_1/bd/design_1/ipshared/2a4f/hdl/lib_cdc_v1_0_rfs.vhd:545]
	Parameter INIT bound to: 1'b0 
INFO: [Synth 8-113] binding component instance 'CROSS_PLEVEL_IN2SCNDRY_s_level_out_d3' to cell 'FDR' [c:/Users/qijin/Documents/MEng_ZYBO/hdmi_driver/Zybo-Z7-HW/Zybo-Z7-HW.gen/sources_1/bd/design_1/ipshared/2a4f/hdl/lib_cdc_v1_0_rfs.vhd:554]
	Parameter INIT bound to: 1'b0 
INFO: [Synth 8-113] binding component instance 'CROSS_PLEVEL_IN2SCNDRY_s_level_out_d4' to cell 'FDR' [c:/Users/qijin/Documents/MEng_ZYBO/hdmi_driver/Zybo-Z7-HW/Zybo-Z7-HW.gen/sources_1/bd/design_1/ipshared/2a4f/hdl/lib_cdc_v1_0_rfs.vhd:564]
	Parameter INIT bound to: 1'b0 
INFO: [Synth 8-113] binding component instance 'CROSS_PLEVEL_IN2SCNDRY_s_level_out_d5' to cell 'FDR' [c:/Users/qijin/Documents/MEng_ZYBO/hdmi_driver/Zybo-Z7-HW/Zybo-Z7-HW.gen/sources_1/bd/design_1/ipshared/2a4f/hdl/lib_cdc_v1_0_rfs.vhd:574]
	Parameter INIT bound to: 1'b0 
INFO: [Synth 8-113] binding component instance 'CROSS_PLEVEL_IN2SCNDRY_s_level_out_d6' to cell 'FDR' [c:/Users/qijin/Documents/MEng_ZYBO/hdmi_driver/Zybo-Z7-HW/Zybo-Z7-HW.gen/sources_1/bd/design_1/ipshared/2a4f/hdl/lib_cdc_v1_0_rfs.vhd:584]
INFO: [Synth 8-256] done synthesizing module 'cdc_sync__parameterized0' (0#1) [c:/Users/qijin/Documents/MEng_ZYBO/hdmi_driver/Zybo-Z7-HW/Zybo-Z7-HW.gen/sources_1/bd/design_1/ipshared/2a4f/hdl/lib_cdc_v1_0_rfs.vhd:106]
INFO: [Synth 8-256] done synthesizing module 'axi_vdma_reset' (0#1) [c:/Users/qijin/Documents/MEng_ZYBO/hdmi_driver/Zybo-Z7-HW/Zybo-Z7-HW.gen/sources_1/bd/design_1/ipshared/a4a8/hdl/axi_vdma_v6_3_rfs.vhd:14733]
INFO: [Synth 8-256] done synthesizing module 'axi_vdma_rst_module' (0#1) [c:/Users/qijin/Documents/MEng_ZYBO/hdmi_driver/Zybo-Z7-HW/Zybo-Z7-HW.gen/sources_1/bd/design_1/ipshared/a4a8/hdl/axi_vdma_v6_3_rfs.vhd:16322]
INFO: [Synth 8-638] synthesizing module 'axi_vdma_reg_if' [c:/Users/qijin/Documents/MEng_ZYBO/hdmi_driver/Zybo-Z7-HW/Zybo-Z7-HW.gen/sources_1/bd/design_1/ipshared/a4a8/hdl/axi_vdma_v6_3_rfs.vhd:39742]
INFO: [Synth 8-638] synthesizing module 'axi_vdma_lite_if' [c:/Users/qijin/Documents/MEng_ZYBO/hdmi_driver/Zybo-Z7-HW/Zybo-Z7-HW.gen/sources_1/bd/design_1/ipshared/a4a8/hdl/axi_vdma_v6_3_rfs.vhd:16811]
INFO: [Synth 8-638] synthesizing module 'cdc_sync__parameterized1' [c:/Users/qijin/Documents/MEng_ZYBO/hdmi_driver/Zybo-Z7-HW/Zybo-Z7-HW.gen/sources_1/bd/design_1/ipshared/2a4f/hdl/lib_cdc_v1_0_rfs.vhd:106]
	Parameter INIT bound to: 1'b0 
INFO: [Synth 8-113] binding component instance 'REG_P_IN_cdc_from' to cell 'FDR' [c:/Users/qijin/Documents/MEng_ZYBO/hdmi_driver/Zybo-Z7-HW/Zybo-Z7-HW.gen/sources_1/bd/design_1/ipshared/2a4f/hdl/lib_cdc_v1_0_rfs.vhd:219]
	Parameter INIT bound to: 1'b0 
INFO: [Synth 8-113] binding component instance 'REG_P_IN2_cdc_to' to cell 'FDR' [c:/Users/qijin/Documents/MEng_ZYBO/hdmi_driver/Zybo-Z7-HW/Zybo-Z7-HW.gen/sources_1/bd/design_1/ipshared/2a4f/hdl/lib_cdc_v1_0_rfs.vhd:232]
	Parameter INIT bound to: 1'b0 
INFO: [Synth 8-113] binding component instance 'P_IN_CROSS2SCNDRY_s_out_d2' to cell 'FDR' [c:/Users/qijin/Documents/MEng_ZYBO/hdmi_driver/Zybo-Z7-HW/Zybo-Z7-HW.gen/sources_1/bd/design_1/ipshared/2a4f/hdl/lib_cdc_v1_0_rfs.vhd:269]
	Parameter INIT bound to: 1'b0 
INFO: [Synth 8-113] binding component instance 'P_IN_CROSS2SCNDRY_s_out_d3' to cell 'FDR' [c:/Users/qijin/Documents/MEng_ZYBO/hdmi_driver/Zybo-Z7-HW/Zybo-Z7-HW.gen/sources_1/bd/design_1/ipshared/2a4f/hdl/lib_cdc_v1_0_rfs.vhd:279]
	Parameter INIT bound to: 1'b0 
INFO: [Synth 8-113] binding component instance 'P_IN_CROSS2SCNDRY_s_out_d4' to cell 'FDR' [c:/Users/qijin/Documents/MEng_ZYBO/hdmi_driver/Zybo-Z7-HW/Zybo-Z7-HW.gen/sources_1/bd/design_1/ipshared/2a4f/hdl/lib_cdc_v1_0_rfs.vhd:289]
	Parameter INIT bound to: 1'b0 
INFO: [Synth 8-113] binding component instance 'P_IN_CROSS2SCNDRY_s_out_d5' to cell 'FDR' [c:/Users/qijin/Documents/MEng_ZYBO/hdmi_driver/Zybo-Z7-HW/Zybo-Z7-HW.gen/sources_1/bd/design_1/ipshared/2a4f/hdl/lib_cdc_v1_0_rfs.vhd:299]
	Parameter INIT bound to: 1'b0 
INFO: [Synth 8-113] binding component instance 'P_IN_CROSS2SCNDRY_s_out_d6' to cell 'FDR' [c:/Users/qijin/Documents/MEng_ZYBO/hdmi_driver/Zybo-Z7-HW/Zybo-Z7-HW.gen/sources_1/bd/design_1/ipshared/2a4f/hdl/lib_cdc_v1_0_rfs.vhd:309]
	Parameter INIT bound to: 1'b0 
INFO: [Synth 8-113] binding component instance 'P_IN_CROSS2SCNDRY_s_out_d7' to cell 'FDR' [c:/Users/qijin/Documents/MEng_ZYBO/hdmi_driver/Zybo-Z7-HW/Zybo-Z7-HW.gen/sources_1/bd/design_1/ipshared/2a4f/hdl/lib_cdc_v1_0_rfs.vhd:320]
	Parameter INIT bound to: 1'b0 
INFO: [Synth 8-113] binding component instance 'P_IN_CROSS2SCNDRY_scndry_out' to cell 'FDR' [c:/Users/qijin/Documents/MEng_ZYBO/hdmi_driver/Zybo-Z7-HW/Zybo-Z7-HW.gen/sources_1/bd/design_1/ipshared/2a4f/hdl/lib_cdc_v1_0_rfs.vhd:330]
	Parameter INIT bound to: 1'b0 
INFO: [Synth 8-113] binding component instance 's_rst_d1' to cell 'FDR' [c:/Users/qijin/Documents/MEng_ZYBO/hdmi_driver/Zybo-Z7-HW/Zybo-Z7-HW.gen/sources_1/bd/design_1/ipshared/2a4f/hdl/lib_cdc_v1_0_rfs.vhd:339]
	Parameter INIT bound to: 1'b0 
INFO: [Synth 8-113] binding component instance 's_rst_d2' to cell 'FDR' [c:/Users/qijin/Documents/MEng_ZYBO/hdmi_driver/Zybo-Z7-HW/Zybo-Z7-HW.gen/sources_1/bd/design_1/ipshared/2a4f/hdl/lib_cdc_v1_0_rfs.vhd:347]
	Parameter INIT bound to: 1'b0 
INFO: [Synth 8-113] binding component instance 's_rst_d3' to cell 'FDR' [c:/Users/qijin/Documents/MEng_ZYBO/hdmi_driver/Zybo-Z7-HW/Zybo-Z7-HW.gen/sources_1/bd/design_1/ipshared/2a4f/hdl/lib_cdc_v1_0_rfs.vhd:355]
	Parameter INIT bound to: 1'b0 
INFO: [Synth 8-113] binding component instance 's_rst_d4' to cell 'FDR' [c:/Users/qijin/Documents/MEng_ZYBO/hdmi_driver/Zybo-Z7-HW/Zybo-Z7-HW.gen/sources_1/bd/design_1/ipshared/2a4f/hdl/lib_cdc_v1_0_rfs.vhd:364]
	Parameter INIT bound to: 1'b0 
INFO: [Synth 8-113] binding component instance 's_rst_d5' to cell 'FDR' [c:/Users/qijin/Documents/MEng_ZYBO/hdmi_driver/Zybo-Z7-HW/Zybo-Z7-HW.gen/sources_1/bd/design_1/ipshared/2a4f/hdl/lib_cdc_v1_0_rfs.vhd:374]
	Parameter INIT bound to: 1'b0 
INFO: [Synth 8-113] binding component instance 's_rst_d6' to cell 'FDR' [c:/Users/qijin/Documents/MEng_ZYBO/hdmi_driver/Zybo-Z7-HW/Zybo-Z7-HW.gen/sources_1/bd/design_1/ipshared/2a4f/hdl/lib_cdc_v1_0_rfs.vhd:383]
	Parameter INIT bound to: 1'b0 
INFO: [Synth 8-113] binding component instance 's_rst_d7' to cell 'FDR' [c:/Users/qijin/Documents/MEng_ZYBO/hdmi_driver/Zybo-Z7-HW/Zybo-Z7-HW.gen/sources_1/bd/design_1/ipshared/2a4f/hdl/lib_cdc_v1_0_rfs.vhd:392]
INFO: [Synth 8-256] done synthesizing module 'cdc_sync__parameterized1' (0#1) [c:/Users/qijin/Documents/MEng_ZYBO/hdmi_driver/Zybo-Z7-HW/Zybo-Z7-HW.gen/sources_1/bd/design_1/ipshared/2a4f/hdl/lib_cdc_v1_0_rfs.vhd:106]
INFO: [Synth 8-256] done synthesizing module 'axi_vdma_lite_if' (0#1) [c:/Users/qijin/Documents/MEng_ZYBO/hdmi_driver/Zybo-Z7-HW/Zybo-Z7-HW.gen/sources_1/bd/design_1/ipshared/a4a8/hdl/axi_vdma_v6_3_rfs.vhd:16811]
INFO: [Synth 8-638] synthesizing module 'cdc_sync__parameterized2' [c:/Users/qijin/Documents/MEng_ZYBO/hdmi_driver/Zybo-Z7-HW/Zybo-Z7-HW.gen/sources_1/bd/design_1/ipshared/2a4f/hdl/lib_cdc_v1_0_rfs.vhd:106]
	Parameter INIT bound to: 1'b0 
INFO: [Synth 8-113] binding component instance 'REG_PLEVEL_IN_cdc_from' to cell 'FDR' [c:/Users/qijin/Documents/MEng_ZYBO/hdmi_driver/Zybo-Z7-HW/Zybo-Z7-HW.gen/sources_1/bd/design_1/ipshared/2a4f/hdl/lib_cdc_v1_0_rfs.vhd:491]
	Parameter INIT bound to: 1'b0 
INFO: [Synth 8-113] binding component instance 'CROSS_PLEVEL_IN2SCNDRY_IN_cdc_to' to cell 'FDR' [c:/Users/qijin/Documents/MEng_ZYBO/hdmi_driver/Zybo-Z7-HW/Zybo-Z7-HW.gen/sources_1/bd/design_1/ipshared/2a4f/hdl/lib_cdc_v1_0_rfs.vhd:514]
	Parameter INIT bound to: 1'b0 
INFO: [Synth 8-113] binding component instance 'CROSS_PLEVEL_IN2SCNDRY_s_level_out_d2' to cell 'FDR' [c:/Users/qijin/Documents/MEng_ZYBO/hdmi_driver/Zybo-Z7-HW/Zybo-Z7-HW.gen/sources_1/bd/design_1/ipshared/2a4f/hdl/lib_cdc_v1_0_rfs.vhd:545]
	Parameter INIT bound to: 1'b0 
INFO: [Synth 8-113] binding component instance 'CROSS_PLEVEL_IN2SCNDRY_s_level_out_d3' to cell 'FDR' [c:/Users/qijin/Documents/MEng_ZYBO/hdmi_driver/Zybo-Z7-HW/Zybo-Z7-HW.gen/sources_1/bd/design_1/ipshared/2a4f/hdl/lib_cdc_v1_0_rfs.vhd:554]
	Parameter INIT bound to: 1'b0 
INFO: [Synth 8-113] binding component instance 'CROSS_PLEVEL_IN2SCNDRY_s_level_out_d4' to cell 'FDR' [c:/Users/qijin/Documents/MEng_ZYBO/hdmi_driver/Zybo-Z7-HW/Zybo-Z7-HW.gen/sources_1/bd/design_1/ipshared/2a4f/hdl/lib_cdc_v1_0_rfs.vhd:564]
	Parameter INIT bound to: 1'b0 
INFO: [Synth 8-113] binding component instance 'CROSS_PLEVEL_IN2SCNDRY_s_level_out_d5' to cell 'FDR' [c:/Users/qijin/Documents/MEng_ZYBO/hdmi_driver/Zybo-Z7-HW/Zybo-Z7-HW.gen/sources_1/bd/design_1/ipshared/2a4f/hdl/lib_cdc_v1_0_rfs.vhd:574]
	Parameter INIT bound to: 1'b0 
INFO: [Synth 8-113] binding component instance 'CROSS_PLEVEL_IN2SCNDRY_s_level_out_d6' to cell 'FDR' [c:/Users/qijin/Documents/MEng_ZYBO/hdmi_driver/Zybo-Z7-HW/Zybo-Z7-HW.gen/sources_1/bd/design_1/ipshared/2a4f/hdl/lib_cdc_v1_0_rfs.vhd:584]
INFO: [Synth 8-256] done synthesizing module 'cdc_sync__parameterized2' (0#1) [c:/Users/qijin/Documents/MEng_ZYBO/hdmi_driver/Zybo-Z7-HW/Zybo-Z7-HW.gen/sources_1/bd/design_1/ipshared/2a4f/hdl/lib_cdc_v1_0_rfs.vhd:106]
INFO: [Synth 8-256] done synthesizing module 'axi_vdma_reg_if' (0#1) [c:/Users/qijin/Documents/MEng_ZYBO/hdmi_driver/Zybo-Z7-HW/Zybo-Z7-HW.gen/sources_1/bd/design_1/ipshared/a4a8/hdl/axi_vdma_v6_3_rfs.vhd:39742]
INFO: [Synth 8-638] synthesizing module 'axi_vdma_intrpt' [c:/Users/qijin/Documents/MEng_ZYBO/hdmi_driver/Zybo-Z7-HW/Zybo-Z7-HW.gen/sources_1/bd/design_1/ipshared/a4a8/hdl/axi_vdma_v6_3_rfs.vhd:40462]
INFO: [Synth 8-256] done synthesizing module 'axi_vdma_intrpt' (0#1) [c:/Users/qijin/Documents/MEng_ZYBO/hdmi_driver/Zybo-Z7-HW/Zybo-Z7-HW.gen/sources_1/bd/design_1/ipshared/a4a8/hdl/axi_vdma_v6_3_rfs.vhd:40462]
INFO: [Synth 8-638] synthesizing module 'axi_vdma_mm2s_axis_dwidth_converter' [c:/Users/qijin/Documents/MEng_ZYBO/hdmi_driver/Zybo-Z7-HW/Zybo-Z7-HW.gen/sources_1/bd/design_1/ipshared/a4a8/hdl/axi_vdma_v6_3_rfs.vhd:68265]
	Parameter C_S_AXIS_TDATA_WIDTH bound to: 32 - type: integer 
	Parameter C_M_AXIS_TDATA_WIDTH bound to: 24 - type: integer 
	Parameter C_AXIS_TID_WIDTH bound to: 1 - type: integer 
	Parameter C_AXIS_TDEST_WIDTH bound to: 1 - type: integer 
	Parameter C_S_AXIS_TUSER_WIDTH bound to: 4 - type: integer 
	Parameter C_M_AXIS_TUSER_WIDTH bound to: 3 - type: integer 
	Parameter C_FAMILY bound to: zynq - type: string 
INFO: [Synth 8-3491] module 'axi_vdma_v6_3_19_axis_dwidth_converter_v1_0_axis_dwidth_converter' declared at 'c:/Users/qijin/Documents/MEng_ZYBO/hdmi_driver/Zybo-Z7-HW/Zybo-Z7-HW.gen/sources_1/bd/design_1/ipshared/a4a8/hdl/axi_vdma_v6_3_rfs.v:1930' bound to instance 'MM2S_AXIS_DWIDTH_CONVERTER_I' of component 'axi_vdma_v6_3_19_axis_dwidth_converter_v1_0_axis_dwidth_converter' [c:/Users/qijin/Documents/MEng_ZYBO/hdmi_driver/Zybo-Z7-HW/Zybo-Z7-HW.gen/sources_1/bd/design_1/ipshared/a4a8/hdl/axi_vdma_v6_3_rfs.vhd:68356]
INFO: [Synth 8-256] done synthesizing module 'axi_vdma_mm2s_axis_dwidth_converter' (0#1) [c:/Users/qijin/Documents/MEng_ZYBO/hdmi_driver/Zybo-Z7-HW/Zybo-Z7-HW.gen/sources_1/bd/design_1/ipshared/a4a8/hdl/axi_vdma_v6_3_rfs.vhd:68265]
INFO: [Synth 8-638] synthesizing module 'axi_vdma_reg_module' [c:/Users/qijin/Documents/MEng_ZYBO/hdmi_driver/Zybo-Z7-HW/Zybo-Z7-HW.gen/sources_1/bd/design_1/ipshared/a4a8/hdl/axi_vdma_v6_3_rfs.vhd:38902]
INFO: [Synth 8-638] synthesizing module 'axi_vdma_register' [c:/Users/qijin/Documents/MEng_ZYBO/hdmi_driver/Zybo-Z7-HW/Zybo-Z7-HW.gen/sources_1/bd/design_1/ipshared/a4a8/hdl/axi_vdma_v6_3_rfs.vhd:18566]
INFO: [Synth 8-256] done synthesizing module 'axi_vdma_register' (0#1) [c:/Users/qijin/Documents/MEng_ZYBO/hdmi_driver/Zybo-Z7-HW/Zybo-Z7-HW.gen/sources_1/bd/design_1/ipshared/a4a8/hdl/axi_vdma_v6_3_rfs.vhd:18566]
INFO: [Synth 8-638] synthesizing module 'axi_vdma_regdirect' [c:/Users/qijin/Documents/MEng_ZYBO/hdmi_driver/Zybo-Z7-HW/Zybo-Z7-HW.gen/sources_1/bd/design_1/ipshared/a4a8/hdl/axi_vdma_v6_3_rfs.vhd:20376]
INFO: [Synth 8-256] done synthesizing module 'axi_vdma_regdirect' (0#1) [c:/Users/qijin/Documents/MEng_ZYBO/hdmi_driver/Zybo-Z7-HW/Zybo-Z7-HW.gen/sources_1/bd/design_1/ipshared/a4a8/hdl/axi_vdma_v6_3_rfs.vhd:20376]
INFO: [Synth 8-638] synthesizing module 'axi_vdma_reg_mux' [c:/Users/qijin/Documents/MEng_ZYBO/hdmi_driver/Zybo-Z7-HW/Zybo-Z7-HW.gen/sources_1/bd/design_1/ipshared/a4a8/hdl/axi_vdma_v6_3_rfs.vhd:29433]
INFO: [Synth 8-256] done synthesizing module 'axi_vdma_reg_mux' (0#1) [c:/Users/qijin/Documents/MEng_ZYBO/hdmi_driver/Zybo-Z7-HW/Zybo-Z7-HW.gen/sources_1/bd/design_1/ipshared/a4a8/hdl/axi_vdma_v6_3_rfs.vhd:29433]
INFO: [Synth 8-256] done synthesizing module 'axi_vdma_reg_module' (0#1) [c:/Users/qijin/Documents/MEng_ZYBO/hdmi_driver/Zybo-Z7-HW/Zybo-Z7-HW.gen/sources_1/bd/design_1/ipshared/a4a8/hdl/axi_vdma_v6_3_rfs.vhd:38902]
INFO: [Synth 8-638] synthesizing module 'axi_vdma_mngr' [c:/Users/qijin/Documents/MEng_ZYBO/hdmi_driver/Zybo-Z7-HW/Zybo-Z7-HW.gen/sources_1/bd/design_1/ipshared/a4a8/hdl/axi_vdma_v6_3_rfs.vhd:63909]
INFO: [Synth 8-638] synthesizing module 'axi_vdma_sm' [c:/Users/qijin/Documents/MEng_ZYBO/hdmi_driver/Zybo-Z7-HW/Zybo-Z7-HW.gen/sources_1/bd/design_1/ipshared/a4a8/hdl/axi_vdma_v6_3_rfs.vhd:61588]
INFO: [Synth 8-256] done synthesizing module 'axi_vdma_sm' (0#1) [c:/Users/qijin/Documents/MEng_ZYBO/hdmi_driver/Zybo-Z7-HW/Zybo-Z7-HW.gen/sources_1/bd/design_1/ipshared/a4a8/hdl/axi_vdma_v6_3_rfs.vhd:61588]
INFO: [Synth 8-638] synthesizing module 'axi_vdma_cmdsts_if' [c:/Users/qijin/Documents/MEng_ZYBO/hdmi_driver/Zybo-Z7-HW/Zybo-Z7-HW.gen/sources_1/bd/design_1/ipshared/a4a8/hdl/axi_vdma_v6_3_rfs.vhd:62798]
INFO: [Synth 8-256] done synthesizing module 'axi_vdma_cmdsts_if' (0#1) [c:/Users/qijin/Documents/MEng_ZYBO/hdmi_driver/Zybo-Z7-HW/Zybo-Z7-HW.gen/sources_1/bd/design_1/ipshared/a4a8/hdl/axi_vdma_v6_3_rfs.vhd:62798]
INFO: [Synth 8-638] synthesizing module 'axi_vdma_sts_mngr' [c:/Users/qijin/Documents/MEng_ZYBO/hdmi_driver/Zybo-Z7-HW/Zybo-Z7-HW.gen/sources_1/bd/design_1/ipshared/a4a8/hdl/axi_vdma_v6_3_rfs.vhd:63299]
INFO: [Synth 8-256] done synthesizing module 'axi_vdma_sts_mngr' (0#1) [c:/Users/qijin/Documents/MEng_ZYBO/hdmi_driver/Zybo-Z7-HW/Zybo-Z7-HW.gen/sources_1/bd/design_1/ipshared/a4a8/hdl/axi_vdma_v6_3_rfs.vhd:63299]
INFO: [Synth 8-638] synthesizing module 'axi_vdma_vidreg_module' [c:/Users/qijin/Documents/MEng_ZYBO/hdmi_driver/Zybo-Z7-HW/Zybo-Z7-HW.gen/sources_1/bd/design_1/ipshared/a4a8/hdl/axi_vdma_v6_3_rfs.vhd:55802]
INFO: [Synth 8-638] synthesizing module 'axi_vdma_vregister' [c:/Users/qijin/Documents/MEng_ZYBO/hdmi_driver/Zybo-Z7-HW/Zybo-Z7-HW.gen/sources_1/bd/design_1/ipshared/a4a8/hdl/axi_vdma_v6_3_rfs.vhd:53718]
INFO: [Synth 8-256] done synthesizing module 'axi_vdma_vregister' (0#1) [c:/Users/qijin/Documents/MEng_ZYBO/hdmi_driver/Zybo-Z7-HW/Zybo-Z7-HW.gen/sources_1/bd/design_1/ipshared/a4a8/hdl/axi_vdma_v6_3_rfs.vhd:53718]
INFO: [Synth 8-638] synthesizing module 'axi_vdma_vaddrreg_mux' [c:/Users/qijin/Documents/MEng_ZYBO/hdmi_driver/Zybo-Z7-HW/Zybo-Z7-HW.gen/sources_1/bd/design_1/ipshared/a4a8/hdl/axi_vdma_v6_3_rfs.vhd:55291]
INFO: [Synth 8-256] done synthesizing module 'axi_vdma_vaddrreg_mux' (0#1) [c:/Users/qijin/Documents/MEng_ZYBO/hdmi_driver/Zybo-Z7-HW/Zybo-Z7-HW.gen/sources_1/bd/design_1/ipshared/a4a8/hdl/axi_vdma_v6_3_rfs.vhd:55291]
INFO: [Synth 8-256] done synthesizing module 'axi_vdma_vidreg_module' (0#1) [c:/Users/qijin/Documents/MEng_ZYBO/hdmi_driver/Zybo-Z7-HW/Zybo-Z7-HW.gen/sources_1/bd/design_1/ipshared/a4a8/hdl/axi_vdma_v6_3_rfs.vhd:55802]
INFO: [Synth 8-638] synthesizing module 'axi_vdma_genlock_mngr' [c:/Users/qijin/Documents/MEng_ZYBO/hdmi_driver/Zybo-Z7-HW/Zybo-Z7-HW.gen/sources_1/bd/design_1/ipshared/a4a8/hdl/axi_vdma_v6_3_rfs.vhd:58321]
INFO: [Synth 8-638] synthesizing module 'axi_vdma_genlock_mux' [c:/Users/qijin/Documents/MEng_ZYBO/hdmi_driver/Zybo-Z7-HW/Zybo-Z7-HW.gen/sources_1/bd/design_1/ipshared/a4a8/hdl/axi_vdma_v6_3_rfs.vhd:57071]
INFO: [Synth 8-256] done synthesizing module 'axi_vdma_genlock_mux' (0#1) [c:/Users/qijin/Documents/MEng_ZYBO/hdmi_driver/Zybo-Z7-HW/Zybo-Z7-HW.gen/sources_1/bd/design_1/ipshared/a4a8/hdl/axi_vdma_v6_3_rfs.vhd:57071]
INFO: [Synth 8-638] synthesizing module 'axi_vdma_greycoder' [c:/Users/qijin/Documents/MEng_ZYBO/hdmi_driver/Zybo-Z7-HW/Zybo-Z7-HW.gen/sources_1/bd/design_1/ipshared/a4a8/hdl/axi_vdma_v6_3_rfs.vhd:58040]
INFO: [Synth 8-256] done synthesizing module 'axi_vdma_greycoder' (0#1) [c:/Users/qijin/Documents/MEng_ZYBO/hdmi_driver/Zybo-Z7-HW/Zybo-Z7-HW.gen/sources_1/bd/design_1/ipshared/a4a8/hdl/axi_vdma_v6_3_rfs.vhd:58040]
INFO: [Synth 8-638] synthesizing module 'axi_vdma_greycoder__parameterized0' [c:/Users/qijin/Documents/MEng_ZYBO/hdmi_driver/Zybo-Z7-HW/Zybo-Z7-HW.gen/sources_1/bd/design_1/ipshared/a4a8/hdl/axi_vdma_v6_3_rfs.vhd:58040]
INFO: [Synth 8-256] done synthesizing module 'axi_vdma_greycoder__parameterized0' (0#1) [c:/Users/qijin/Documents/MEng_ZYBO/hdmi_driver/Zybo-Z7-HW/Zybo-Z7-HW.gen/sources_1/bd/design_1/ipshared/a4a8/hdl/axi_vdma_v6_3_rfs.vhd:58040]
INFO: [Synth 8-256] done synthesizing module 'axi_vdma_genlock_mngr' (0#1) [c:/Users/qijin/Documents/MEng_ZYBO/hdmi_driver/Zybo-Z7-HW/Zybo-Z7-HW.gen/sources_1/bd/design_1/ipshared/a4a8/hdl/axi_vdma_v6_3_rfs.vhd:58321]
INFO: [Synth 8-256] done synthesizing module 'axi_vdma_mngr' (0#1) [c:/Users/qijin/Documents/MEng_ZYBO/hdmi_driver/Zybo-Z7-HW/Zybo-Z7-HW.gen/sources_1/bd/design_1/ipshared/a4a8/hdl/axi_vdma_v6_3_rfs.vhd:63909]
INFO: [Synth 8-638] synthesizing module 'axi_vdma_fsync_gen' [c:/Users/qijin/Documents/MEng_ZYBO/hdmi_driver/Zybo-Z7-HW/Zybo-Z7-HW.gen/sources_1/bd/design_1/ipshared/a4a8/hdl/axi_vdma_v6_3_rfs.vhd:52853]
INFO: [Synth 8-256] done synthesizing module 'axi_vdma_fsync_gen' (0#1) [c:/Users/qijin/Documents/MEng_ZYBO/hdmi_driver/Zybo-Z7-HW/Zybo-Z7-HW.gen/sources_1/bd/design_1/ipshared/a4a8/hdl/axi_vdma_v6_3_rfs.vhd:52853]
INFO: [Synth 8-638] synthesizing module 'axi_vdma_vid_cdc' [c:/Users/qijin/Documents/MEng_ZYBO/hdmi_driver/Zybo-Z7-HW/Zybo-Z7-HW.gen/sources_1/bd/design_1/ipshared/a4a8/hdl/axi_vdma_v6_3_rfs.vhd:13132]
INFO: [Synth 8-256] done synthesizing module 'axi_vdma_vid_cdc' (0#1) [c:/Users/qijin/Documents/MEng_ZYBO/hdmi_driver/Zybo-Z7-HW/Zybo-Z7-HW.gen/sources_1/bd/design_1/ipshared/a4a8/hdl/axi_vdma_v6_3_rfs.vhd:13132]
INFO: [Synth 8-638] synthesizing module 'axi_vdma_sof_gen' [c:/Users/qijin/Documents/MEng_ZYBO/hdmi_driver/Zybo-Z7-HW/Zybo-Z7-HW.gen/sources_1/bd/design_1/ipshared/a4a8/hdl/axi_vdma_v6_3_rfs.vhd:41066]
INFO: [Synth 8-256] done synthesizing module 'axi_vdma_sof_gen' (0#1) [c:/Users/qijin/Documents/MEng_ZYBO/hdmi_driver/Zybo-Z7-HW/Zybo-Z7-HW.gen/sources_1/bd/design_1/ipshared/a4a8/hdl/axi_vdma_v6_3_rfs.vhd:41066]
INFO: [Synth 8-638] synthesizing module 'axi_vdma_mm2s_linebuf' [c:/Users/qijin/Documents/MEng_ZYBO/hdmi_driver/Zybo-Z7-HW/Zybo-Z7-HW.gen/sources_1/bd/design_1/ipshared/a4a8/hdl/axi_vdma_v6_3_rfs.vhd:46182]
INFO: [Synth 8-638] synthesizing module 'axi_vdma_sfifo' [c:/Users/qijin/Documents/MEng_ZYBO/hdmi_driver/Zybo-Z7-HW/Zybo-Z7-HW.gen/sources_1/bd/design_1/ipshared/a4a8/hdl/axi_vdma_v6_3_rfs.vhd:41858]
	Parameter FIFO_MEMORY_TYPE bound to: auto - type: string 
	Parameter FIFO_WRITE_DEPTH bound to: 2048 - type: integer 
	Parameter WRITE_DATA_WIDTH bound to: 38 - type: integer 
	Parameter READ_MODE bound to: fwft - type: string 
	Parameter FIFO_READ_LATENCY bound to: 0 - type: integer 
	Parameter FULL_RESET_VALUE bound to: 0 - type: integer 
	Parameter USE_ADV_FEATURES bound to: 1717 - type: string 
	Parameter READ_DATA_WIDTH bound to: 38 - type: integer 
	Parameter WR_DATA_COUNT_WIDTH bound to: 12 - type: integer 
	Parameter PROG_FULL_THRESH bound to: 10 - type: integer 
	Parameter RD_DATA_COUNT_WIDTH bound to: 12 - type: integer 
	Parameter PROG_EMPTY_THRESH bound to: 10 - type: integer 
	Parameter DOUT_RESET_VALUE bound to: 0 - type: string 
	Parameter ECC_MODE bound to: no_ecc - type: string 
	Parameter WAKEUP_TIME bound to: 0 - type: integer 
INFO: [Synth 8-3491] module 'xpm_fifo_sync' declared at 'D:/xilinx/Vivado/2024.1/data/ip/xpm/xpm_fifo/hdl/xpm_fifo.sv:1975' bound to instance 'xpm_fifo_sync_inst' of component 'xpm_fifo_sync' [c:/Users/qijin/Documents/MEng_ZYBO/hdmi_driver/Zybo-Z7-HW/Zybo-Z7-HW.gen/sources_1/bd/design_1/ipshared/a4a8/hdl/axi_vdma_v6_3_rfs.vhd:42065]
INFO: [Synth 8-6059] Synth Info: [XPM_MEMORY 20-1] MEMORY_PRIMITIVE (0) instructs Vivado Synthesis to choose the memory primitive type. Depending on their values, other XPM_MEMORY parameters may preclude the choice of certain memory primitive types. Review XPM_MEMORY documentation and parameter values to understand any limitations, or set MEMORY_PRIMITIVE to a different value.   [D:/xilinx/Vivado/2024.1/data/ip/xpm/xpm_memory/hdl/xpm_memory.sv:514]
INFO: [Synth 8-226] default block is never used [D:/xilinx/Vivado/2024.1/data/ip/xpm/xpm_fifo/hdl/xpm_fifo.sv:1220]
INFO: [Synth 8-226] default block is never used [D:/xilinx/Vivado/2024.1/data/ip/xpm/xpm_fifo/hdl/xpm_fifo.sv:1287]
INFO: [Synth 8-226] default block is never used [D:/xilinx/Vivado/2024.1/data/ip/xpm/xpm_fifo/hdl/xpm_fifo.sv:1309]
INFO: [Synth 8-256] done synthesizing module 'axi_vdma_sfifo' (0#1) [c:/Users/qijin/Documents/MEng_ZYBO/hdmi_driver/Zybo-Z7-HW/Zybo-Z7-HW.gen/sources_1/bd/design_1/ipshared/a4a8/hdl/axi_vdma_v6_3_rfs.vhd:41858]
INFO: [Synth 8-638] synthesizing module 'axi_vdma_skid_buf' [c:/Users/qijin/Documents/MEng_ZYBO/hdmi_driver/Zybo-Z7-HW/Zybo-Z7-HW.gen/sources_1/bd/design_1/ipshared/a4a8/hdl/axi_vdma_v6_3_rfs.vhd:41307]
INFO: [Synth 8-256] done synthesizing module 'axi_vdma_skid_buf' (0#1) [c:/Users/qijin/Documents/MEng_ZYBO/hdmi_driver/Zybo-Z7-HW/Zybo-Z7-HW.gen/sources_1/bd/design_1/ipshared/a4a8/hdl/axi_vdma_v6_3_rfs.vhd:41307]
INFO: [Synth 8-256] done synthesizing module 'axi_vdma_mm2s_linebuf' (0#1) [c:/Users/qijin/Documents/MEng_ZYBO/hdmi_driver/Zybo-Z7-HW/Zybo-Z7-HW.gen/sources_1/bd/design_1/ipshared/a4a8/hdl/axi_vdma_v6_3_rfs.vhd:46182]
INFO: [Synth 8-638] synthesizing module 'axi_vdma_skid_buf__parameterized0' [c:/Users/qijin/Documents/MEng_ZYBO/hdmi_driver/Zybo-Z7-HW/Zybo-Z7-HW.gen/sources_1/bd/design_1/ipshared/a4a8/hdl/axi_vdma_v6_3_rfs.vhd:41307]
INFO: [Synth 8-256] done synthesizing module 'axi_vdma_skid_buf__parameterized0' (0#1) [c:/Users/qijin/Documents/MEng_ZYBO/hdmi_driver/Zybo-Z7-HW/Zybo-Z7-HW.gen/sources_1/bd/design_1/ipshared/a4a8/hdl/axi_vdma_v6_3_rfs.vhd:41307]
INFO: [Synth 8-638] synthesizing module 'axi_vdma_s2mm_axis_dwidth_converter' [c:/Users/qijin/Documents/MEng_ZYBO/hdmi_driver/Zybo-Z7-HW/Zybo-Z7-HW.gen/sources_1/bd/design_1/ipshared/a4a8/hdl/axi_vdma_v6_3_rfs.vhd:68753]
	Parameter C_S_AXIS_TDATA_WIDTH bound to: 24 - type: integer 
	Parameter C_M_AXIS_TDATA_WIDTH bound to: 32 - type: integer 
	Parameter C_AXIS_TID_WIDTH bound to: 1 - type: integer 
	Parameter C_AXIS_TDEST_WIDTH bound to: 1 - type: integer 
	Parameter C_S_AXIS_TUSER_WIDTH bound to: 3 - type: integer 
	Parameter C_M_AXIS_TUSER_WIDTH bound to: 4 - type: integer 
	Parameter C_FAMILY bound to: zynq - type: string 
INFO: [Synth 8-3491] module 'axi_vdma_v6_3_19_axis_dwidth_converter_v1_0_axis_dwidth_converter' declared at 'c:/Users/qijin/Documents/MEng_ZYBO/hdmi_driver/Zybo-Z7-HW/Zybo-Z7-HW.gen/sources_1/bd/design_1/ipshared/a4a8/hdl/axi_vdma_v6_3_rfs.v:1930' bound to instance 'S2MM_AXIS_DWIDTH_CONVERTER_I' of component 'axi_vdma_v6_3_19_axis_dwidth_converter_v1_0_axis_dwidth_converter' [c:/Users/qijin/Documents/MEng_ZYBO/hdmi_driver/Zybo-Z7-HW/Zybo-Z7-HW.gen/sources_1/bd/design_1/ipshared/a4a8/hdl/axi_vdma_v6_3_rfs.vhd:68884]
INFO: [Synth 8-256] done synthesizing module 'axi_vdma_s2mm_axis_dwidth_converter' (0#1) [c:/Users/qijin/Documents/MEng_ZYBO/hdmi_driver/Zybo-Z7-HW/Zybo-Z7-HW.gen/sources_1/bd/design_1/ipshared/a4a8/hdl/axi_vdma_v6_3_rfs.vhd:68753]
INFO: [Synth 8-638] synthesizing module 'axi_vdma_reg_module__parameterized0' [c:/Users/qijin/Documents/MEng_ZYBO/hdmi_driver/Zybo-Z7-HW/Zybo-Z7-HW.gen/sources_1/bd/design_1/ipshared/a4a8/hdl/axi_vdma_v6_3_rfs.vhd:38902]
INFO: [Synth 8-638] synthesizing module 'axi_vdma_register__parameterized0' [c:/Users/qijin/Documents/MEng_ZYBO/hdmi_driver/Zybo-Z7-HW/Zybo-Z7-HW.gen/sources_1/bd/design_1/ipshared/a4a8/hdl/axi_vdma_v6_3_rfs.vhd:18566]
INFO: [Synth 8-256] done synthesizing module 'axi_vdma_register__parameterized0' (0#1) [c:/Users/qijin/Documents/MEng_ZYBO/hdmi_driver/Zybo-Z7-HW/Zybo-Z7-HW.gen/sources_1/bd/design_1/ipshared/a4a8/hdl/axi_vdma_v6_3_rfs.vhd:18566]
INFO: [Synth 8-638] synthesizing module 'axi_vdma_regdirect__parameterized0' [c:/Users/qijin/Documents/MEng_ZYBO/hdmi_driver/Zybo-Z7-HW/Zybo-Z7-HW.gen/sources_1/bd/design_1/ipshared/a4a8/hdl/axi_vdma_v6_3_rfs.vhd:20376]
INFO: [Synth 8-256] done synthesizing module 'axi_vdma_regdirect__parameterized0' (0#1) [c:/Users/qijin/Documents/MEng_ZYBO/hdmi_driver/Zybo-Z7-HW/Zybo-Z7-HW.gen/sources_1/bd/design_1/ipshared/a4a8/hdl/axi_vdma_v6_3_rfs.vhd:20376]
INFO: [Synth 8-638] synthesizing module 'axi_vdma_reg_mux__parameterized0' [c:/Users/qijin/Documents/MEng_ZYBO/hdmi_driver/Zybo-Z7-HW/Zybo-Z7-HW.gen/sources_1/bd/design_1/ipshared/a4a8/hdl/axi_vdma_v6_3_rfs.vhd:29433]
INFO: [Synth 8-256] done synthesizing module 'axi_vdma_reg_mux__parameterized0' (0#1) [c:/Users/qijin/Documents/MEng_ZYBO/hdmi_driver/Zybo-Z7-HW/Zybo-Z7-HW.gen/sources_1/bd/design_1/ipshared/a4a8/hdl/axi_vdma_v6_3_rfs.vhd:29433]
INFO: [Synth 8-256] done synthesizing module 'axi_vdma_reg_module__parameterized0' (0#1) [c:/Users/qijin/Documents/MEng_ZYBO/hdmi_driver/Zybo-Z7-HW/Zybo-Z7-HW.gen/sources_1/bd/design_1/ipshared/a4a8/hdl/axi_vdma_v6_3_rfs.vhd:38902]
INFO: [Synth 8-638] synthesizing module 'axi_vdma_mngr__parameterized0' [c:/Users/qijin/Documents/MEng_ZYBO/hdmi_driver/Zybo-Z7-HW/Zybo-Z7-HW.gen/sources_1/bd/design_1/ipshared/a4a8/hdl/axi_vdma_v6_3_rfs.vhd:63909]
INFO: [Synth 8-638] synthesizing module 'axi_vdma_sm__parameterized0' [c:/Users/qijin/Documents/MEng_ZYBO/hdmi_driver/Zybo-Z7-HW/Zybo-Z7-HW.gen/sources_1/bd/design_1/ipshared/a4a8/hdl/axi_vdma_v6_3_rfs.vhd:61588]
INFO: [Synth 8-256] done synthesizing module 'axi_vdma_sm__parameterized0' (0#1) [c:/Users/qijin/Documents/MEng_ZYBO/hdmi_driver/Zybo-Z7-HW/Zybo-Z7-HW.gen/sources_1/bd/design_1/ipshared/a4a8/hdl/axi_vdma_v6_3_rfs.vhd:61588]
INFO: [Synth 8-638] synthesizing module 'axi_vdma_cmdsts_if__parameterized0' [c:/Users/qijin/Documents/MEng_ZYBO/hdmi_driver/Zybo-Z7-HW/Zybo-Z7-HW.gen/sources_1/bd/design_1/ipshared/a4a8/hdl/axi_vdma_v6_3_rfs.vhd:62798]
INFO: [Synth 8-256] done synthesizing module 'axi_vdma_cmdsts_if__parameterized0' (0#1) [c:/Users/qijin/Documents/MEng_ZYBO/hdmi_driver/Zybo-Z7-HW/Zybo-Z7-HW.gen/sources_1/bd/design_1/ipshared/a4a8/hdl/axi_vdma_v6_3_rfs.vhd:62798]
INFO: [Synth 8-638] synthesizing module 'axi_vdma_genlock_mngr__parameterized0' [c:/Users/qijin/Documents/MEng_ZYBO/hdmi_driver/Zybo-Z7-HW/Zybo-Z7-HW.gen/sources_1/bd/design_1/ipshared/a4a8/hdl/axi_vdma_v6_3_rfs.vhd:58321]
INFO: [Synth 8-256] done synthesizing module 'axi_vdma_genlock_mngr__parameterized0' (0#1) [c:/Users/qijin/Documents/MEng_ZYBO/hdmi_driver/Zybo-Z7-HW/Zybo-Z7-HW.gen/sources_1/bd/design_1/ipshared/a4a8/hdl/axi_vdma_v6_3_rfs.vhd:58321]
INFO: [Synth 8-256] done synthesizing module 'axi_vdma_mngr__parameterized0' (0#1) [c:/Users/qijin/Documents/MEng_ZYBO/hdmi_driver/Zybo-Z7-HW/Zybo-Z7-HW.gen/sources_1/bd/design_1/ipshared/a4a8/hdl/axi_vdma_v6_3_rfs.vhd:63909]
INFO: [Synth 8-638] synthesizing module 'axi_vdma_fsync_gen__parameterized0' [c:/Users/qijin/Documents/MEng_ZYBO/hdmi_driver/Zybo-Z7-HW/Zybo-Z7-HW.gen/sources_1/bd/design_1/ipshared/a4a8/hdl/axi_vdma_v6_3_rfs.vhd:52853]
INFO: [Synth 8-256] done synthesizing module 'axi_vdma_fsync_gen__parameterized0' (0#1) [c:/Users/qijin/Documents/MEng_ZYBO/hdmi_driver/Zybo-Z7-HW/Zybo-Z7-HW.gen/sources_1/bd/design_1/ipshared/a4a8/hdl/axi_vdma_v6_3_rfs.vhd:52853]
INFO: [Synth 8-638] synthesizing module 'axi_vdma_s2mm_linebuf' [c:/Users/qijin/Documents/MEng_ZYBO/hdmi_driver/Zybo-Z7-HW/Zybo-Z7-HW.gen/sources_1/bd/design_1/ipshared/a4a8/hdl/axi_vdma_v6_3_rfs.vhd:49047]
INFO: [Synth 8-638] synthesizing module 'axi_vdma_sfifo__parameterized0' [c:/Users/qijin/Documents/MEng_ZYBO/hdmi_driver/Zybo-Z7-HW/Zybo-Z7-HW.gen/sources_1/bd/design_1/ipshared/a4a8/hdl/axi_vdma_v6_3_rfs.vhd:41858]
	Parameter FIFO_MEMORY_TYPE bound to: auto - type: string 
	Parameter FIFO_WRITE_DEPTH bound to: 2048 - type: integer 
	Parameter WRITE_DATA_WIDTH bound to: 37 - type: integer 
	Parameter READ_MODE bound to: fwft - type: string 
	Parameter FIFO_READ_LATENCY bound to: 0 - type: integer 
	Parameter FULL_RESET_VALUE bound to: 0 - type: integer 
	Parameter USE_ADV_FEATURES bound to: 1717 - type: string 
	Parameter READ_DATA_WIDTH bound to: 37 - type: integer 
	Parameter WR_DATA_COUNT_WIDTH bound to: 12 - type: integer 
	Parameter PROG_FULL_THRESH bound to: 10 - type: integer 
	Parameter RD_DATA_COUNT_WIDTH bound to: 12 - type: integer 
	Parameter PROG_EMPTY_THRESH bound to: 10 - type: integer 
	Parameter DOUT_RESET_VALUE bound to: 0 - type: string 
	Parameter ECC_MODE bound to: no_ecc - type: string 
	Parameter WAKEUP_TIME bound to: 0 - type: integer 
INFO: [Synth 8-3491] module 'xpm_fifo_sync' declared at 'D:/xilinx/Vivado/2024.1/data/ip/xpm/xpm_fifo/hdl/xpm_fifo.sv:1975' bound to instance 'xpm_fifo_sync_inst' of component 'xpm_fifo_sync' [c:/Users/qijin/Documents/MEng_ZYBO/hdmi_driver/Zybo-Z7-HW/Zybo-Z7-HW.gen/sources_1/bd/design_1/ipshared/a4a8/hdl/axi_vdma_v6_3_rfs.vhd:42065]
INFO: [Synth 8-6059] Synth Info: [XPM_MEMORY 20-1] MEMORY_PRIMITIVE (0) instructs Vivado Synthesis to choose the memory primitive type. Depending on their values, other XPM_MEMORY parameters may preclude the choice of certain memory primitive types. Review XPM_MEMORY documentation and parameter values to understand any limitations, or set MEMORY_PRIMITIVE to a different value.   [D:/xilinx/Vivado/2024.1/data/ip/xpm/xpm_memory/hdl/xpm_memory.sv:514]
INFO: [Synth 8-226] default block is never used [D:/xilinx/Vivado/2024.1/data/ip/xpm/xpm_fifo/hdl/xpm_fifo.sv:1220]
INFO: [Synth 8-226] default block is never used [D:/xilinx/Vivado/2024.1/data/ip/xpm/xpm_fifo/hdl/xpm_fifo.sv:1287]
INFO: [Synth 8-226] default block is never used [D:/xilinx/Vivado/2024.1/data/ip/xpm/xpm_fifo/hdl/xpm_fifo.sv:1309]
INFO: [Synth 8-256] done synthesizing module 'axi_vdma_sfifo__parameterized0' (0#1) [c:/Users/qijin/Documents/MEng_ZYBO/hdmi_driver/Zybo-Z7-HW/Zybo-Z7-HW.gen/sources_1/bd/design_1/ipshared/a4a8/hdl/axi_vdma_v6_3_rfs.vhd:41858]
INFO: [Synth 8-256] done synthesizing module 'axi_vdma_s2mm_linebuf' (0#1) [c:/Users/qijin/Documents/MEng_ZYBO/hdmi_driver/Zybo-Z7-HW/Zybo-Z7-HW.gen/sources_1/bd/design_1/ipshared/a4a8/hdl/axi_vdma_v6_3_rfs.vhd:49047]
INFO: [Synth 8-638] synthesizing module 'axi_datamover' [c:/Users/qijin/Documents/MEng_ZYBO/hdmi_driver/Zybo-Z7-HW/Zybo-Z7-HW.gen/sources_1/bd/design_1/ipshared/bf20/hdl/axi_datamover_v5_1_vh_rfs.vhd:55201]
INFO: [Synth 8-638] synthesizing module 'axi_datamover_mm2s_full_wrap' [c:/Users/qijin/Documents/MEng_ZYBO/hdmi_driver/Zybo-Z7-HW/Zybo-Z7-HW.gen/sources_1/bd/design_1/ipshared/bf20/hdl/axi_datamover_v5_1_vh_rfs.vhd:53340]
INFO: [Synth 8-638] synthesizing module 'axi_datamover_reset' [c:/Users/qijin/Documents/MEng_ZYBO/hdmi_driver/Zybo-Z7-HW/Zybo-Z7-HW.gen/sources_1/bd/design_1/ipshared/bf20/hdl/axi_datamover_v5_1_vh_rfs.vhd:147]
INFO: [Synth 8-256] done synthesizing module 'axi_datamover_reset' (0#1) [c:/Users/qijin/Documents/MEng_ZYBO/hdmi_driver/Zybo-Z7-HW/Zybo-Z7-HW.gen/sources_1/bd/design_1/ipshared/bf20/hdl/axi_datamover_v5_1_vh_rfs.vhd:147]
INFO: [Synth 8-638] synthesizing module 'axi_datamover_cmd_status' [c:/Users/qijin/Documents/MEng_ZYBO/hdmi_driver/Zybo-Z7-HW/Zybo-Z7-HW.gen/sources_1/bd/design_1/ipshared/bf20/hdl/axi_datamover_v5_1_vh_rfs.vhd:2665]
INFO: [Synth 8-638] synthesizing module 'axi_datamover_fifo' [c:/Users/qijin/Documents/MEng_ZYBO/hdmi_driver/Zybo-Z7-HW/Zybo-Z7-HW.gen/sources_1/bd/design_1/ipshared/bf20/hdl/axi_datamover_v5_1_vh_rfs.vhd:1859]
INFO: [Synth 8-638] synthesizing module 'srl_fifo_f' [c:/Users/qijin/Documents/MEng_ZYBO/hdmi_driver/Zybo-Z7-HW/Zybo-Z7-HW.gen/sources_1/bd/design_1/ipshared/1e5a/hdl/lib_srl_fifo_v1_0_rfs.vhd:777]
INFO: [Synth 8-638] synthesizing module 'srl_fifo_rbu_f' [c:/Users/qijin/Documents/MEng_ZYBO/hdmi_driver/Zybo-Z7-HW/Zybo-Z7-HW.gen/sources_1/bd/design_1/ipshared/1e5a/hdl/lib_srl_fifo_v1_0_rfs.vhd:538]
INFO: [Synth 8-638] synthesizing module 'cntr_incr_decr_addn_f' [c:/Users/qijin/Documents/MEng_ZYBO/hdmi_driver/Zybo-Z7-HW/Zybo-Z7-HW.gen/sources_1/bd/design_1/ipshared/1e5a/hdl/lib_srl_fifo_v1_0_rfs.vhd:134]
INFO: [Synth 8-256] done synthesizing module 'cntr_incr_decr_addn_f' (0#1) [c:/Users/qijin/Documents/MEng_ZYBO/hdmi_driver/Zybo-Z7-HW/Zybo-Z7-HW.gen/sources_1/bd/design_1/ipshared/1e5a/hdl/lib_srl_fifo_v1_0_rfs.vhd:134]
INFO: [Synth 8-638] synthesizing module 'dynshreg_f' [c:/Users/qijin/Documents/MEng_ZYBO/hdmi_driver/Zybo-Z7-HW/Zybo-Z7-HW.gen/sources_1/bd/design_1/ipshared/1e5a/hdl/lib_srl_fifo_v1_0_rfs.vhd:329]
INFO: [Synth 8-256] done synthesizing module 'dynshreg_f' (0#1) [c:/Users/qijin/Documents/MEng_ZYBO/hdmi_driver/Zybo-Z7-HW/Zybo-Z7-HW.gen/sources_1/bd/design_1/ipshared/1e5a/hdl/lib_srl_fifo_v1_0_rfs.vhd:329]
INFO: [Synth 8-256] done synthesizing module 'srl_fifo_rbu_f' (0#1) [c:/Users/qijin/Documents/MEng_ZYBO/hdmi_driver/Zybo-Z7-HW/Zybo-Z7-HW.gen/sources_1/bd/design_1/ipshared/1e5a/hdl/lib_srl_fifo_v1_0_rfs.vhd:538]
INFO: [Synth 8-256] done synthesizing module 'srl_fifo_f' (0#1) [c:/Users/qijin/Documents/MEng_ZYBO/hdmi_driver/Zybo-Z7-HW/Zybo-Z7-HW.gen/sources_1/bd/design_1/ipshared/1e5a/hdl/lib_srl_fifo_v1_0_rfs.vhd:777]
INFO: [Synth 8-256] done synthesizing module 'axi_datamover_fifo' (0#1) [c:/Users/qijin/Documents/MEng_ZYBO/hdmi_driver/Zybo-Z7-HW/Zybo-Z7-HW.gen/sources_1/bd/design_1/ipshared/bf20/hdl/axi_datamover_v5_1_vh_rfs.vhd:1859]
INFO: [Synth 8-638] synthesizing module 'axi_datamover_fifo__parameterized0' [c:/Users/qijin/Documents/MEng_ZYBO/hdmi_driver/Zybo-Z7-HW/Zybo-Z7-HW.gen/sources_1/bd/design_1/ipshared/bf20/hdl/axi_datamover_v5_1_vh_rfs.vhd:1859]
INFO: [Synth 8-638] synthesizing module 'srl_fifo_f__parameterized0' [c:/Users/qijin/Documents/MEng_ZYBO/hdmi_driver/Zybo-Z7-HW/Zybo-Z7-HW.gen/sources_1/bd/design_1/ipshared/1e5a/hdl/lib_srl_fifo_v1_0_rfs.vhd:777]
INFO: [Synth 8-638] synthesizing module 'srl_fifo_rbu_f__parameterized0' [c:/Users/qijin/Documents/MEng_ZYBO/hdmi_driver/Zybo-Z7-HW/Zybo-Z7-HW.gen/sources_1/bd/design_1/ipshared/1e5a/hdl/lib_srl_fifo_v1_0_rfs.vhd:538]
INFO: [Synth 8-638] synthesizing module 'dynshreg_f__parameterized0' [c:/Users/qijin/Documents/MEng_ZYBO/hdmi_driver/Zybo-Z7-HW/Zybo-Z7-HW.gen/sources_1/bd/design_1/ipshared/1e5a/hdl/lib_srl_fifo_v1_0_rfs.vhd:329]
INFO: [Synth 8-256] done synthesizing module 'dynshreg_f__parameterized0' (0#1) [c:/Users/qijin/Documents/MEng_ZYBO/hdmi_driver/Zybo-Z7-HW/Zybo-Z7-HW.gen/sources_1/bd/design_1/ipshared/1e5a/hdl/lib_srl_fifo_v1_0_rfs.vhd:329]
INFO: [Synth 8-256] done synthesizing module 'srl_fifo_rbu_f__parameterized0' (0#1) [c:/Users/qijin/Documents/MEng_ZYBO/hdmi_driver/Zybo-Z7-HW/Zybo-Z7-HW.gen/sources_1/bd/design_1/ipshared/1e5a/hdl/lib_srl_fifo_v1_0_rfs.vhd:538]
INFO: [Synth 8-256] done synthesizing module 'srl_fifo_f__parameterized0' (0#1) [c:/Users/qijin/Documents/MEng_ZYBO/hdmi_driver/Zybo-Z7-HW/Zybo-Z7-HW.gen/sources_1/bd/design_1/ipshared/1e5a/hdl/lib_srl_fifo_v1_0_rfs.vhd:777]
INFO: [Synth 8-256] done synthesizing module 'axi_datamover_fifo__parameterized0' (0#1) [c:/Users/qijin/Documents/MEng_ZYBO/hdmi_driver/Zybo-Z7-HW/Zybo-Z7-HW.gen/sources_1/bd/design_1/ipshared/bf20/hdl/axi_datamover_v5_1_vh_rfs.vhd:1859]
INFO: [Synth 8-256] done synthesizing module 'axi_datamover_cmd_status' (0#1) [c:/Users/qijin/Documents/MEng_ZYBO/hdmi_driver/Zybo-Z7-HW/Zybo-Z7-HW.gen/sources_1/bd/design_1/ipshared/bf20/hdl/axi_datamover_v5_1_vh_rfs.vhd:2665]
INFO: [Synth 8-638] synthesizing module 'axi_datamover_rd_status_cntl' [c:/Users/qijin/Documents/MEng_ZYBO/hdmi_driver/Zybo-Z7-HW/Zybo-Z7-HW.gen/sources_1/bd/design_1/ipshared/bf20/hdl/axi_datamover_v5_1_vh_rfs.vhd:13671]
INFO: [Synth 8-256] done synthesizing module 'axi_datamover_rd_status_cntl' (0#1) [c:/Users/qijin/Documents/MEng_ZYBO/hdmi_driver/Zybo-Z7-HW/Zybo-Z7-HW.gen/sources_1/bd/design_1/ipshared/bf20/hdl/axi_datamover_v5_1_vh_rfs.vhd:13671]
INFO: [Synth 8-638] synthesizing module 'axi_datamover_pcc' [c:/Users/qijin/Documents/MEng_ZYBO/hdmi_driver/Zybo-Z7-HW/Zybo-Z7-HW.gen/sources_1/bd/design_1/ipshared/bf20/hdl/axi_datamover_v5_1_vh_rfs.vhd:7365]
INFO: [Synth 8-638] synthesizing module 'axi_datamover_strb_gen2' [c:/Users/qijin/Documents/MEng_ZYBO/hdmi_driver/Zybo-Z7-HW/Zybo-Z7-HW.gen/sources_1/bd/design_1/ipshared/bf20/hdl/axi_datamover_v5_1_vh_rfs.vhd:4297]
INFO: [Synth 8-256] done synthesizing module 'axi_datamover_strb_gen2' (0#1) [c:/Users/qijin/Documents/MEng_ZYBO/hdmi_driver/Zybo-Z7-HW/Zybo-Z7-HW.gen/sources_1/bd/design_1/ipshared/bf20/hdl/axi_datamover_v5_1_vh_rfs.vhd:4297]
INFO: [Synth 8-638] synthesizing module 'axi_datamover_strb_gen2__parameterized0' [c:/Users/qijin/Documents/MEng_ZYBO/hdmi_driver/Zybo-Z7-HW/Zybo-Z7-HW.gen/sources_1/bd/design_1/ipshared/bf20/hdl/axi_datamover_v5_1_vh_rfs.vhd:4297]
INFO: [Synth 8-256] done synthesizing module 'axi_datamover_strb_gen2__parameterized0' (0#1) [c:/Users/qijin/Documents/MEng_ZYBO/hdmi_driver/Zybo-Z7-HW/Zybo-Z7-HW.gen/sources_1/bd/design_1/ipshared/bf20/hdl/axi_datamover_v5_1_vh_rfs.vhd:4297]
INFO: [Synth 8-226] default block is never used [c:/Users/qijin/Documents/MEng_ZYBO/hdmi_driver/Zybo-Z7-HW/Zybo-Z7-HW.gen/sources_1/bd/design_1/ipshared/bf20/hdl/axi_datamover_v5_1_vh_rfs.vhd:9439]
INFO: [Synth 8-256] done synthesizing module 'axi_datamover_pcc' (0#1) [c:/Users/qijin/Documents/MEng_ZYBO/hdmi_driver/Zybo-Z7-HW/Zybo-Z7-HW.gen/sources_1/bd/design_1/ipshared/bf20/hdl/axi_datamover_v5_1_vh_rfs.vhd:7365]
INFO: [Synth 8-638] synthesizing module 'axi_datamover_addr_cntl' [c:/Users/qijin/Documents/MEng_ZYBO/hdmi_driver/Zybo-Z7-HW/Zybo-Z7-HW.gen/sources_1/bd/design_1/ipshared/bf20/hdl/axi_datamover_v5_1_vh_rfs.vhd:9943]
INFO: [Synth 8-638] synthesizing module 'axi_datamover_fifo__parameterized1' [c:/Users/qijin/Documents/MEng_ZYBO/hdmi_driver/Zybo-Z7-HW/Zybo-Z7-HW.gen/sources_1/bd/design_1/ipshared/bf20/hdl/axi_datamover_v5_1_vh_rfs.vhd:1859]
INFO: [Synth 8-638] synthesizing module 'srl_fifo_f__parameterized1' [c:/Users/qijin/Documents/MEng_ZYBO/hdmi_driver/Zybo-Z7-HW/Zybo-Z7-HW.gen/sources_1/bd/design_1/ipshared/1e5a/hdl/lib_srl_fifo_v1_0_rfs.vhd:777]
INFO: [Synth 8-638] synthesizing module 'srl_fifo_rbu_f__parameterized1' [c:/Users/qijin/Documents/MEng_ZYBO/hdmi_driver/Zybo-Z7-HW/Zybo-Z7-HW.gen/sources_1/bd/design_1/ipshared/1e5a/hdl/lib_srl_fifo_v1_0_rfs.vhd:538]
INFO: [Synth 8-638] synthesizing module 'dynshreg_f__parameterized1' [c:/Users/qijin/Documents/MEng_ZYBO/hdmi_driver/Zybo-Z7-HW/Zybo-Z7-HW.gen/sources_1/bd/design_1/ipshared/1e5a/hdl/lib_srl_fifo_v1_0_rfs.vhd:329]
INFO: [Synth 8-256] done synthesizing module 'dynshreg_f__parameterized1' (0#1) [c:/Users/qijin/Documents/MEng_ZYBO/hdmi_driver/Zybo-Z7-HW/Zybo-Z7-HW.gen/sources_1/bd/design_1/ipshared/1e5a/hdl/lib_srl_fifo_v1_0_rfs.vhd:329]
INFO: [Synth 8-256] done synthesizing module 'srl_fifo_rbu_f__parameterized1' (0#1) [c:/Users/qijin/Documents/MEng_ZYBO/hdmi_driver/Zybo-Z7-HW/Zybo-Z7-HW.gen/sources_1/bd/design_1/ipshared/1e5a/hdl/lib_srl_fifo_v1_0_rfs.vhd:538]
INFO: [Synth 8-256] done synthesizing module 'srl_fifo_f__parameterized1' (0#1) [c:/Users/qijin/Documents/MEng_ZYBO/hdmi_driver/Zybo-Z7-HW/Zybo-Z7-HW.gen/sources_1/bd/design_1/ipshared/1e5a/hdl/lib_srl_fifo_v1_0_rfs.vhd:777]
INFO: [Synth 8-256] done synthesizing module 'axi_datamover_fifo__parameterized1' (0#1) [c:/Users/qijin/Documents/MEng_ZYBO/hdmi_driver/Zybo-Z7-HW/Zybo-Z7-HW.gen/sources_1/bd/design_1/ipshared/bf20/hdl/axi_datamover_v5_1_vh_rfs.vhd:1859]
INFO: [Synth 8-256] done synthesizing module 'axi_datamover_addr_cntl' (0#1) [c:/Users/qijin/Documents/MEng_ZYBO/hdmi_driver/Zybo-Z7-HW/Zybo-Z7-HW.gen/sources_1/bd/design_1/ipshared/bf20/hdl/axi_datamover_v5_1_vh_rfs.vhd:9943]
INFO: [Synth 8-638] synthesizing module 'axi_datamover_rddata_cntl' [c:/Users/qijin/Documents/MEng_ZYBO/hdmi_driver/Zybo-Z7-HW/Zybo-Z7-HW.gen/sources_1/bd/design_1/ipshared/bf20/hdl/axi_datamover_v5_1_vh_rfs.vhd:12116]
INFO: [Synth 8-638] synthesizing module 'axi_datamover_rdmux' [c:/Users/qijin/Documents/MEng_ZYBO/hdmi_driver/Zybo-Z7-HW/Zybo-Z7-HW.gen/sources_1/bd/design_1/ipshared/bf20/hdl/axi_datamover_v5_1_vh_rfs.vhd:10618]
INFO: [Synth 8-256] done synthesizing module 'axi_datamover_rdmux' (0#1) [c:/Users/qijin/Documents/MEng_ZYBO/hdmi_driver/Zybo-Z7-HW/Zybo-Z7-HW.gen/sources_1/bd/design_1/ipshared/bf20/hdl/axi_datamover_v5_1_vh_rfs.vhd:10618]
INFO: [Synth 8-638] synthesizing module 'axi_datamover_fifo__parameterized2' [c:/Users/qijin/Documents/MEng_ZYBO/hdmi_driver/Zybo-Z7-HW/Zybo-Z7-HW.gen/sources_1/bd/design_1/ipshared/bf20/hdl/axi_datamover_v5_1_vh_rfs.vhd:1859]
INFO: [Synth 8-638] synthesizing module 'srl_fifo_f__parameterized2' [c:/Users/qijin/Documents/MEng_ZYBO/hdmi_driver/Zybo-Z7-HW/Zybo-Z7-HW.gen/sources_1/bd/design_1/ipshared/1e5a/hdl/lib_srl_fifo_v1_0_rfs.vhd:777]
INFO: [Synth 8-638] synthesizing module 'srl_fifo_rbu_f__parameterized2' [c:/Users/qijin/Documents/MEng_ZYBO/hdmi_driver/Zybo-Z7-HW/Zybo-Z7-HW.gen/sources_1/bd/design_1/ipshared/1e5a/hdl/lib_srl_fifo_v1_0_rfs.vhd:538]
INFO: [Synth 8-638] synthesizing module 'dynshreg_f__parameterized2' [c:/Users/qijin/Documents/MEng_ZYBO/hdmi_driver/Zybo-Z7-HW/Zybo-Z7-HW.gen/sources_1/bd/design_1/ipshared/1e5a/hdl/lib_srl_fifo_v1_0_rfs.vhd:329]
INFO: [Synth 8-256] done synthesizing module 'dynshreg_f__parameterized2' (0#1) [c:/Users/qijin/Documents/MEng_ZYBO/hdmi_driver/Zybo-Z7-HW/Zybo-Z7-HW.gen/sources_1/bd/design_1/ipshared/1e5a/hdl/lib_srl_fifo_v1_0_rfs.vhd:329]
INFO: [Synth 8-256] done synthesizing module 'srl_fifo_rbu_f__parameterized2' (0#1) [c:/Users/qijin/Documents/MEng_ZYBO/hdmi_driver/Zybo-Z7-HW/Zybo-Z7-HW.gen/sources_1/bd/design_1/ipshared/1e5a/hdl/lib_srl_fifo_v1_0_rfs.vhd:538]
INFO: [Synth 8-256] done synthesizing module 'srl_fifo_f__parameterized2' (0#1) [c:/Users/qijin/Documents/MEng_ZYBO/hdmi_driver/Zybo-Z7-HW/Zybo-Z7-HW.gen/sources_1/bd/design_1/ipshared/1e5a/hdl/lib_srl_fifo_v1_0_rfs.vhd:777]
INFO: [Synth 8-256] done synthesizing module 'axi_datamover_fifo__parameterized2' (0#1) [c:/Users/qijin/Documents/MEng_ZYBO/hdmi_driver/Zybo-Z7-HW/Zybo-Z7-HW.gen/sources_1/bd/design_1/ipshared/bf20/hdl/axi_datamover_v5_1_vh_rfs.vhd:1859]
INFO: [Synth 8-256] done synthesizing module 'axi_datamover_rddata_cntl' (0#1) [c:/Users/qijin/Documents/MEng_ZYBO/hdmi_driver/Zybo-Z7-HW/Zybo-Z7-HW.gen/sources_1/bd/design_1/ipshared/bf20/hdl/axi_datamover_v5_1_vh_rfs.vhd:12116]
INFO: [Synth 8-638] synthesizing module 'axi_datamover_rd_sf' [c:/Users/qijin/Documents/MEng_ZYBO/hdmi_driver/Zybo-Z7-HW/Zybo-Z7-HW.gen/sources_1/bd/design_1/ipshared/bf20/hdl/axi_datamover_v5_1_vh_rfs.vhd:20097]
INFO: [Synth 8-638] synthesizing module 'axi_datamover_sfifo_autord' [c:/Users/qijin/Documents/MEng_ZYBO/hdmi_driver/Zybo-Z7-HW/Zybo-Z7-HW.gen/sources_1/bd/design_1/ipshared/bf20/hdl/axi_datamover_v5_1_vh_rfs.vhd:1275]
INFO: [Synth 8-638] synthesizing module 'sync_fifo_fg' [c:/Users/qijin/Documents/MEng_ZYBO/hdmi_driver/Zybo-Z7-HW/Zybo-Z7-HW.gen/sources_1/bd/design_1/ipshared/0a12/hdl/lib_fifo_v1_0_rfs.vhd:2232]
	Parameter FIFO_MEMORY_TYPE bound to: block - type: string 
	Parameter FIFO_WRITE_DEPTH bound to: 256 - type: integer 
	Parameter WRITE_DATA_WIDTH bound to: 75 - type: integer 
	Parameter READ_MODE bound to: fwft - type: string 
	Parameter FIFO_READ_LATENCY bound to: 0 - type: integer 
	Parameter FULL_RESET_VALUE bound to: 1 - type: integer 
	Parameter USE_ADV_FEATURES bound to: 1F1F - type: string 
	Parameter READ_DATA_WIDTH bound to: 75 - type: integer 
	Parameter WR_DATA_COUNT_WIDTH bound to: 9 - type: integer 
	Parameter PROG_FULL_THRESH bound to: 10 - type: integer 
	Parameter RD_DATA_COUNT_WIDTH bound to: 4 - type: integer 
	Parameter PROG_EMPTY_THRESH bound to: 10 - type: integer 
	Parameter DOUT_RESET_VALUE bound to: 0 - type: string 
	Parameter ECC_MODE bound to: no_ecc - type: string 
	Parameter WAKEUP_TIME bound to: 0 - type: integer 
INFO: [Synth 8-3491] module 'xpm_fifo_sync' declared at 'D:/xilinx/Vivado/2024.1/data/ip/xpm/xpm_fifo/hdl/xpm_fifo.sv:1975' bound to instance 'xpm_fifo_sync_inst' of component 'xpm_fifo_sync' [c:/Users/qijin/Documents/MEng_ZYBO/hdmi_driver/Zybo-Z7-HW/Zybo-Z7-HW.gen/sources_1/bd/design_1/ipshared/0a12/hdl/lib_fifo_v1_0_rfs.vhd:2609]
INFO: [Synth 8-226] default block is never used [D:/xilinx/Vivado/2024.1/data/ip/xpm/xpm_fifo/hdl/xpm_fifo.sv:1220]
INFO: [Synth 8-226] default block is never used [D:/xilinx/Vivado/2024.1/data/ip/xpm/xpm_fifo/hdl/xpm_fifo.sv:1287]
INFO: [Synth 8-226] default block is never used [D:/xilinx/Vivado/2024.1/data/ip/xpm/xpm_fifo/hdl/xpm_fifo.sv:1309]
INFO: [Synth 8-256] done synthesizing module 'sync_fifo_fg' (0#1) [c:/Users/qijin/Documents/MEng_ZYBO/hdmi_driver/Zybo-Z7-HW/Zybo-Z7-HW.gen/sources_1/bd/design_1/ipshared/0a12/hdl/lib_fifo_v1_0_rfs.vhd:2232]
INFO: [Synth 8-256] done synthesizing module 'axi_datamover_sfifo_autord' (0#1) [c:/Users/qijin/Documents/MEng_ZYBO/hdmi_driver/Zybo-Z7-HW/Zybo-Z7-HW.gen/sources_1/bd/design_1/ipshared/bf20/hdl/axi_datamover_v5_1_vh_rfs.vhd:1275]
INFO: [Synth 8-256] done synthesizing module 'axi_datamover_rd_sf' (0#1) [c:/Users/qijin/Documents/MEng_ZYBO/hdmi_driver/Zybo-Z7-HW/Zybo-Z7-HW.gen/sources_1/bd/design_1/ipshared/bf20/hdl/axi_datamover_v5_1_vh_rfs.vhd:20097]
INFO: [Synth 8-256] done synthesizing module 'axi_datamover_mm2s_full_wrap' (0#1) [c:/Users/qijin/Documents/MEng_ZYBO/hdmi_driver/Zybo-Z7-HW/Zybo-Z7-HW.gen/sources_1/bd/design_1/ipshared/bf20/hdl/axi_datamover_v5_1_vh_rfs.vhd:53340]
INFO: [Synth 8-638] synthesizing module 'axi_datamover_s2mm_full_wrap' [c:/Users/qijin/Documents/MEng_ZYBO/hdmi_driver/Zybo-Z7-HW/Zybo-Z7-HW.gen/sources_1/bd/design_1/ipshared/bf20/hdl/axi_datamover_v5_1_vh_rfs.vhd:49783]
INFO: [Synth 8-638] synthesizing module 'axi_datamover_cmd_status__parameterized0' [c:/Users/qijin/Documents/MEng_ZYBO/hdmi_driver/Zybo-Z7-HW/Zybo-Z7-HW.gen/sources_1/bd/design_1/ipshared/bf20/hdl/axi_datamover_v5_1_vh_rfs.vhd:2665]
INFO: [Synth 8-638] synthesizing module 'axi_datamover_fifo__parameterized3' [c:/Users/qijin/Documents/MEng_ZYBO/hdmi_driver/Zybo-Z7-HW/Zybo-Z7-HW.gen/sources_1/bd/design_1/ipshared/bf20/hdl/axi_datamover_v5_1_vh_rfs.vhd:1859]
INFO: [Synth 8-638] synthesizing module 'srl_fifo_f__parameterized3' [c:/Users/qijin/Documents/MEng_ZYBO/hdmi_driver/Zybo-Z7-HW/Zybo-Z7-HW.gen/sources_1/bd/design_1/ipshared/1e5a/hdl/lib_srl_fifo_v1_0_rfs.vhd:777]
INFO: [Synth 8-638] synthesizing module 'srl_fifo_rbu_f__parameterized3' [c:/Users/qijin/Documents/MEng_ZYBO/hdmi_driver/Zybo-Z7-HW/Zybo-Z7-HW.gen/sources_1/bd/design_1/ipshared/1e5a/hdl/lib_srl_fifo_v1_0_rfs.vhd:538]
INFO: [Synth 8-638] synthesizing module 'dynshreg_f__parameterized3' [c:/Users/qijin/Documents/MEng_ZYBO/hdmi_driver/Zybo-Z7-HW/Zybo-Z7-HW.gen/sources_1/bd/design_1/ipshared/1e5a/hdl/lib_srl_fifo_v1_0_rfs.vhd:329]
INFO: [Synth 8-256] done synthesizing module 'dynshreg_f__parameterized3' (0#1) [c:/Users/qijin/Documents/MEng_ZYBO/hdmi_driver/Zybo-Z7-HW/Zybo-Z7-HW.gen/sources_1/bd/design_1/ipshared/1e5a/hdl/lib_srl_fifo_v1_0_rfs.vhd:329]
INFO: [Synth 8-256] done synthesizing module 'srl_fifo_rbu_f__parameterized3' (0#1) [c:/Users/qijin/Documents/MEng_ZYBO/hdmi_driver/Zybo-Z7-HW/Zybo-Z7-HW.gen/sources_1/bd/design_1/ipshared/1e5a/hdl/lib_srl_fifo_v1_0_rfs.vhd:538]
INFO: [Synth 8-256] done synthesizing module 'srl_fifo_f__parameterized3' (0#1) [c:/Users/qijin/Documents/MEng_ZYBO/hdmi_driver/Zybo-Z7-HW/Zybo-Z7-HW.gen/sources_1/bd/design_1/ipshared/1e5a/hdl/lib_srl_fifo_v1_0_rfs.vhd:777]
INFO: [Synth 8-256] done synthesizing module 'axi_datamover_fifo__parameterized3' (0#1) [c:/Users/qijin/Documents/MEng_ZYBO/hdmi_driver/Zybo-Z7-HW/Zybo-Z7-HW.gen/sources_1/bd/design_1/ipshared/bf20/hdl/axi_datamover_v5_1_vh_rfs.vhd:1859]
INFO: [Synth 8-256] done synthesizing module 'axi_datamover_cmd_status__parameterized0' (0#1) [c:/Users/qijin/Documents/MEng_ZYBO/hdmi_driver/Zybo-Z7-HW/Zybo-Z7-HW.gen/sources_1/bd/design_1/ipshared/bf20/hdl/axi_datamover_v5_1_vh_rfs.vhd:2665]
INFO: [Synth 8-638] synthesizing module 'axi_datamover_wr_status_cntl' [c:/Users/qijin/Documents/MEng_ZYBO/hdmi_driver/Zybo-Z7-HW/Zybo-Z7-HW.gen/sources_1/bd/design_1/ipshared/bf20/hdl/axi_datamover_v5_1_vh_rfs.vhd:17611]
INFO: [Synth 8-638] synthesizing module 'axi_datamover_fifo__parameterized4' [c:/Users/qijin/Documents/MEng_ZYBO/hdmi_driver/Zybo-Z7-HW/Zybo-Z7-HW.gen/sources_1/bd/design_1/ipshared/bf20/hdl/axi_datamover_v5_1_vh_rfs.vhd:1859]
INFO: [Synth 8-638] synthesizing module 'srl_fifo_f__parameterized4' [c:/Users/qijin/Documents/MEng_ZYBO/hdmi_driver/Zybo-Z7-HW/Zybo-Z7-HW.gen/sources_1/bd/design_1/ipshared/1e5a/hdl/lib_srl_fifo_v1_0_rfs.vhd:777]
INFO: [Synth 8-638] synthesizing module 'srl_fifo_rbu_f__parameterized4' [c:/Users/qijin/Documents/MEng_ZYBO/hdmi_driver/Zybo-Z7-HW/Zybo-Z7-HW.gen/sources_1/bd/design_1/ipshared/1e5a/hdl/lib_srl_fifo_v1_0_rfs.vhd:538]
INFO: [Synth 8-638] synthesizing module 'cntr_incr_decr_addn_f__parameterized0' [c:/Users/qijin/Documents/MEng_ZYBO/hdmi_driver/Zybo-Z7-HW/Zybo-Z7-HW.gen/sources_1/bd/design_1/ipshared/1e5a/hdl/lib_srl_fifo_v1_0_rfs.vhd:134]
INFO: [Synth 8-256] done synthesizing module 'cntr_incr_decr_addn_f__parameterized0' (0#1) [c:/Users/qijin/Documents/MEng_ZYBO/hdmi_driver/Zybo-Z7-HW/Zybo-Z7-HW.gen/sources_1/bd/design_1/ipshared/1e5a/hdl/lib_srl_fifo_v1_0_rfs.vhd:134]
INFO: [Synth 8-638] synthesizing module 'dynshreg_f__parameterized4' [c:/Users/qijin/Documents/MEng_ZYBO/hdmi_driver/Zybo-Z7-HW/Zybo-Z7-HW.gen/sources_1/bd/design_1/ipshared/1e5a/hdl/lib_srl_fifo_v1_0_rfs.vhd:329]
INFO: [Synth 8-256] done synthesizing module 'dynshreg_f__parameterized4' (0#1) [c:/Users/qijin/Documents/MEng_ZYBO/hdmi_driver/Zybo-Z7-HW/Zybo-Z7-HW.gen/sources_1/bd/design_1/ipshared/1e5a/hdl/lib_srl_fifo_v1_0_rfs.vhd:329]
INFO: [Synth 8-256] done synthesizing module 'srl_fifo_rbu_f__parameterized4' (0#1) [c:/Users/qijin/Documents/MEng_ZYBO/hdmi_driver/Zybo-Z7-HW/Zybo-Z7-HW.gen/sources_1/bd/design_1/ipshared/1e5a/hdl/lib_srl_fifo_v1_0_rfs.vhd:538]
INFO: [Synth 8-256] done synthesizing module 'srl_fifo_f__parameterized4' (0#1) [c:/Users/qijin/Documents/MEng_ZYBO/hdmi_driver/Zybo-Z7-HW/Zybo-Z7-HW.gen/sources_1/bd/design_1/ipshared/1e5a/hdl/lib_srl_fifo_v1_0_rfs.vhd:777]
INFO: [Synth 8-256] done synthesizing module 'axi_datamover_fifo__parameterized4' (0#1) [c:/Users/qijin/Documents/MEng_ZYBO/hdmi_driver/Zybo-Z7-HW/Zybo-Z7-HW.gen/sources_1/bd/design_1/ipshared/bf20/hdl/axi_datamover_v5_1_vh_rfs.vhd:1859]
INFO: [Synth 8-638] synthesizing module 'axi_datamover_fifo__parameterized5' [c:/Users/qijin/Documents/MEng_ZYBO/hdmi_driver/Zybo-Z7-HW/Zybo-Z7-HW.gen/sources_1/bd/design_1/ipshared/bf20/hdl/axi_datamover_v5_1_vh_rfs.vhd:1859]
INFO: [Synth 8-638] synthesizing module 'srl_fifo_f__parameterized5' [c:/Users/qijin/Documents/MEng_ZYBO/hdmi_driver/Zybo-Z7-HW/Zybo-Z7-HW.gen/sources_1/bd/design_1/ipshared/1e5a/hdl/lib_srl_fifo_v1_0_rfs.vhd:777]
INFO: [Synth 8-638] synthesizing module 'srl_fifo_rbu_f__parameterized5' [c:/Users/qijin/Documents/MEng_ZYBO/hdmi_driver/Zybo-Z7-HW/Zybo-Z7-HW.gen/sources_1/bd/design_1/ipshared/1e5a/hdl/lib_srl_fifo_v1_0_rfs.vhd:538]
INFO: [Synth 8-638] synthesizing module 'dynshreg_f__parameterized5' [c:/Users/qijin/Documents/MEng_ZYBO/hdmi_driver/Zybo-Z7-HW/Zybo-Z7-HW.gen/sources_1/bd/design_1/ipshared/1e5a/hdl/lib_srl_fifo_v1_0_rfs.vhd:329]
INFO: [Synth 8-256] done synthesizing module 'dynshreg_f__parameterized5' (0#1) [c:/Users/qijin/Documents/MEng_ZYBO/hdmi_driver/Zybo-Z7-HW/Zybo-Z7-HW.gen/sources_1/bd/design_1/ipshared/1e5a/hdl/lib_srl_fifo_v1_0_rfs.vhd:329]
INFO: [Synth 8-256] done synthesizing module 'srl_fifo_rbu_f__parameterized5' (0#1) [c:/Users/qijin/Documents/MEng_ZYBO/hdmi_driver/Zybo-Z7-HW/Zybo-Z7-HW.gen/sources_1/bd/design_1/ipshared/1e5a/hdl/lib_srl_fifo_v1_0_rfs.vhd:538]
INFO: [Synth 8-256] done synthesizing module 'srl_fifo_f__parameterized5' (0#1) [c:/Users/qijin/Documents/MEng_ZYBO/hdmi_driver/Zybo-Z7-HW/Zybo-Z7-HW.gen/sources_1/bd/design_1/ipshared/1e5a/hdl/lib_srl_fifo_v1_0_rfs.vhd:777]
INFO: [Synth 8-256] done synthesizing module 'axi_datamover_fifo__parameterized5' (0#1) [c:/Users/qijin/Documents/MEng_ZYBO/hdmi_driver/Zybo-Z7-HW/Zybo-Z7-HW.gen/sources_1/bd/design_1/ipshared/bf20/hdl/axi_datamover_v5_1_vh_rfs.vhd:1859]
INFO: [Synth 8-256] done synthesizing module 'axi_datamover_wr_status_cntl' (0#1) [c:/Users/qijin/Documents/MEng_ZYBO/hdmi_driver/Zybo-Z7-HW/Zybo-Z7-HW.gen/sources_1/bd/design_1/ipshared/bf20/hdl/axi_datamover_v5_1_vh_rfs.vhd:17611]
INFO: [Synth 8-638] synthesizing module 'axi_datamover_ibttcc' [c:/Users/qijin/Documents/MEng_ZYBO/hdmi_driver/Zybo-Z7-HW/Zybo-Z7-HW.gen/sources_1/bd/design_1/ipshared/bf20/hdl/axi_datamover_v5_1_vh_rfs.vhd:25596]
INFO: [Synth 8-256] done synthesizing module 'axi_datamover_ibttcc' (0#1) [c:/Users/qijin/Documents/MEng_ZYBO/hdmi_driver/Zybo-Z7-HW/Zybo-Z7-HW.gen/sources_1/bd/design_1/ipshared/bf20/hdl/axi_datamover_v5_1_vh_rfs.vhd:25596]
INFO: [Synth 8-638] synthesizing module 'axi_datamover_s2mm_realign' [c:/Users/qijin/Documents/MEng_ZYBO/hdmi_driver/Zybo-Z7-HW/Zybo-Z7-HW.gen/sources_1/bd/design_1/ipshared/bf20/hdl/axi_datamover_v5_1_vh_rfs.vhd:46815]
INFO: [Synth 8-638] synthesizing module 'axi_datamover_fifo__parameterized6' [c:/Users/qijin/Documents/MEng_ZYBO/hdmi_driver/Zybo-Z7-HW/Zybo-Z7-HW.gen/sources_1/bd/design_1/ipshared/bf20/hdl/axi_datamover_v5_1_vh_rfs.vhd:1859]
INFO: [Synth 8-638] synthesizing module 'srl_fifo_f__parameterized6' [c:/Users/qijin/Documents/MEng_ZYBO/hdmi_driver/Zybo-Z7-HW/Zybo-Z7-HW.gen/sources_1/bd/design_1/ipshared/1e5a/hdl/lib_srl_fifo_v1_0_rfs.vhd:777]
INFO: [Synth 8-638] synthesizing module 'srl_fifo_rbu_f__parameterized6' [c:/Users/qijin/Documents/MEng_ZYBO/hdmi_driver/Zybo-Z7-HW/Zybo-Z7-HW.gen/sources_1/bd/design_1/ipshared/1e5a/hdl/lib_srl_fifo_v1_0_rfs.vhd:538]
INFO: [Synth 8-638] synthesizing module 'dynshreg_f__parameterized6' [c:/Users/qijin/Documents/MEng_ZYBO/hdmi_driver/Zybo-Z7-HW/Zybo-Z7-HW.gen/sources_1/bd/design_1/ipshared/1e5a/hdl/lib_srl_fifo_v1_0_rfs.vhd:329]
INFO: [Synth 8-256] done synthesizing module 'dynshreg_f__parameterized6' (0#1) [c:/Users/qijin/Documents/MEng_ZYBO/hdmi_driver/Zybo-Z7-HW/Zybo-Z7-HW.gen/sources_1/bd/design_1/ipshared/1e5a/hdl/lib_srl_fifo_v1_0_rfs.vhd:329]
INFO: [Synth 8-256] done synthesizing module 'srl_fifo_rbu_f__parameterized6' (0#1) [c:/Users/qijin/Documents/MEng_ZYBO/hdmi_driver/Zybo-Z7-HW/Zybo-Z7-HW.gen/sources_1/bd/design_1/ipshared/1e5a/hdl/lib_srl_fifo_v1_0_rfs.vhd:538]
INFO: [Synth 8-256] done synthesizing module 'srl_fifo_f__parameterized6' (0#1) [c:/Users/qijin/Documents/MEng_ZYBO/hdmi_driver/Zybo-Z7-HW/Zybo-Z7-HW.gen/sources_1/bd/design_1/ipshared/1e5a/hdl/lib_srl_fifo_v1_0_rfs.vhd:777]
INFO: [Synth 8-256] done synthesizing module 'axi_datamover_fifo__parameterized6' (0#1) [c:/Users/qijin/Documents/MEng_ZYBO/hdmi_driver/Zybo-Z7-HW/Zybo-Z7-HW.gen/sources_1/bd/design_1/ipshared/bf20/hdl/axi_datamover_v5_1_vh_rfs.vhd:1859]
INFO: [Synth 8-638] synthesizing module 'axi_datamover_s2mm_scatter' [c:/Users/qijin/Documents/MEng_ZYBO/hdmi_driver/Zybo-Z7-HW/Zybo-Z7-HW.gen/sources_1/bd/design_1/ipshared/bf20/hdl/axi_datamover_v5_1_vh_rfs.vhd:44927]
INFO: [Synth 8-638] synthesizing module 'axi_datamover_mssai_skid_buf' [c:/Users/qijin/Documents/MEng_ZYBO/hdmi_driver/Zybo-Z7-HW/Zybo-Z7-HW.gen/sources_1/bd/design_1/ipshared/bf20/hdl/axi_datamover_v5_1_vh_rfs.vhd:43984]
INFO: [Synth 8-638] synthesizing module 'axi_datamover_ms_strb_set' [c:/Users/qijin/Documents/MEng_ZYBO/hdmi_driver/Zybo-Z7-HW/Zybo-Z7-HW.gen/sources_1/bd/design_1/ipshared/bf20/hdl/axi_datamover_v5_1_vh_rfs.vhd:42426]
INFO: [Synth 8-256] done synthesizing module 'axi_datamover_ms_strb_set' (0#1) [c:/Users/qijin/Documents/MEng_ZYBO/hdmi_driver/Zybo-Z7-HW/Zybo-Z7-HW.gen/sources_1/bd/design_1/ipshared/bf20/hdl/axi_datamover_v5_1_vh_rfs.vhd:42426]
INFO: [Synth 8-256] done synthesizing module 'axi_datamover_mssai_skid_buf' (0#1) [c:/Users/qijin/Documents/MEng_ZYBO/hdmi_driver/Zybo-Z7-HW/Zybo-Z7-HW.gen/sources_1/bd/design_1/ipshared/bf20/hdl/axi_datamover_v5_1_vh_rfs.vhd:43984]
INFO: [Synth 8-638] synthesizing module 'axi_datamover_strb_gen2__parameterized1' [c:/Users/qijin/Documents/MEng_ZYBO/hdmi_driver/Zybo-Z7-HW/Zybo-Z7-HW.gen/sources_1/bd/design_1/ipshared/bf20/hdl/axi_datamover_v5_1_vh_rfs.vhd:4297]
INFO: [Synth 8-256] done synthesizing module 'axi_datamover_strb_gen2__parameterized1' (0#1) [c:/Users/qijin/Documents/MEng_ZYBO/hdmi_driver/Zybo-Z7-HW/Zybo-Z7-HW.gen/sources_1/bd/design_1/ipshared/bf20/hdl/axi_datamover_v5_1_vh_rfs.vhd:4297]
INFO: [Synth 8-638] synthesizing module 'axi_datamover_slice' [c:/Users/qijin/Documents/MEng_ZYBO/hdmi_driver/Zybo-Z7-HW/Zybo-Z7-HW.gen/sources_1/bd/design_1/ipshared/bf20/hdl/axi_datamover_v5_1_vh_rfs.vhd:44672]
INFO: [Synth 8-256] done synthesizing module 'axi_datamover_slice' (0#1) [c:/Users/qijin/Documents/MEng_ZYBO/hdmi_driver/Zybo-Z7-HW/Zybo-Z7-HW.gen/sources_1/bd/design_1/ipshared/bf20/hdl/axi_datamover_v5_1_vh_rfs.vhd:44672]
INFO: [Synth 8-638] synthesizing module 'axi_datamover_fifo__parameterized7' [c:/Users/qijin/Documents/MEng_ZYBO/hdmi_driver/Zybo-Z7-HW/Zybo-Z7-HW.gen/sources_1/bd/design_1/ipshared/bf20/hdl/axi_datamover_v5_1_vh_rfs.vhd:1859]
INFO: [Synth 8-638] synthesizing module 'srl_fifo_f__parameterized7' [c:/Users/qijin/Documents/MEng_ZYBO/hdmi_driver/Zybo-Z7-HW/Zybo-Z7-HW.gen/sources_1/bd/design_1/ipshared/1e5a/hdl/lib_srl_fifo_v1_0_rfs.vhd:777]
INFO: [Synth 8-638] synthesizing module 'srl_fifo_rbu_f__parameterized7' [c:/Users/qijin/Documents/MEng_ZYBO/hdmi_driver/Zybo-Z7-HW/Zybo-Z7-HW.gen/sources_1/bd/design_1/ipshared/1e5a/hdl/lib_srl_fifo_v1_0_rfs.vhd:538]
INFO: [Synth 8-638] synthesizing module 'cntr_incr_decr_addn_f__parameterized1' [c:/Users/qijin/Documents/MEng_ZYBO/hdmi_driver/Zybo-Z7-HW/Zybo-Z7-HW.gen/sources_1/bd/design_1/ipshared/1e5a/hdl/lib_srl_fifo_v1_0_rfs.vhd:134]
INFO: [Synth 8-256] done synthesizing module 'cntr_incr_decr_addn_f__parameterized1' (0#1) [c:/Users/qijin/Documents/MEng_ZYBO/hdmi_driver/Zybo-Z7-HW/Zybo-Z7-HW.gen/sources_1/bd/design_1/ipshared/1e5a/hdl/lib_srl_fifo_v1_0_rfs.vhd:134]
INFO: [Synth 8-638] synthesizing module 'dynshreg_f__parameterized7' [c:/Users/qijin/Documents/MEng_ZYBO/hdmi_driver/Zybo-Z7-HW/Zybo-Z7-HW.gen/sources_1/bd/design_1/ipshared/1e5a/hdl/lib_srl_fifo_v1_0_rfs.vhd:329]
INFO: [Synth 8-256] done synthesizing module 'dynshreg_f__parameterized7' (0#1) [c:/Users/qijin/Documents/MEng_ZYBO/hdmi_driver/Zybo-Z7-HW/Zybo-Z7-HW.gen/sources_1/bd/design_1/ipshared/1e5a/hdl/lib_srl_fifo_v1_0_rfs.vhd:329]
INFO: [Synth 8-256] done synthesizing module 'srl_fifo_rbu_f__parameterized7' (0#1) [c:/Users/qijin/Documents/MEng_ZYBO/hdmi_driver/Zybo-Z7-HW/Zybo-Z7-HW.gen/sources_1/bd/design_1/ipshared/1e5a/hdl/lib_srl_fifo_v1_0_rfs.vhd:538]
INFO: [Synth 8-256] done synthesizing module 'srl_fifo_f__parameterized7' (0#1) [c:/Users/qijin/Documents/MEng_ZYBO/hdmi_driver/Zybo-Z7-HW/Zybo-Z7-HW.gen/sources_1/bd/design_1/ipshared/1e5a/hdl/lib_srl_fifo_v1_0_rfs.vhd:777]
INFO: [Synth 8-256] done synthesizing module 'axi_datamover_fifo__parameterized7' (0#1) [c:/Users/qijin/Documents/MEng_ZYBO/hdmi_driver/Zybo-Z7-HW/Zybo-Z7-HW.gen/sources_1/bd/design_1/ipshared/bf20/hdl/axi_datamover_v5_1_vh_rfs.vhd:1859]
INFO: [Synth 8-256] done synthesizing module 'axi_datamover_s2mm_scatter' (0#1) [c:/Users/qijin/Documents/MEng_ZYBO/hdmi_driver/Zybo-Z7-HW/Zybo-Z7-HW.gen/sources_1/bd/design_1/ipshared/bf20/hdl/axi_datamover_v5_1_vh_rfs.vhd:44927]
INFO: [Synth 8-256] done synthesizing module 'axi_datamover_s2mm_realign' (0#1) [c:/Users/qijin/Documents/MEng_ZYBO/hdmi_driver/Zybo-Z7-HW/Zybo-Z7-HW.gen/sources_1/bd/design_1/ipshared/bf20/hdl/axi_datamover_v5_1_vh_rfs.vhd:46815]
INFO: [Synth 8-638] synthesizing module 'axi_datamover_indet_btt' [c:/Users/qijin/Documents/MEng_ZYBO/hdmi_driver/Zybo-Z7-HW/Zybo-Z7-HW.gen/sources_1/bd/design_1/ipshared/bf20/hdl/axi_datamover_v5_1_vh_rfs.vhd:28289]
INFO: [Synth 8-638] synthesizing module 'axi_datamover_stbs_set' [c:/Users/qijin/Documents/MEng_ZYBO/hdmi_driver/Zybo-Z7-HW/Zybo-Z7-HW.gen/sources_1/bd/design_1/ipshared/bf20/hdl/axi_datamover_v5_1_vh_rfs.vhd:23287]
INFO: [Synth 8-256] done synthesizing module 'axi_datamover_stbs_set' (0#1) [c:/Users/qijin/Documents/MEng_ZYBO/hdmi_driver/Zybo-Z7-HW/Zybo-Z7-HW.gen/sources_1/bd/design_1/ipshared/bf20/hdl/axi_datamover_v5_1_vh_rfs.vhd:23287]
INFO: [Synth 8-638] synthesizing module 'axi_datamover_sfifo_autord__parameterized0' [c:/Users/qijin/Documents/MEng_ZYBO/hdmi_driver/Zybo-Z7-HW/Zybo-Z7-HW.gen/sources_1/bd/design_1/ipshared/bf20/hdl/axi_datamover_v5_1_vh_rfs.vhd:1275]
INFO: [Synth 8-638] synthesizing module 'sync_fifo_fg__parameterized0' [c:/Users/qijin/Documents/MEng_ZYBO/hdmi_driver/Zybo-Z7-HW/Zybo-Z7-HW.gen/sources_1/bd/design_1/ipshared/0a12/hdl/lib_fifo_v1_0_rfs.vhd:2232]
	Parameter FIFO_MEMORY_TYPE bound to: auto - type: string 
	Parameter FIFO_WRITE_DEPTH bound to: 16 - type: integer 
	Parameter WRITE_DATA_WIDTH bound to: 11 - type: integer 
	Parameter READ_MODE bound to: fwft - type: string 
	Parameter FIFO_READ_LATENCY bound to: 0 - type: integer 
	Parameter FULL_RESET_VALUE bound to: 1 - type: integer 
	Parameter USE_ADV_FEATURES bound to: 1F1F - type: string 
	Parameter READ_DATA_WIDTH bound to: 11 - type: integer 
	Parameter WR_DATA_COUNT_WIDTH bound to: 5 - type: integer 
	Parameter PROG_FULL_THRESH bound to: 10 - type: integer 
	Parameter RD_DATA_COUNT_WIDTH bound to: 4 - type: integer 
	Parameter PROG_EMPTY_THRESH bound to: 10 - type: integer 
	Parameter DOUT_RESET_VALUE bound to: 0 - type: string 
	Parameter ECC_MODE bound to: no_ecc - type: string 
	Parameter WAKEUP_TIME bound to: 0 - type: integer 
INFO: [Synth 8-3491] module 'xpm_fifo_sync' declared at 'D:/xilinx/Vivado/2024.1/data/ip/xpm/xpm_fifo/hdl/xpm_fifo.sv:1975' bound to instance 'xpm_fifo_sync_inst' of component 'xpm_fifo_sync' [c:/Users/qijin/Documents/MEng_ZYBO/hdmi_driver/Zybo-Z7-HW/Zybo-Z7-HW.gen/sources_1/bd/design_1/ipshared/0a12/hdl/lib_fifo_v1_0_rfs.vhd:2609]
INFO: [Synth 8-6059] Synth Info: [XPM_MEMORY 20-1] MEMORY_PRIMITIVE (0) instructs Vivado Synthesis to choose the memory primitive type. Depending on their values, other XPM_MEMORY parameters may preclude the choice of certain memory primitive types. Review XPM_MEMORY documentation and parameter values to understand any limitations, or set MEMORY_PRIMITIVE to a different value.   [D:/xilinx/Vivado/2024.1/data/ip/xpm/xpm_memory/hdl/xpm_memory.sv:514]
INFO: [Synth 8-226] default block is never used [D:/xilinx/Vivado/2024.1/data/ip/xpm/xpm_fifo/hdl/xpm_fifo.sv:1220]
INFO: [Synth 8-226] default block is never used [D:/xilinx/Vivado/2024.1/data/ip/xpm/xpm_fifo/hdl/xpm_fifo.sv:1287]
INFO: [Synth 8-226] default block is never used [D:/xilinx/Vivado/2024.1/data/ip/xpm/xpm_fifo/hdl/xpm_fifo.sv:1309]
INFO: [Synth 8-256] done synthesizing module 'sync_fifo_fg__parameterized0' (0#1) [c:/Users/qijin/Documents/MEng_ZYBO/hdmi_driver/Zybo-Z7-HW/Zybo-Z7-HW.gen/sources_1/bd/design_1/ipshared/0a12/hdl/lib_fifo_v1_0_rfs.vhd:2232]
INFO: [Synth 8-256] done synthesizing module 'axi_datamover_sfifo_autord__parameterized0' (0#1) [c:/Users/qijin/Documents/MEng_ZYBO/hdmi_driver/Zybo-Z7-HW/Zybo-Z7-HW.gen/sources_1/bd/design_1/ipshared/bf20/hdl/axi_datamover_v5_1_vh_rfs.vhd:1275]
INFO: [Synth 8-638] synthesizing module 'axi_datamover_sfifo_autord__parameterized1' [c:/Users/qijin/Documents/MEng_ZYBO/hdmi_driver/Zybo-Z7-HW/Zybo-Z7-HW.gen/sources_1/bd/design_1/ipshared/bf20/hdl/axi_datamover_v5_1_vh_rfs.vhd:1275]
INFO: [Synth 8-638] synthesizing module 'sync_fifo_fg__parameterized1' [c:/Users/qijin/Documents/MEng_ZYBO/hdmi_driver/Zybo-Z7-HW/Zybo-Z7-HW.gen/sources_1/bd/design_1/ipshared/0a12/hdl/lib_fifo_v1_0_rfs.vhd:2232]
	Parameter FIFO_MEMORY_TYPE bound to: block - type: string 
	Parameter FIFO_WRITE_DEPTH bound to: 256 - type: integer 
	Parameter WRITE_DATA_WIDTH bound to: 74 - type: integer 
	Parameter READ_MODE bound to: fwft - type: string 
	Parameter FIFO_READ_LATENCY bound to: 0 - type: integer 
	Parameter FULL_RESET_VALUE bound to: 1 - type: integer 
	Parameter USE_ADV_FEATURES bound to: 1F1F - type: string 
	Parameter READ_DATA_WIDTH bound to: 74 - type: integer 
	Parameter WR_DATA_COUNT_WIDTH bound to: 9 - type: integer 
	Parameter PROG_FULL_THRESH bound to: 10 - type: integer 
	Parameter RD_DATA_COUNT_WIDTH bound to: 4 - type: integer 
	Parameter PROG_EMPTY_THRESH bound to: 10 - type: integer 
	Parameter DOUT_RESET_VALUE bound to: 0 - type: string 
	Parameter ECC_MODE bound to: no_ecc - type: string 
	Parameter WAKEUP_TIME bound to: 0 - type: integer 
INFO: [Synth 8-3491] module 'xpm_fifo_sync' declared at 'D:/xilinx/Vivado/2024.1/data/ip/xpm/xpm_fifo/hdl/xpm_fifo.sv:1975' bound to instance 'xpm_fifo_sync_inst' of component 'xpm_fifo_sync' [c:/Users/qijin/Documents/MEng_ZYBO/hdmi_driver/Zybo-Z7-HW/Zybo-Z7-HW.gen/sources_1/bd/design_1/ipshared/0a12/hdl/lib_fifo_v1_0_rfs.vhd:2609]
INFO: [Synth 8-226] default block is never used [D:/xilinx/Vivado/2024.1/data/ip/xpm/xpm_fifo/hdl/xpm_fifo.sv:1220]
INFO: [Synth 8-226] default block is never used [D:/xilinx/Vivado/2024.1/data/ip/xpm/xpm_fifo/hdl/xpm_fifo.sv:1287]
INFO: [Synth 8-226] default block is never used [D:/xilinx/Vivado/2024.1/data/ip/xpm/xpm_fifo/hdl/xpm_fifo.sv:1309]
INFO: [Synth 8-256] done synthesizing module 'sync_fifo_fg__parameterized1' (0#1) [c:/Users/qijin/Documents/MEng_ZYBO/hdmi_driver/Zybo-Z7-HW/Zybo-Z7-HW.gen/sources_1/bd/design_1/ipshared/0a12/hdl/lib_fifo_v1_0_rfs.vhd:2232]
INFO: [Synth 8-256] done synthesizing module 'axi_datamover_sfifo_autord__parameterized1' (0#1) [c:/Users/qijin/Documents/MEng_ZYBO/hdmi_driver/Zybo-Z7-HW/Zybo-Z7-HW.gen/sources_1/bd/design_1/ipshared/bf20/hdl/axi_datamover_v5_1_vh_rfs.vhd:1275]
INFO: [Synth 8-638] synthesizing module 'axi_datamover_stbs_set__parameterized0' [c:/Users/qijin/Documents/MEng_ZYBO/hdmi_driver/Zybo-Z7-HW/Zybo-Z7-HW.gen/sources_1/bd/design_1/ipshared/bf20/hdl/axi_datamover_v5_1_vh_rfs.vhd:23287]
INFO: [Synth 8-256] done synthesizing module 'axi_datamover_stbs_set__parameterized0' (0#1) [c:/Users/qijin/Documents/MEng_ZYBO/hdmi_driver/Zybo-Z7-HW/Zybo-Z7-HW.gen/sources_1/bd/design_1/ipshared/bf20/hdl/axi_datamover_v5_1_vh_rfs.vhd:23287]
INFO: [Synth 8-638] synthesizing module 'axi_datamover_skid_buf' [c:/Users/qijin/Documents/MEng_ZYBO/hdmi_driver/Zybo-Z7-HW/Zybo-Z7-HW.gen/sources_1/bd/design_1/ipshared/bf20/hdl/axi_datamover_v5_1_vh_rfs.vhd:19395]
INFO: [Synth 8-256] done synthesizing module 'axi_datamover_skid_buf' (0#1) [c:/Users/qijin/Documents/MEng_ZYBO/hdmi_driver/Zybo-Z7-HW/Zybo-Z7-HW.gen/sources_1/bd/design_1/ipshared/bf20/hdl/axi_datamover_v5_1_vh_rfs.vhd:19395]
INFO: [Synth 8-256] done synthesizing module 'axi_datamover_indet_btt' (0#1) [c:/Users/qijin/Documents/MEng_ZYBO/hdmi_driver/Zybo-Z7-HW/Zybo-Z7-HW.gen/sources_1/bd/design_1/ipshared/bf20/hdl/axi_datamover_v5_1_vh_rfs.vhd:28289]
INFO: [Synth 8-638] synthesizing module 'axi_datamover_addr_cntl__parameterized0' [c:/Users/qijin/Documents/MEng_ZYBO/hdmi_driver/Zybo-Z7-HW/Zybo-Z7-HW.gen/sources_1/bd/design_1/ipshared/bf20/hdl/axi_datamover_v5_1_vh_rfs.vhd:9943]
INFO: [Synth 8-256] done synthesizing module 'axi_datamover_addr_cntl__parameterized0' (0#1) [c:/Users/qijin/Documents/MEng_ZYBO/hdmi_driver/Zybo-Z7-HW/Zybo-Z7-HW.gen/sources_1/bd/design_1/ipshared/bf20/hdl/axi_datamover_v5_1_vh_rfs.vhd:9943]
INFO: [Synth 8-638] synthesizing module 'axi_datamover_wrdata_cntl' [c:/Users/qijin/Documents/MEng_ZYBO/hdmi_driver/Zybo-Z7-HW/Zybo-Z7-HW.gen/sources_1/bd/design_1/ipshared/bf20/hdl/axi_datamover_v5_1_vh_rfs.vhd:15587]
INFO: [Synth 8-638] synthesizing module 'axi_datamover_fifo__parameterized8' [c:/Users/qijin/Documents/MEng_ZYBO/hdmi_driver/Zybo-Z7-HW/Zybo-Z7-HW.gen/sources_1/bd/design_1/ipshared/bf20/hdl/axi_datamover_v5_1_vh_rfs.vhd:1859]
INFO: [Synth 8-638] synthesizing module 'srl_fifo_f__parameterized8' [c:/Users/qijin/Documents/MEng_ZYBO/hdmi_driver/Zybo-Z7-HW/Zybo-Z7-HW.gen/sources_1/bd/design_1/ipshared/1e5a/hdl/lib_srl_fifo_v1_0_rfs.vhd:777]
INFO: [Synth 8-638] synthesizing module 'srl_fifo_rbu_f__parameterized8' [c:/Users/qijin/Documents/MEng_ZYBO/hdmi_driver/Zybo-Z7-HW/Zybo-Z7-HW.gen/sources_1/bd/design_1/ipshared/1e5a/hdl/lib_srl_fifo_v1_0_rfs.vhd:538]
INFO: [Synth 8-638] synthesizing module 'dynshreg_f__parameterized8' [c:/Users/qijin/Documents/MEng_ZYBO/hdmi_driver/Zybo-Z7-HW/Zybo-Z7-HW.gen/sources_1/bd/design_1/ipshared/1e5a/hdl/lib_srl_fifo_v1_0_rfs.vhd:329]
INFO: [Synth 8-256] done synthesizing module 'dynshreg_f__parameterized8' (0#1) [c:/Users/qijin/Documents/MEng_ZYBO/hdmi_driver/Zybo-Z7-HW/Zybo-Z7-HW.gen/sources_1/bd/design_1/ipshared/1e5a/hdl/lib_srl_fifo_v1_0_rfs.vhd:329]
INFO: [Synth 8-256] done synthesizing module 'srl_fifo_rbu_f__parameterized8' (0#1) [c:/Users/qijin/Documents/MEng_ZYBO/hdmi_driver/Zybo-Z7-HW/Zybo-Z7-HW.gen/sources_1/bd/design_1/ipshared/1e5a/hdl/lib_srl_fifo_v1_0_rfs.vhd:538]
INFO: [Synth 8-256] done synthesizing module 'srl_fifo_f__parameterized8' (0#1) [c:/Users/qijin/Documents/MEng_ZYBO/hdmi_driver/Zybo-Z7-HW/Zybo-Z7-HW.gen/sources_1/bd/design_1/ipshared/1e5a/hdl/lib_srl_fifo_v1_0_rfs.vhd:777]
INFO: [Synth 8-256] done synthesizing module 'axi_datamover_fifo__parameterized8' (0#1) [c:/Users/qijin/Documents/MEng_ZYBO/hdmi_driver/Zybo-Z7-HW/Zybo-Z7-HW.gen/sources_1/bd/design_1/ipshared/bf20/hdl/axi_datamover_v5_1_vh_rfs.vhd:1859]
INFO: [Synth 8-256] done synthesizing module 'axi_datamover_wrdata_cntl' (0#1) [c:/Users/qijin/Documents/MEng_ZYBO/hdmi_driver/Zybo-Z7-HW/Zybo-Z7-HW.gen/sources_1/bd/design_1/ipshared/bf20/hdl/axi_datamover_v5_1_vh_rfs.vhd:15587]
INFO: [Synth 8-638] synthesizing module 'axi_datamover_skid2mm_buf' [c:/Users/qijin/Documents/MEng_ZYBO/hdmi_driver/Zybo-Z7-HW/Zybo-Z7-HW.gen/sources_1/bd/design_1/ipshared/bf20/hdl/axi_datamover_v5_1_vh_rfs.vhd:18899]
INFO: [Synth 8-638] synthesizing module 'axi_datamover_wr_demux' [c:/Users/qijin/Documents/MEng_ZYBO/hdmi_driver/Zybo-Z7-HW/Zybo-Z7-HW.gen/sources_1/bd/design_1/ipshared/bf20/hdl/axi_datamover_v5_1_vh_rfs.vhd:14036]
INFO: [Synth 8-256] done synthesizing module 'axi_datamover_wr_demux' (0#1) [c:/Users/qijin/Documents/MEng_ZYBO/hdmi_driver/Zybo-Z7-HW/Zybo-Z7-HW.gen/sources_1/bd/design_1/ipshared/bf20/hdl/axi_datamover_v5_1_vh_rfs.vhd:14036]
INFO: [Synth 8-256] done synthesizing module 'axi_datamover_skid2mm_buf' (0#1) [c:/Users/qijin/Documents/MEng_ZYBO/hdmi_driver/Zybo-Z7-HW/Zybo-Z7-HW.gen/sources_1/bd/design_1/ipshared/bf20/hdl/axi_datamover_v5_1_vh_rfs.vhd:18899]
INFO: [Synth 8-256] done synthesizing module 'axi_datamover_s2mm_full_wrap' (0#1) [c:/Users/qijin/Documents/MEng_ZYBO/hdmi_driver/Zybo-Z7-HW/Zybo-Z7-HW.gen/sources_1/bd/design_1/ipshared/bf20/hdl/axi_datamover_v5_1_vh_rfs.vhd:49783]
INFO: [Synth 8-256] done synthesizing module 'axi_datamover' (0#1) [c:/Users/qijin/Documents/MEng_ZYBO/hdmi_driver/Zybo-Z7-HW/Zybo-Z7-HW.gen/sources_1/bd/design_1/ipshared/bf20/hdl/axi_datamover_v5_1_vh_rfs.vhd:55201]
INFO: [Synth 8-256] done synthesizing module 'axi_vdma' (0#1) [c:/Users/qijin/Documents/MEng_ZYBO/hdmi_driver/Zybo-Z7-HW/Zybo-Z7-HW.gen/sources_1/bd/design_1/ipshared/a4a8/hdl/axi_vdma_v6_3_rfs.vhd:69564]
INFO: [Synth 8-256] done synthesizing module 'design_1_axi_vdma_0_0' (0#1) [c:/Users/qijin/Documents/MEng_ZYBO/hdmi_driver/Zybo-Z7-HW/Zybo-Z7-HW.gen/sources_1/bd/design_1/ip/design_1_axi_vdma_0_0/synth/design_1_axi_vdma_0_0.vhd:131]
WARNING: [Synth 8-7071] port 'mm2s_frame_ptr_out' of module 'design_1_axi_vdma_0_0' is unconnected for instance 'axi_vdma_0' [c:/Users/qijin/Documents/MEng_ZYBO/hdmi_driver/Zybo-Z7-HW/Zybo-Z7-HW.gen/sources_1/bd/design_1/synth/design_1.v:562]
WARNING: [Synth 8-7071] port 's2mm_frame_ptr_out' of module 'design_1_axi_vdma_0_0' is unconnected for instance 'axi_vdma_0' [c:/Users/qijin/Documents/MEng_ZYBO/hdmi_driver/Zybo-Z7-HW/Zybo-Z7-HW.gen/sources_1/bd/design_1/synth/design_1.v:562]
WARNING: [Synth 8-7071] port 's_axis_s2mm_tready' of module 'design_1_axi_vdma_0_0' is unconnected for instance 'axi_vdma_0' [c:/Users/qijin/Documents/MEng_ZYBO/hdmi_driver/Zybo-Z7-HW/Zybo-Z7-HW.gen/sources_1/bd/design_1/synth/design_1.v:562]
WARNING: [Synth 8-7071] port 'mm2s_introut' of module 'design_1_axi_vdma_0_0' is unconnected for instance 'axi_vdma_0' [c:/Users/qijin/Documents/MEng_ZYBO/hdmi_driver/Zybo-Z7-HW/Zybo-Z7-HW.gen/sources_1/bd/design_1/synth/design_1.v:562]
WARNING: [Synth 8-7071] port 's2mm_introut' of module 'design_1_axi_vdma_0_0' is unconnected for instance 'axi_vdma_0' [c:/Users/qijin/Documents/MEng_ZYBO/hdmi_driver/Zybo-Z7-HW/Zybo-Z7-HW.gen/sources_1/bd/design_1/synth/design_1.v:562]
WARNING: [Synth 8-7023] instance 'axi_vdma_0' of module 'design_1_axi_vdma_0_0' has 67 connections declared, but only 62 given [c:/Users/qijin/Documents/MEng_ZYBO/hdmi_driver/Zybo-Z7-HW/Zybo-Z7-HW.gen/sources_1/bd/design_1/synth/design_1.v:562]
WARNING: [Synth 8-7071] port 'm_axis_tkeep' of module 'design_1_axis_subset_converter_out_0' is unconnected for instance 'axis_subset_converter_out' [c:/Users/qijin/Documents/MEng_ZYBO/hdmi_driver/Zybo-Z7-HW/Zybo-Z7-HW.gen/sources_1/bd/design_1/synth/design_1.v:625]
WARNING: [Synth 8-7023] instance 'axis_subset_converter_out' of module 'design_1_axis_subset_converter_out_0' has 14 connections declared, but only 13 given [c:/Users/qijin/Documents/MEng_ZYBO/hdmi_driver/Zybo-Z7-HW/Zybo-Z7-HW.gen/sources_1/bd/design_1/synth/design_1.v:625]
INFO: [Synth 8-155] case statement is not full and has no default [c:/Users/qijin/Documents/MEng_ZYBO/hdmi_driver/Zybo-Z7-HW/Zybo-Z7-HW.gen/sources_1/bd/design_1/ipshared/9fb1/hdl/lorenz_dda_driver_slave_lite_v1_0_S00_AXI.v:200]
INFO: [Synth 8-155] case statement is not full and has no default [c:/Users/qijin/Documents/MEng_ZYBO/hdmi_driver/Zybo-Z7-HW/Zybo-Z7-HW.gen/sources_1/bd/design_1/ipshared/9fb1/hdl/lorenz_dda_driver_slave_lite_v1_0_S00_AXI.v:326]
INFO: [Synth 8-638] synthesizing module 'design_1_proc_sys_reset_fclk0_0' [c:/Users/qijin/Documents/MEng_ZYBO/hdmi_driver/Zybo-Z7-HW/Zybo-Z7-HW.gen/sources_1/bd/design_1/ip/design_1_proc_sys_reset_fclk0_0/synth/design_1_proc_sys_reset_fclk0_0.vhd:74]
	Parameter C_FAMILY bound to: zynq - type: string 
	Parameter C_EXT_RST_WIDTH bound to: 4 - type: integer 
	Parameter C_AUX_RST_WIDTH bound to: 4 - type: integer 
	Parameter C_EXT_RESET_HIGH bound to: 1'b0 
	Parameter C_AUX_RESET_HIGH bound to: 1'b0 
	Parameter C_NUM_BUS_RST bound to: 1 - type: integer 
	Parameter C_NUM_PERP_RST bound to: 1 - type: integer 
	Parameter C_NUM_INTERCONNECT_ARESETN bound to: 1 - type: integer 
	Parameter C_NUM_PERP_ARESETN bound to: 1 - type: integer 
INFO: [Synth 8-3491] module 'proc_sys_reset' declared at 'c:/Users/qijin/Documents/MEng_ZYBO/hdmi_driver/Zybo-Z7-HW/Zybo-Z7-HW.gen/sources_1/bd/design_1/ipshared/3a26/hdl/proc_sys_reset_v5_0_vh_rfs.vhd:1271' bound to instance 'U0' of component 'proc_sys_reset' [c:/Users/qijin/Documents/MEng_ZYBO/hdmi_driver/Zybo-Z7-HW/Zybo-Z7-HW.gen/sources_1/bd/design_1/ip/design_1_proc_sys_reset_fclk0_0/synth/design_1_proc_sys_reset_fclk0_0.vhd:129]
INFO: [Synth 8-638] synthesizing module 'proc_sys_reset' [c:/Users/qijin/Documents/MEng_ZYBO/hdmi_driver/Zybo-Z7-HW/Zybo-Z7-HW.gen/sources_1/bd/design_1/ipshared/3a26/hdl/proc_sys_reset_v5_0_vh_rfs.vhd:1330]
	Parameter INIT bound to: 1'b1 
INFO: [Synth 8-113] binding component instance 'FDRE_inst' to cell 'FDRE' [c:/Users/qijin/Documents/MEng_ZYBO/hdmi_driver/Zybo-Z7-HW/Zybo-Z7-HW.gen/sources_1/bd/design_1/ipshared/3a26/hdl/proc_sys_reset_v5_0_vh_rfs.vhd:1399]
	Parameter INIT bound to: 1'b1 
INFO: [Synth 8-113] binding component instance 'FDRE_BSR' to cell 'FDRE' [c:/Users/qijin/Documents/MEng_ZYBO/hdmi_driver/Zybo-Z7-HW/Zybo-Z7-HW.gen/sources_1/bd/design_1/ipshared/3a26/hdl/proc_sys_reset_v5_0_vh_rfs.vhd:1415]
	Parameter INIT bound to: 1'b0 
INFO: [Synth 8-113] binding component instance 'FDRE_BSR_N' to cell 'FDRE' [c:/Users/qijin/Documents/MEng_ZYBO/hdmi_driver/Zybo-Z7-HW/Zybo-Z7-HW.gen/sources_1/bd/design_1/ipshared/3a26/hdl/proc_sys_reset_v5_0_vh_rfs.vhd:1441]
	Parameter INIT bound to: 1'b1 
INFO: [Synth 8-113] binding component instance 'FDRE_PER' to cell 'FDRE' [c:/Users/qijin/Documents/MEng_ZYBO/hdmi_driver/Zybo-Z7-HW/Zybo-Z7-HW.gen/sources_1/bd/design_1/ipshared/3a26/hdl/proc_sys_reset_v5_0_vh_rfs.vhd:1464]
	Parameter INIT bound to: 1'b0 
INFO: [Synth 8-113] binding component instance 'FDRE_PER_N' to cell 'FDRE' [c:/Users/qijin/Documents/MEng_ZYBO/hdmi_driver/Zybo-Z7-HW/Zybo-Z7-HW.gen/sources_1/bd/design_1/ipshared/3a26/hdl/proc_sys_reset_v5_0_vh_rfs.vhd:1488]
INFO: [Synth 8-638] synthesizing module 'lpf' [c:/Users/qijin/Documents/MEng_ZYBO/hdmi_driver/Zybo-Z7-HW/Zybo-Z7-HW.gen/sources_1/bd/design_1/ipshared/3a26/hdl/proc_sys_reset_v5_0_vh_rfs.vhd:821]
INFO: [Synth 8-3491] module 'SRL16' declared at 'D:/xilinx/Vivado/2024.1/scripts/rt/data/unisim_comp.v:137246' bound to instance 'POR_SRL_I' of component 'SRL16' [c:/Users/qijin/Documents/MEng_ZYBO/hdmi_driver/Zybo-Z7-HW/Zybo-Z7-HW.gen/sources_1/bd/design_1/ipshared/3a26/hdl/proc_sys_reset_v5_0_vh_rfs.vhd:873]
INFO: [Synth 8-638] synthesizing module 'cdc_sync__parameterized3' [c:/Users/qijin/Documents/MEng_ZYBO/hdmi_driver/Zybo-Z7-HW/Zybo-Z7-HW.gen/sources_1/bd/design_1/ipshared/2a4f/hdl/lib_cdc_v1_0_rfs.vhd:106]
	Parameter INIT bound to: 1'b0 
INFO: [Synth 8-113] binding component instance 'CROSS_PLEVEL_IN2SCNDRY_IN_cdc_to' to cell 'FDR' [c:/Users/qijin/Documents/MEng_ZYBO/hdmi_driver/Zybo-Z7-HW/Zybo-Z7-HW.gen/sources_1/bd/design_1/ipshared/2a4f/hdl/lib_cdc_v1_0_rfs.vhd:514]
	Parameter INIT bound to: 1'b0 
INFO: [Synth 8-113] binding component instance 'CROSS_PLEVEL_IN2SCNDRY_s_level_out_d2' to cell 'FDR' [c:/Users/qijin/Documents/MEng_ZYBO/hdmi_driver/Zybo-Z7-HW/Zybo-Z7-HW.gen/sources_1/bd/design_1/ipshared/2a4f/hdl/lib_cdc_v1_0_rfs.vhd:545]
	Parameter INIT bound to: 1'b0 
INFO: [Synth 8-113] binding component instance 'CROSS_PLEVEL_IN2SCNDRY_s_level_out_d3' to cell 'FDR' [c:/Users/qijin/Documents/MEng_ZYBO/hdmi_driver/Zybo-Z7-HW/Zybo-Z7-HW.gen/sources_1/bd/design_1/ipshared/2a4f/hdl/lib_cdc_v1_0_rfs.vhd:554]
	Parameter INIT bound to: 1'b0 
INFO: [Synth 8-113] binding component instance 'CROSS_PLEVEL_IN2SCNDRY_s_level_out_d4' to cell 'FDR' [c:/Users/qijin/Documents/MEng_ZYBO/hdmi_driver/Zybo-Z7-HW/Zybo-Z7-HW.gen/sources_1/bd/design_1/ipshared/2a4f/hdl/lib_cdc_v1_0_rfs.vhd:564]
	Parameter INIT bound to: 1'b0 
INFO: [Synth 8-113] binding component instance 'CROSS_PLEVEL_IN2SCNDRY_s_level_out_d5' to cell 'FDR' [c:/Users/qijin/Documents/MEng_ZYBO/hdmi_driver/Zybo-Z7-HW/Zybo-Z7-HW.gen/sources_1/bd/design_1/ipshared/2a4f/hdl/lib_cdc_v1_0_rfs.vhd:574]
	Parameter INIT bound to: 1'b0 
INFO: [Synth 8-113] binding component instance 'CROSS_PLEVEL_IN2SCNDRY_s_level_out_d6' to cell 'FDR' [c:/Users/qijin/Documents/MEng_ZYBO/hdmi_driver/Zybo-Z7-HW/Zybo-Z7-HW.gen/sources_1/bd/design_1/ipshared/2a4f/hdl/lib_cdc_v1_0_rfs.vhd:584]
INFO: [Synth 8-256] done synthesizing module 'cdc_sync__parameterized3' (0#1) [c:/Users/qijin/Documents/MEng_ZYBO/hdmi_driver/Zybo-Z7-HW/Zybo-Z7-HW.gen/sources_1/bd/design_1/ipshared/2a4f/hdl/lib_cdc_v1_0_rfs.vhd:106]
INFO: [Synth 8-256] done synthesizing module 'lpf' (0#1) [c:/Users/qijin/Documents/MEng_ZYBO/hdmi_driver/Zybo-Z7-HW/Zybo-Z7-HW.gen/sources_1/bd/design_1/ipshared/3a26/hdl/proc_sys_reset_v5_0_vh_rfs.vhd:821]
INFO: [Synth 8-638] synthesizing module 'sequence_psr' [c:/Users/qijin/Documents/MEng_ZYBO/hdmi_driver/Zybo-Z7-HW/Zybo-Z7-HW.gen/sources_1/bd/design_1/ipshared/3a26/hdl/proc_sys_reset_v5_0_vh_rfs.vhd:304]
INFO: [Synth 8-638] synthesizing module 'upcnt_n' [c:/Users/qijin/Documents/MEng_ZYBO/hdmi_driver/Zybo-Z7-HW/Zybo-Z7-HW.gen/sources_1/bd/design_1/ipshared/3a26/hdl/proc_sys_reset_v5_0_vh_rfs.vhd:126]
INFO: [Synth 8-256] done synthesizing module 'upcnt_n' (0#1) [c:/Users/qijin/Documents/MEng_ZYBO/hdmi_driver/Zybo-Z7-HW/Zybo-Z7-HW.gen/sources_1/bd/design_1/ipshared/3a26/hdl/proc_sys_reset_v5_0_vh_rfs.vhd:126]
INFO: [Synth 8-256] done synthesizing module 'sequence_psr' (0#1) [c:/Users/qijin/Documents/MEng_ZYBO/hdmi_driver/Zybo-Z7-HW/Zybo-Z7-HW.gen/sources_1/bd/design_1/ipshared/3a26/hdl/proc_sys_reset_v5_0_vh_rfs.vhd:304]
INFO: [Synth 8-256] done synthesizing module 'proc_sys_reset' (0#1) [c:/Users/qijin/Documents/MEng_ZYBO/hdmi_driver/Zybo-Z7-HW/Zybo-Z7-HW.gen/sources_1/bd/design_1/ipshared/3a26/hdl/proc_sys_reset_v5_0_vh_rfs.vhd:1330]
INFO: [Synth 8-256] done synthesizing module 'design_1_proc_sys_reset_fclk0_0' (0#1) [c:/Users/qijin/Documents/MEng_ZYBO/hdmi_driver/Zybo-Z7-HW/Zybo-Z7-HW.gen/sources_1/bd/design_1/ip/design_1_proc_sys_reset_fclk0_0/synth/design_1_proc_sys_reset_fclk0_0.vhd:74]
WARNING: [Synth 8-7071] port 'mb_reset' of module 'design_1_proc_sys_reset_fclk0_0' is unconnected for instance 'proc_sys_reset_fclk0' [c:/Users/qijin/Documents/MEng_ZYBO/hdmi_driver/Zybo-Z7-HW/Zybo-Z7-HW.gen/sources_1/bd/design_1/synth/design_1.v:661]
WARNING: [Synth 8-7071] port 'bus_struct_reset' of module 'design_1_proc_sys_reset_fclk0_0' is unconnected for instance 'proc_sys_reset_fclk0' [c:/Users/qijin/Documents/MEng_ZYBO/hdmi_driver/Zybo-Z7-HW/Zybo-Z7-HW.gen/sources_1/bd/design_1/synth/design_1.v:661]
WARNING: [Synth 8-7071] port 'peripheral_reset' of module 'design_1_proc_sys_reset_fclk0_0' is unconnected for instance 'proc_sys_reset_fclk0' [c:/Users/qijin/Documents/MEng_ZYBO/hdmi_driver/Zybo-Z7-HW/Zybo-Z7-HW.gen/sources_1/bd/design_1/synth/design_1.v:661]
WARNING: [Synth 8-7023] instance 'proc_sys_reset_fclk0' of module 'design_1_proc_sys_reset_fclk0_0' has 10 connections declared, but only 7 given [c:/Users/qijin/Documents/MEng_ZYBO/hdmi_driver/Zybo-Z7-HW/Zybo-Z7-HW.gen/sources_1/bd/design_1/synth/design_1.v:661]
INFO: [Synth 8-638] synthesizing module 'design_1_proc_sys_reset_fclk1_0' [c:/Users/qijin/Documents/MEng_ZYBO/hdmi_driver/Zybo-Z7-HW/Zybo-Z7-HW.gen/sources_1/bd/design_1/ip/design_1_proc_sys_reset_fclk1_0/synth/design_1_proc_sys_reset_fclk1_0.vhd:74]
	Parameter C_FAMILY bound to: zynq - type: string 
	Parameter C_EXT_RST_WIDTH bound to: 4 - type: integer 
	Parameter C_AUX_RST_WIDTH bound to: 4 - type: integer 
	Parameter C_EXT_RESET_HIGH bound to: 1'b0 
	Parameter C_AUX_RESET_HIGH bound to: 1'b0 
	Parameter C_NUM_BUS_RST bound to: 1 - type: integer 
	Parameter C_NUM_PERP_RST bound to: 1 - type: integer 
	Parameter C_NUM_INTERCONNECT_ARESETN bound to: 1 - type: integer 
	Parameter C_NUM_PERP_ARESETN bound to: 1 - type: integer 
INFO: [Synth 8-3491] module 'proc_sys_reset' declared at 'c:/Users/qijin/Documents/MEng_ZYBO/hdmi_driver/Zybo-Z7-HW/Zybo-Z7-HW.gen/sources_1/bd/design_1/ipshared/3a26/hdl/proc_sys_reset_v5_0_vh_rfs.vhd:1271' bound to instance 'U0' of component 'proc_sys_reset' [c:/Users/qijin/Documents/MEng_ZYBO/hdmi_driver/Zybo-Z7-HW/Zybo-Z7-HW.gen/sources_1/bd/design_1/ip/design_1_proc_sys_reset_fclk1_0/synth/design_1_proc_sys_reset_fclk1_0.vhd:129]
INFO: [Synth 8-256] done synthesizing module 'design_1_proc_sys_reset_fclk1_0' (0#1) [c:/Users/qijin/Documents/MEng_ZYBO/hdmi_driver/Zybo-Z7-HW/Zybo-Z7-HW.gen/sources_1/bd/design_1/ip/design_1_proc_sys_reset_fclk1_0/synth/design_1_proc_sys_reset_fclk1_0.vhd:74]
WARNING: [Synth 8-7071] port 'mb_reset' of module 'design_1_proc_sys_reset_fclk1_0' is unconnected for instance 'proc_sys_reset_fclk1' [c:/Users/qijin/Documents/MEng_ZYBO/hdmi_driver/Zybo-Z7-HW/Zybo-Z7-HW.gen/sources_1/bd/design_1/synth/design_1.v:669]
WARNING: [Synth 8-7071] port 'bus_struct_reset' of module 'design_1_proc_sys_reset_fclk1_0' is unconnected for instance 'proc_sys_reset_fclk1' [c:/Users/qijin/Documents/MEng_ZYBO/hdmi_driver/Zybo-Z7-HW/Zybo-Z7-HW.gen/sources_1/bd/design_1/synth/design_1.v:669]
WARNING: [Synth 8-7071] port 'peripheral_reset' of module 'design_1_proc_sys_reset_fclk1_0' is unconnected for instance 'proc_sys_reset_fclk1' [c:/Users/qijin/Documents/MEng_ZYBO/hdmi_driver/Zybo-Z7-HW/Zybo-Z7-HW.gen/sources_1/bd/design_1/synth/design_1.v:669]
WARNING: [Synth 8-7023] instance 'proc_sys_reset_fclk1' of module 'design_1_proc_sys_reset_fclk1_0' has 10 connections declared, but only 7 given [c:/Users/qijin/Documents/MEng_ZYBO/hdmi_driver/Zybo-Z7-HW/Zybo-Z7-HW.gen/sources_1/bd/design_1/synth/design_1.v:669]
WARNING: [Synth 8-7071] port 'M_AXI_GP0_ARESETN' of module 'processing_system7_v5_5_processing_system7' is unconnected for instance 'inst' [c:/Users/qijin/Documents/MEng_ZYBO/hdmi_driver/Zybo-Z7-HW/Zybo-Z7-HW.gen/sources_1/bd/design_1/ip/design_1_processing_system7_0_0/synth/design_1_processing_system7_0_0.v:491]
WARNING: [Synth 8-7071] port 'M_AXI_GP1_ARESETN' of module 'processing_system7_v5_5_processing_system7' is unconnected for instance 'inst' [c:/Users/qijin/Documents/MEng_ZYBO/hdmi_driver/Zybo-Z7-HW/Zybo-Z7-HW.gen/sources_1/bd/design_1/ip/design_1_processing_system7_0_0/synth/design_1_processing_system7_0_0.v:491]
WARNING: [Synth 8-7071] port 'S_AXI_GP0_ARESETN' of module 'processing_system7_v5_5_processing_system7' is unconnected for instance 'inst' [c:/Users/qijin/Documents/MEng_ZYBO/hdmi_driver/Zybo-Z7-HW/Zybo-Z7-HW.gen/sources_1/bd/design_1/ip/design_1_processing_system7_0_0/synth/design_1_processing_system7_0_0.v:491]
WARNING: [Synth 8-7071] port 'S_AXI_GP1_ARESETN' of module 'processing_system7_v5_5_processing_system7' is unconnected for instance 'inst' [c:/Users/qijin/Documents/MEng_ZYBO/hdmi_driver/Zybo-Z7-HW/Zybo-Z7-HW.gen/sources_1/bd/design_1/ip/design_1_processing_system7_0_0/synth/design_1_processing_system7_0_0.v:491]
WARNING: [Synth 8-7071] port 'S_AXI_ACP_ARESETN' of module 'processing_system7_v5_5_processing_system7' is unconnected for instance 'inst' [c:/Users/qijin/Documents/MEng_ZYBO/hdmi_driver/Zybo-Z7-HW/Zybo-Z7-HW.gen/sources_1/bd/design_1/ip/design_1_processing_system7_0_0/synth/design_1_processing_system7_0_0.v:491]
WARNING: [Synth 8-7071] port 'S_AXI_HP0_ARESETN' of module 'processing_system7_v5_5_processing_system7' is unconnected for instance 'inst' [c:/Users/qijin/Documents/MEng_ZYBO/hdmi_driver/Zybo-Z7-HW/Zybo-Z7-HW.gen/sources_1/bd/design_1/ip/design_1_processing_system7_0_0/synth/design_1_processing_system7_0_0.v:491]
WARNING: [Synth 8-7071] port 'S_AXI_HP1_ARESETN' of module 'processing_system7_v5_5_processing_system7' is unconnected for instance 'inst' [c:/Users/qijin/Documents/MEng_ZYBO/hdmi_driver/Zybo-Z7-HW/Zybo-Z7-HW.gen/sources_1/bd/design_1/ip/design_1_processing_system7_0_0/synth/design_1_processing_system7_0_0.v:491]
WARNING: [Synth 8-7071] port 'S_AXI_HP2_ARESETN' of module 'processing_system7_v5_5_processing_system7' is unconnected for instance 'inst' [c:/Users/qijin/Documents/MEng_ZYBO/hdmi_driver/Zybo-Z7-HW/Zybo-Z7-HW.gen/sources_1/bd/design_1/ip/design_1_processing_system7_0_0/synth/design_1_processing_system7_0_0.v:491]
WARNING: [Synth 8-7071] port 'S_AXI_HP3_ARESETN' of module 'processing_system7_v5_5_processing_system7' is unconnected for instance 'inst' [c:/Users/qijin/Documents/MEng_ZYBO/hdmi_driver/Zybo-Z7-HW/Zybo-Z7-HW.gen/sources_1/bd/design_1/ip/design_1_processing_system7_0_0/synth/design_1_processing_system7_0_0.v:491]
WARNING: [Synth 8-7071] port 'DMA0_RSTN' of module 'processing_system7_v5_5_processing_system7' is unconnected for instance 'inst' [c:/Users/qijin/Documents/MEng_ZYBO/hdmi_driver/Zybo-Z7-HW/Zybo-Z7-HW.gen/sources_1/bd/design_1/ip/design_1_processing_system7_0_0/synth/design_1_processing_system7_0_0.v:491]
WARNING: [Synth 8-7071] port 'DMA1_RSTN' of module 'processing_system7_v5_5_processing_system7' is unconnected for instance 'inst' [c:/Users/qijin/Documents/MEng_ZYBO/hdmi_driver/Zybo-Z7-HW/Zybo-Z7-HW.gen/sources_1/bd/design_1/ip/design_1_processing_system7_0_0/synth/design_1_processing_system7_0_0.v:491]
WARNING: [Synth 8-7071] port 'DMA2_RSTN' of module 'processing_system7_v5_5_processing_system7' is unconnected for instance 'inst' [c:/Users/qijin/Documents/MEng_ZYBO/hdmi_driver/Zybo-Z7-HW/Zybo-Z7-HW.gen/sources_1/bd/design_1/ip/design_1_processing_system7_0_0/synth/design_1_processing_system7_0_0.v:491]
WARNING: [Synth 8-7071] port 'DMA3_RSTN' of module 'processing_system7_v5_5_processing_system7' is unconnected for instance 'inst' [c:/Users/qijin/Documents/MEng_ZYBO/hdmi_driver/Zybo-Z7-HW/Zybo-Z7-HW.gen/sources_1/bd/design_1/ip/design_1_processing_system7_0_0/synth/design_1_processing_system7_0_0.v:491]
WARNING: [Synth 8-7023] instance 'inst' of module 'processing_system7_v5_5_processing_system7' has 685 connections declared, but only 672 given [c:/Users/qijin/Documents/MEng_ZYBO/hdmi_driver/Zybo-Z7-HW/Zybo-Z7-HW.gen/sources_1/bd/design_1/ip/design_1_processing_system7_0_0/synth/design_1_processing_system7_0_0.v:491]
WARNING: [Synth 8-7071] port 'USB0_PORT_INDCTL' of module 'design_1_processing_system7_0_0' is unconnected for instance 'processing_system7_0' [c:/Users/qijin/Documents/MEng_ZYBO/hdmi_driver/Zybo-Z7-HW/Zybo-Z7-HW.gen/sources_1/bd/design_1/synth/design_1.v:677]
WARNING: [Synth 8-7071] port 'USB0_VBUS_PWRSELECT' of module 'design_1_processing_system7_0_0' is unconnected for instance 'processing_system7_0' [c:/Users/qijin/Documents/MEng_ZYBO/hdmi_driver/Zybo-Z7-HW/Zybo-Z7-HW.gen/sources_1/bd/design_1/synth/design_1.v:677]
WARNING: [Synth 8-7071] port 'S_AXI_HP0_RCOUNT' of module 'design_1_processing_system7_0_0' is unconnected for instance 'processing_system7_0' [c:/Users/qijin/Documents/MEng_ZYBO/hdmi_driver/Zybo-Z7-HW/Zybo-Z7-HW.gen/sources_1/bd/design_1/synth/design_1.v:677]
WARNING: [Synth 8-7071] port 'S_AXI_HP0_WCOUNT' of module 'design_1_processing_system7_0_0' is unconnected for instance 'processing_system7_0' [c:/Users/qijin/Documents/MEng_ZYBO/hdmi_driver/Zybo-Z7-HW/Zybo-Z7-HW.gen/sources_1/bd/design_1/synth/design_1.v:677]
WARNING: [Synth 8-7071] port 'S_AXI_HP0_RACOUNT' of module 'design_1_processing_system7_0_0' is unconnected for instance 'processing_system7_0' [c:/Users/qijin/Documents/MEng_ZYBO/hdmi_driver/Zybo-Z7-HW/Zybo-Z7-HW.gen/sources_1/bd/design_1/synth/design_1.v:677]
WARNING: [Synth 8-7071] port 'S_AXI_HP0_WACOUNT' of module 'design_1_processing_system7_0_0' is unconnected for instance 'processing_system7_0' [c:/Users/qijin/Documents/MEng_ZYBO/hdmi_driver/Zybo-Z7-HW/Zybo-Z7-HW.gen/sources_1/bd/design_1/synth/design_1.v:677]
WARNING: [Synth 8-7071] port 'FCLK_CLK2' of module 'design_1_processing_system7_0_0' is unconnected for instance 'processing_system7_0' [c:/Users/qijin/Documents/MEng_ZYBO/hdmi_driver/Zybo-Z7-HW/Zybo-Z7-HW.gen/sources_1/bd/design_1/synth/design_1.v:677]
WARNING: [Synth 8-7023] instance 'processing_system7_0' of module 'design_1_processing_system7_0_0' has 119 connections declared, but only 112 given [c:/Users/qijin/Documents/MEng_ZYBO/hdmi_driver/Zybo-Z7-HW/Zybo-Z7-HW.gen/sources_1/bd/design_1/synth/design_1.v:677]
INFO: [Synth 8-638] synthesizing module 'design_1_rgb2dvi_1_0' [c:/Users/qijin/Documents/MEng_ZYBO/hdmi_driver/Zybo-Z7-HW/Zybo-Z7-HW.gen/sources_1/bd/design_1/ip/design_1_rgb2dvi_1_0/synth/design_1_rgb2dvi_1_0.vhd:72]
	Parameter kGenerateSerialClk bound to: 0 - type: bool 
	Parameter kClkPrimitive bound to: PLL - type: string 
	Parameter kRstActiveHigh bound to: 0 - type: bool 
	Parameter kClkRange bound to: 1 - type: integer 
	Parameter kD0Swap bound to: 0 - type: bool 
	Parameter kD1Swap bound to: 0 - type: bool 
	Parameter kD2Swap bound to: 0 - type: bool 
	Parameter kClkSwap bound to: 0 - type: bool 
INFO: [Synth 8-3491] module 'rgb2dvi' declared at 'c:/Users/qijin/Documents/MEng_ZYBO/hdmi_driver/Zybo-Z7-HW/Zybo-Z7-HW.gen/sources_1/bd/design_1/ipshared/d57c/src/rgb2dvi.vhd:62' bound to instance 'U0' of component 'rgb2dvi' [c:/Users/qijin/Documents/MEng_ZYBO/hdmi_driver/Zybo-Z7-HW/Zybo-Z7-HW.gen/sources_1/bd/design_1/ip/design_1_rgb2dvi_1_0/synth/design_1_rgb2dvi_1_0.vhd:124]
INFO: [Synth 8-638] synthesizing module 'rgb2dvi' [c:/Users/qijin/Documents/MEng_ZYBO/hdmi_driver/Zybo-Z7-HW/Zybo-Z7-HW.gen/sources_1/bd/design_1/ipshared/d57c/src/rgb2dvi.vhd:94]
INFO: [Synth 8-638] synthesizing module 'ResetBridge' [c:/Users/qijin/Documents/MEng_ZYBO/hdmi_driver/Zybo-Z7-HW/Zybo-Z7-HW.gen/sources_1/bd/design_1/ipshared/d57c/src/SyncAsyncReset.vhd:72]
INFO: [Synth 8-638] synthesizing module 'SyncAsync' [c:/Users/qijin/Documents/MEng_ZYBO/hdmi_driver/Zybo-Z7-HW/Zybo-Z7-HW.gen/sources_1/bd/design_1/ipshared/d57c/src/SyncAsync.vhd:72]
INFO: [Synth 8-256] done synthesizing module 'SyncAsync' (0#1) [c:/Users/qijin/Documents/MEng_ZYBO/hdmi_driver/Zybo-Z7-HW/Zybo-Z7-HW.gen/sources_1/bd/design_1/ipshared/d57c/src/SyncAsync.vhd:72]
INFO: [Synth 8-256] done synthesizing module 'ResetBridge' (0#1) [c:/Users/qijin/Documents/MEng_ZYBO/hdmi_driver/Zybo-Z7-HW/Zybo-Z7-HW.gen/sources_1/bd/design_1/ipshared/d57c/src/SyncAsyncReset.vhd:72]
INFO: [Synth 8-638] synthesizing module 'OutputSERDES' [c:/Users/qijin/Documents/MEng_ZYBO/hdmi_driver/Zybo-Z7-HW/Zybo-Z7-HW.gen/sources_1/bd/design_1/ipshared/d57c/src/OutputSERDES.vhd:76]
	Parameter IOSTANDARD bound to: TMDS_33 - type: string 
INFO: [Synth 8-113] binding component instance 'OutputBuffer' to cell 'OBUFDS' [c:/Users/qijin/Documents/MEng_ZYBO/hdmi_driver/Zybo-Z7-HW/Zybo-Z7-HW.gen/sources_1/bd/design_1/ipshared/d57c/src/OutputSERDES.vhd:83]
	Parameter DATA_RATE_OQ bound to: DDR - type: string 
	Parameter DATA_RATE_TQ bound to: SDR - type: string 
	Parameter DATA_WIDTH bound to: 10 - type: integer 
	Parameter SERDES_MODE bound to: MASTER - type: string 
	Parameter TBYTE_CTL bound to: FALSE - type: string 
	Parameter TBYTE_SRC bound to: FALSE - type: string 
	Parameter TRISTATE_WIDTH bound to: 1 - type: integer 
INFO: [Synth 8-113] binding component instance 'SerializerMaster' to cell 'OSERDESE2' [c:/Users/qijin/Documents/MEng_ZYBO/hdmi_driver/Zybo-Z7-HW/Zybo-Z7-HW.gen/sources_1/bd/design_1/ipshared/d57c/src/OutputSERDES.vhd:92]
	Parameter DATA_RATE_OQ bound to: DDR - type: string 
	Parameter DATA_RATE_TQ bound to: SDR - type: string 
	Parameter DATA_WIDTH bound to: 10 - type: integer 
	Parameter SERDES_MODE bound to: SLAVE - type: string 
	Parameter TBYTE_CTL bound to: FALSE - type: string 
	Parameter TBYTE_SRC bound to: FALSE - type: string 
	Parameter TRISTATE_WIDTH bound to: 1 - type: integer 
INFO: [Synth 8-113] binding component instance 'SerializerSlave' to cell 'OSERDESE2' [c:/Users/qijin/Documents/MEng_ZYBO/hdmi_driver/Zybo-Z7-HW/Zybo-Z7-HW.gen/sources_1/bd/design_1/ipshared/d57c/src/OutputSERDES.vhd:135]
INFO: [Synth 8-256] done synthesizing module 'OutputSERDES' (0#1) [c:/Users/qijin/Documents/MEng_ZYBO/hdmi_driver/Zybo-Z7-HW/Zybo-Z7-HW.gen/sources_1/bd/design_1/ipshared/d57c/src/OutputSERDES.vhd:76]
INFO: [Synth 8-638] synthesizing module 'TMDS_Encoder' [c:/Users/qijin/Documents/MEng_ZYBO/hdmi_driver/Zybo-Z7-HW/Zybo-Z7-HW.gen/sources_1/bd/design_1/ipshared/d57c/src/TMDS_Encoder.vhd:80]
INFO: [Synth 8-256] done synthesizing module 'TMDS_Encoder' (0#1) [c:/Users/qijin/Documents/MEng_ZYBO/hdmi_driver/Zybo-Z7-HW/Zybo-Z7-HW.gen/sources_1/bd/design_1/ipshared/d57c/src/TMDS_Encoder.vhd:80]
INFO: [Synth 8-256] done synthesizing module 'rgb2dvi' (0#1) [c:/Users/qijin/Documents/MEng_ZYBO/hdmi_driver/Zybo-Z7-HW/Zybo-Z7-HW.gen/sources_1/bd/design_1/ipshared/d57c/src/rgb2dvi.vhd:94]
INFO: [Synth 8-256] done synthesizing module 'design_1_rgb2dvi_1_0' (0#1) [c:/Users/qijin/Documents/MEng_ZYBO/hdmi_driver/Zybo-Z7-HW/Zybo-Z7-HW.gen/sources_1/bd/design_1/ip/design_1_rgb2dvi_1_0/synth/design_1_rgb2dvi_1_0.vhd:72]
INFO: [Synth 8-6059] Synth Info: [XPM_MEMORY 20-1] MEMORY_PRIMITIVE (0) instructs Vivado Synthesis to choose the memory primitive type. Depending on their values, other XPM_MEMORY parameters may preclude the choice of certain memory primitive types. Review XPM_MEMORY documentation and parameter values to understand any limitations, or set MEMORY_PRIMITIVE to a different value.   [D:/xilinx/Vivado/2024.1/data/ip/xpm/xpm_memory/hdl/xpm_memory.sv:514]
INFO: [Synth 8-226] default block is never used [D:/xilinx/Vivado/2024.1/data/ip/xpm/xpm_fifo/hdl/xpm_fifo.sv:1220]
INFO: [Synth 8-226] default block is never used [D:/xilinx/Vivado/2024.1/data/ip/xpm/xpm_fifo/hdl/xpm_fifo.sv:1287]
INFO: [Synth 8-226] default block is never used [D:/xilinx/Vivado/2024.1/data/ip/xpm/xpm_fifo/hdl/xpm_fifo.sv:1309]
WARNING: [Synth 8-7071] port 'almost_full' of module 'xpm_fifo_async' is unconnected for instance 'XPM_FIFO_ASYNC_INST' [c:/Users/qijin/Documents/MEng_ZYBO/hdmi_driver/Zybo-Z7-HW/Zybo-Z7-HW.gen/sources_1/bd/design_1/ipshared/52cd/hdl/v_axi4s_vid_out_v4_0_vl_rfs.v:108]
WARNING: [Synth 8-7071] port 'wr_ack' of module 'xpm_fifo_async' is unconnected for instance 'XPM_FIFO_ASYNC_INST' [c:/Users/qijin/Documents/MEng_ZYBO/hdmi_driver/Zybo-Z7-HW/Zybo-Z7-HW.gen/sources_1/bd/design_1/ipshared/52cd/hdl/v_axi4s_vid_out_v4_0_vl_rfs.v:108]
WARNING: [Synth 8-7071] port 'almost_empty' of module 'xpm_fifo_async' is unconnected for instance 'XPM_FIFO_ASYNC_INST' [c:/Users/qijin/Documents/MEng_ZYBO/hdmi_driver/Zybo-Z7-HW/Zybo-Z7-HW.gen/sources_1/bd/design_1/ipshared/52cd/hdl/v_axi4s_vid_out_v4_0_vl_rfs.v:108]
WARNING: [Synth 8-7071] port 'data_valid' of module 'xpm_fifo_async' is unconnected for instance 'XPM_FIFO_ASYNC_INST' [c:/Users/qijin/Documents/MEng_ZYBO/hdmi_driver/Zybo-Z7-HW/Zybo-Z7-HW.gen/sources_1/bd/design_1/ipshared/52cd/hdl/v_axi4s_vid_out_v4_0_vl_rfs.v:108]
WARNING: [Synth 8-7023] instance 'XPM_FIFO_ASYNC_INST' of module 'xpm_fifo_async' has 26 connections declared, but only 22 given [c:/Users/qijin/Documents/MEng_ZYBO/hdmi_driver/Zybo-Z7-HW/Zybo-Z7-HW.gen/sources_1/bd/design_1/ipshared/52cd/hdl/v_axi4s_vid_out_v4_0_vl_rfs.v:108]
INFO: [Synth 8-155] case statement is not full and has no default [c:/Users/qijin/Documents/MEng_ZYBO/hdmi_driver/Zybo-Z7-HW/Zybo-Z7-HW.gen/sources_1/bd/design_1/ipshared/52cd/hdl/v_axi4s_vid_out_v4_0_vl_rfs.v:990]
INFO: [Synth 8-155] case statement is not full and has no default [c:/Users/qijin/Documents/MEng_ZYBO/hdmi_driver/Zybo-Z7-HW/Zybo-Z7-HW.gen/sources_1/bd/design_1/ipshared/52cd/hdl/v_axi4s_vid_out_v4_0_vl_rfs.v:688]
WARNING: [Synth 8-7071] port 'vid_vblank' of module 'design_1_v_axi4s_vid_out_0_0' is unconnected for instance 'v_axi4s_vid_out_0' [c:/Users/qijin/Documents/MEng_ZYBO/hdmi_driver/Zybo-Z7-HW/Zybo-Z7-HW.gen/sources_1/bd/design_1/synth/design_1.v:804]
WARNING: [Synth 8-7071] port 'vid_hblank' of module 'design_1_v_axi4s_vid_out_0_0' is unconnected for instance 'v_axi4s_vid_out_0' [c:/Users/qijin/Documents/MEng_ZYBO/hdmi_driver/Zybo-Z7-HW/Zybo-Z7-HW.gen/sources_1/bd/design_1/synth/design_1.v:804]
WARNING: [Synth 8-7071] port 'vid_field_id' of module 'design_1_v_axi4s_vid_out_0_0' is unconnected for instance 'v_axi4s_vid_out_0' [c:/Users/qijin/Documents/MEng_ZYBO/hdmi_driver/Zybo-Z7-HW/Zybo-Z7-HW.gen/sources_1/bd/design_1/synth/design_1.v:804]
WARNING: [Synth 8-7071] port 'locked' of module 'design_1_v_axi4s_vid_out_0_0' is unconnected for instance 'v_axi4s_vid_out_0' [c:/Users/qijin/Documents/MEng_ZYBO/hdmi_driver/Zybo-Z7-HW/Zybo-Z7-HW.gen/sources_1/bd/design_1/synth/design_1.v:804]
WARNING: [Synth 8-7071] port 'overflow' of module 'design_1_v_axi4s_vid_out_0_0' is unconnected for instance 'v_axi4s_vid_out_0' [c:/Users/qijin/Documents/MEng_ZYBO/hdmi_driver/Zybo-Z7-HW/Zybo-Z7-HW.gen/sources_1/bd/design_1/synth/design_1.v:804]
WARNING: [Synth 8-7071] port 'underflow' of module 'design_1_v_axi4s_vid_out_0_0' is unconnected for instance 'v_axi4s_vid_out_0' [c:/Users/qijin/Documents/MEng_ZYBO/hdmi_driver/Zybo-Z7-HW/Zybo-Z7-HW.gen/sources_1/bd/design_1/synth/design_1.v:804]
WARNING: [Synth 8-7071] port 'fifo_read_level' of module 'design_1_v_axi4s_vid_out_0_0' is unconnected for instance 'v_axi4s_vid_out_0' [c:/Users/qijin/Documents/MEng_ZYBO/hdmi_driver/Zybo-Z7-HW/Zybo-Z7-HW.gen/sources_1/bd/design_1/synth/design_1.v:804]
WARNING: [Synth 8-7071] port 'status' of module 'design_1_v_axi4s_vid_out_0_0' is unconnected for instance 'v_axi4s_vid_out_0' [c:/Users/qijin/Documents/MEng_ZYBO/hdmi_driver/Zybo-Z7-HW/Zybo-Z7-HW.gen/sources_1/bd/design_1/synth/design_1.v:804]
WARNING: [Synth 8-7071] port 'sof_state_out' of module 'design_1_v_axi4s_vid_out_0_0' is unconnected for instance 'v_axi4s_vid_out_0' [c:/Users/qijin/Documents/MEng_ZYBO/hdmi_driver/Zybo-Z7-HW/Zybo-Z7-HW.gen/sources_1/bd/design_1/synth/design_1.v:804]
WARNING: [Synth 8-7023] instance 'v_axi4s_vid_out_0' of module 'design_1_v_axi4s_vid_out_0_0' has 32 connections declared, but only 23 given [c:/Users/qijin/Documents/MEng_ZYBO/hdmi_driver/Zybo-Z7-HW/Zybo-Z7-HW.gen/sources_1/bd/design_1/synth/design_1.v:804]
INFO: [Synth 8-638] synthesizing module 'design_1_v_tc_out_0' [c:/Users/qijin/Documents/MEng_ZYBO/hdmi_driver/Zybo-Z7-HW/Zybo-Z7-HW.gen/sources_1/bd/design_1/ip/design_1_v_tc_out_0/synth/design_1_v_tc_out_0.vhd:97]
	Parameter C_HAS_AXI4_LITE bound to: 1 - type: integer 
	Parameter C_HAS_INTC_IF bound to: 0 - type: integer 
	Parameter C_ARBITRARY_RES_EN bound to: 0 - type: integer 
	Parameter C_VID_PPC bound to: 4 - type: integer 
	Parameter C_GEN_INTERLACED bound to: 0 - type: integer 
	Parameter C_GEN_HACTIVE_SIZE bound to: 1280 - type: integer 
	Parameter C_GEN_VACTIVE_SIZE bound to: 720 - type: integer 
	Parameter C_GEN_CPARITY bound to: 0 - type: integer 
	Parameter C_GEN_FIELDID_POLARITY bound to: 1 - type: integer 
	Parameter C_GEN_VBLANK_POLARITY bound to: 1 - type: integer 
	Parameter C_GEN_HBLANK_POLARITY bound to: 1 - type: integer 
	Parameter C_GEN_VSYNC_POLARITY bound to: 1 - type: integer 
	Parameter C_GEN_HSYNC_POLARITY bound to: 1 - type: integer 
	Parameter C_GEN_AVIDEO_POLARITY bound to: 1 - type: integer 
	Parameter C_GEN_ACHROMA_POLARITY bound to: 1 - type: integer 
	Parameter C_GEN_VIDEO_FORMAT bound to: 2 - type: integer 
	Parameter C_GEN_HFRAME_SIZE bound to: 1650 - type: integer 
	Parameter C_GEN_F0_VFRAME_SIZE bound to: 750 - type: integer 
	Parameter C_GEN_F1_VFRAME_SIZE bound to: 750 - type: integer 
	Parameter C_GEN_HSYNC_START bound to: 1390 - type: integer 
	Parameter C_GEN_HSYNC_END bound to: 1430 - type: integer 
	Parameter C_GEN_F0_VBLANK_HSTART bound to: 1280 - type: integer 
	Parameter C_GEN_F0_VBLANK_HEND bound to: 1280 - type: integer 
	Parameter C_GEN_F0_VSYNC_VSTART bound to: 724 - type: integer 
	Parameter C_GEN_F0_VSYNC_VEND bound to: 729 - type: integer 
	Parameter C_GEN_F0_VSYNC_HSTART bound to: 1280 - type: integer 
	Parameter C_GEN_F0_VSYNC_HEND bound to: 1280 - type: integer 
	Parameter C_GEN_F1_VBLANK_HSTART bound to: 1280 - type: integer 
	Parameter C_GEN_F1_VBLANK_HEND bound to: 1280 - type: integer 
	Parameter C_GEN_F1_VSYNC_VSTART bound to: 724 - type: integer 
	Parameter C_GEN_F1_VSYNC_VEND bound to: 729 - type: integer 
	Parameter C_GEN_F1_VSYNC_HSTART bound to: 1280 - type: integer 
	Parameter C_GEN_F1_VSYNC_HEND bound to: 1280 - type: integer 
	Parameter C_FSYNC_HSTART0 bound to: 0 - type: integer 
	Parameter C_FSYNC_VSTART0 bound to: 0 - type: integer 
	Parameter C_FSYNC_HSTART1 bound to: 0 - type: integer 
	Parameter C_FSYNC_VSTART1 bound to: 0 - type: integer 
	Parameter C_FSYNC_HSTART2 bound to: 0 - type: integer 
	Parameter C_FSYNC_VSTART2 bound to: 0 - type: integer 
	Parameter C_FSYNC_HSTART3 bound to: 0 - type: integer 
	Parameter C_FSYNC_VSTART3 bound to: 0 - type: integer 
	Parameter C_FSYNC_HSTART4 bound to: 0 - type: integer 
	Parameter C_FSYNC_VSTART4 bound to: 0 - type: integer 
	Parameter C_FSYNC_HSTART5 bound to: 0 - type: integer 
	Parameter C_FSYNC_VSTART5 bound to: 0 - type: integer 
	Parameter C_FSYNC_HSTART6 bound to: 0 - type: integer 
	Parameter C_FSYNC_VSTART6 bound to: 0 - type: integer 
	Parameter C_FSYNC_HSTART7 bound to: 0 - type: integer 
	Parameter C_FSYNC_VSTART7 bound to: 0 - type: integer 
	Parameter C_FSYNC_HSTART8 bound to: 0 - type: integer 
	Parameter C_FSYNC_VSTART8 bound to: 0 - type: integer 
	Parameter C_FSYNC_HSTART9 bound to: 0 - type: integer 
	Parameter C_FSYNC_VSTART9 bound to: 0 - type: integer 
	Parameter C_FSYNC_HSTART10 bound to: 0 - type: integer 
	Parameter C_FSYNC_VSTART10 bound to: 0 - type: integer 
	Parameter C_FSYNC_HSTART11 bound to: 0 - type: integer 
	Parameter C_FSYNC_VSTART11 bound to: 0 - type: integer 
	Parameter C_FSYNC_HSTART12 bound to: 0 - type: integer 
	Parameter C_FSYNC_VSTART12 bound to: 0 - type: integer 
	Parameter C_FSYNC_HSTART13 bound to: 0 - type: integer 
	Parameter C_FSYNC_VSTART13 bound to: 0 - type: integer 
	Parameter C_FSYNC_HSTART14 bound to: 0 - type: integer 
	Parameter C_FSYNC_VSTART14 bound to: 0 - type: integer 
	Parameter C_FSYNC_HSTART15 bound to: 0 - type: integer 
	Parameter C_FSYNC_VSTART15 bound to: 0 - type: integer 
	Parameter C_MAX_PIXELS bound to: 4096 - type: integer 
	Parameter C_MAX_LINES bound to: 4096 - type: integer 
	Parameter C_NUM_FSYNCS bound to: 1 - type: integer 
	Parameter C_INTERLACE_EN bound to: 0 - type: integer 
	Parameter C_GEN_AUTO_SWITCH bound to: 0 - type: integer 
	Parameter C_DETECT_EN bound to: 0 - type: integer 
	Parameter C_SYNC_EN bound to: 0 - type: integer 
	Parameter C_GENERATE_EN bound to: 1 - type: integer 
	Parameter C_DET_HSYNC_EN bound to: 1 - type: integer 
	Parameter C_DET_VSYNC_EN bound to: 1 - type: integer 
	Parameter C_DET_HBLANK_EN bound to: 1 - type: integer 
	Parameter C_DET_VBLANK_EN bound to: 1 - type: integer 
	Parameter C_DET_AVIDEO_EN bound to: 1 - type: integer 
	Parameter C_DET_ACHROMA_EN bound to: 0 - type: integer 
	Parameter C_GEN_HSYNC_EN bound to: 1 - type: integer 
	Parameter C_GEN_VSYNC_EN bound to: 1 - type: integer 
	Parameter C_GEN_HBLANK_EN bound to: 1 - type: integer 
	Parameter C_GEN_VBLANK_EN bound to: 1 - type: integer 
	Parameter C_GEN_AVIDEO_EN bound to: 1 - type: integer 
	Parameter C_GEN_ACHROMA_EN bound to: 0 - type: integer 
	Parameter C_GEN_FIELDID_EN bound to: 0 - type: integer 
	Parameter C_DET_FIELDID_EN bound to: 0 - type: integer 
INFO: [Synth 8-3491] module 'v_tc' declared at 'c:/Users/qijin/Documents/MEng_ZYBO/hdmi_driver/Zybo-Z7-HW/Zybo-Z7-HW.gen/sources_1/bd/design_1/ipshared/5959/hdl/v_tc_v6_2_vh_rfs.vhd:9570' bound to instance 'U0' of component 'v_tc' [c:/Users/qijin/Documents/MEng_ZYBO/hdmi_driver/Zybo-Z7-HW/Zybo-Z7-HW.gen/sources_1/bd/design_1/ip/design_1_v_tc_out_0/synth/design_1_v_tc_out_0.vhd:293]
INFO: [Synth 8-638] synthesizing module 'axi_lite_ipif' [c:/Users/qijin/Documents/MEng_ZYBO/hdmi_driver/Zybo-Z7-HW/Zybo-Z7-HW.gen/sources_1/bd/design_1/ipshared/66ea/hdl/axi_lite_ipif_v3_0_vh_rfs.vhd:2948]
INFO: [Synth 8-638] synthesizing module 'slave_attachment' [c:/Users/qijin/Documents/MEng_ZYBO/hdmi_driver/Zybo-Z7-HW/Zybo-Z7-HW.gen/sources_1/bd/design_1/ipshared/66ea/hdl/axi_lite_ipif_v3_0_vh_rfs.vhd:2341]
INFO: [Synth 8-638] synthesizing module 'address_decoder' [c:/Users/qijin/Documents/MEng_ZYBO/hdmi_driver/Zybo-Z7-HW/Zybo-Z7-HW.gen/sources_1/bd/design_1/ipshared/66ea/hdl/axi_lite_ipif_v3_0_vh_rfs.vhd:1775]
INFO: [Synth 8-638] synthesizing module 'pselect_f' [c:/Users/qijin/Documents/MEng_ZYBO/hdmi_driver/Zybo-Z7-HW/Zybo-Z7-HW.gen/sources_1/bd/design_1/ipshared/66ea/hdl/axi_lite_ipif_v3_0_vh_rfs.vhd:1534]
INFO: [Synth 8-256] done synthesizing module 'pselect_f' (0#1) [c:/Users/qijin/Documents/MEng_ZYBO/hdmi_driver/Zybo-Z7-HW/Zybo-Z7-HW.gen/sources_1/bd/design_1/ipshared/66ea/hdl/axi_lite_ipif_v3_0_vh_rfs.vhd:1534]
INFO: [Synth 8-638] synthesizing module 'pselect_f__parameterized0' [c:/Users/qijin/Documents/MEng_ZYBO/hdmi_driver/Zybo-Z7-HW/Zybo-Z7-HW.gen/sources_1/bd/design_1/ipshared/66ea/hdl/axi_lite_ipif_v3_0_vh_rfs.vhd:1534]
INFO: [Synth 8-256] done synthesizing module 'pselect_f__parameterized0' (0#1) [c:/Users/qijin/Documents/MEng_ZYBO/hdmi_driver/Zybo-Z7-HW/Zybo-Z7-HW.gen/sources_1/bd/design_1/ipshared/66ea/hdl/axi_lite_ipif_v3_0_vh_rfs.vhd:1534]
INFO: [Synth 8-256] done synthesizing module 'address_decoder' (0#1) [c:/Users/qijin/Documents/MEng_ZYBO/hdmi_driver/Zybo-Z7-HW/Zybo-Z7-HW.gen/sources_1/bd/design_1/ipshared/66ea/hdl/axi_lite_ipif_v3_0_vh_rfs.vhd:1775]
INFO: [Synth 8-226] default block is never used [c:/Users/qijin/Documents/MEng_ZYBO/hdmi_driver/Zybo-Z7-HW/Zybo-Z7-HW.gen/sources_1/bd/design_1/ipshared/66ea/hdl/axi_lite_ipif_v3_0_vh_rfs.vhd:2550]
INFO: [Synth 8-256] done synthesizing module 'slave_attachment' (0#1) [c:/Users/qijin/Documents/MEng_ZYBO/hdmi_driver/Zybo-Z7-HW/Zybo-Z7-HW.gen/sources_1/bd/design_1/ipshared/66ea/hdl/axi_lite_ipif_v3_0_vh_rfs.vhd:2341]
INFO: [Synth 8-256] done synthesizing module 'axi_lite_ipif' (0#1) [c:/Users/qijin/Documents/MEng_ZYBO/hdmi_driver/Zybo-Z7-HW/Zybo-Z7-HW.gen/sources_1/bd/design_1/ipshared/66ea/hdl/axi_lite_ipif_v3_0_vh_rfs.vhd:2948]
INFO: [Synth 8-256] done synthesizing module 'design_1_v_tc_out_0' (0#1) [c:/Users/qijin/Documents/MEng_ZYBO/hdmi_driver/Zybo-Z7-HW/Zybo-Z7-HW.gen/sources_1/bd/design_1/ip/design_1_v_tc_out_0/synth/design_1_v_tc_out_0.vhd:97]
WARNING: [Synth 8-7071] port 'irq' of module 'design_1_v_tc_out_0' is unconnected for instance 'v_tc_out' [c:/Users/qijin/Documents/MEng_ZYBO/hdmi_driver/Zybo-Z7-HW/Zybo-Z7-HW.gen/sources_1/bd/design_1/synth/design_1.v:828]
WARNING: [Synth 8-7071] port 'fsync_out' of module 'design_1_v_tc_out_0' is unconnected for instance 'v_tc_out' [c:/Users/qijin/Documents/MEng_ZYBO/hdmi_driver/Zybo-Z7-HW/Zybo-Z7-HW.gen/sources_1/bd/design_1/synth/design_1.v:828]
WARNING: [Synth 8-7023] instance 'v_tc_out' of module 'design_1_v_tc_out_0' has 33 connections declared, but only 31 given [c:/Users/qijin/Documents/MEng_ZYBO/hdmi_driver/Zybo-Z7-HW/Zybo-Z7-HW.gen/sources_1/bd/design_1/synth/design_1.v:828]
WARNING: [Synth 8-6014] Unused sequential element state_r1_reg was removed.  [c:/Users/qijin/Documents/MEng_ZYBO/hdmi_driver/Zybo-Z7-HW/Zybo-Z7-HW.gen/sources_1/bd/design_1/ipshared/3c06/hdl/axi_protocol_converter_v2_1_vl_rfs.v:3596]
WARNING: [Synth 8-6014] Unused sequential element s_arlen_r_reg was removed.  [c:/Users/qijin/Documents/MEng_ZYBO/hdmi_driver/Zybo-Z7-HW/Zybo-Z7-HW.gen/sources_1/bd/design_1/ipshared/3c06/hdl/axi_protocol_converter_v2_1_vl_rfs.v:3597]
WARNING: [Synth 8-6014] Unused sequential element gen_debug_trans_seq.debug_aw_trans_seq_i_reg was removed.  [c:/Users/qijin/Documents/MEng_ZYBO/hdmi_driver/Zybo-Z7-HW/Zybo-Z7-HW.gen/sources_1/bd/design_1/ipshared/e9d8/hdl/axi_crossbar_v2_1_vl_rfs.v:2051]
WARNING: [Synth 8-6014] Unused sequential element gen_debug_trans_seq.debug_ar_trans_seq_i_reg was removed.  [c:/Users/qijin/Documents/MEng_ZYBO/hdmi_driver/Zybo-Z7-HW/Zybo-Z7-HW.gen/sources_1/bd/design_1/ipshared/e9d8/hdl/axi_crossbar_v2_1_vl_rfs.v:2062]
WARNING: [Synth 8-6014] Unused sequential element gen_debug_trans_seq.debug_w_beat_cnt_i_reg was removed.  [c:/Users/qijin/Documents/MEng_ZYBO/hdmi_driver/Zybo-Z7-HW/Zybo-Z7-HW.gen/sources_1/bd/design_1/ipshared/e9d8/hdl/axi_crossbar_v2_1_vl_rfs.v:2073]
WARNING: [Synth 8-6014] Unused sequential element gen_debug_trans_seq.debug_r_beat_cnt_i_reg was removed.  [c:/Users/qijin/Documents/MEng_ZYBO/hdmi_driver/Zybo-Z7-HW/Zybo-Z7-HW.gen/sources_1/bd/design_1/ipshared/e9d8/hdl/axi_crossbar_v2_1_vl_rfs.v:2086]
WARNING: [Synth 8-6014] Unused sequential element S_AXI_AUSER_Q_reg was removed.  [c:/Users/qijin/Documents/MEng_ZYBO/hdmi_driver/Zybo-Z7-HW/Zybo-Z7-HW.gen/sources_1/bd/design_1/ipshared/3c06/hdl/axi_protocol_converter_v2_1_vl_rfs.v:280]
WARNING: [Synth 8-6014] Unused sequential element NO_B_CHANNEL.cmd_b_depth_reg was removed.  [c:/Users/qijin/Documents/MEng_ZYBO/hdmi_driver/Zybo-Z7-HW/Zybo-Z7-HW.gen/sources_1/bd/design_1/ipshared/3c06/hdl/axi_protocol_converter_v2_1_vl_rfs.v:852]
WARNING: [Synth 8-6014] Unused sequential element S_AXI_AUSER_Q_reg was removed.  [c:/Users/qijin/Documents/MEng_ZYBO/hdmi_driver/Zybo-Z7-HW/Zybo-Z7-HW.gen/sources_1/bd/design_1/ipshared/3c06/hdl/axi_protocol_converter_v2_1_vl_rfs.v:280]
WARNING: [Synth 8-6014] Unused sequential element cmd_b_push_block_reg was removed.  [c:/Users/qijin/Documents/MEng_ZYBO/hdmi_driver/Zybo-Z7-HW/Zybo-Z7-HW.gen/sources_1/bd/design_1/ipshared/3c06/hdl/axi_protocol_converter_v2_1_vl_rfs.v:636]
WARNING: [Synth 8-6014] Unused sequential element areset_d1_reg was removed.  [c:/Users/qijin/Documents/MEng_ZYBO/hdmi_driver/Zybo-Z7-HW/Zybo-Z7-HW.gen/sources_1/bd/design_1/ipshared/9692/hdl/axi_data_fifo_v2_1_vl_rfs.v:747]
WARNING: [Synth 8-6014] Unused sequential element S_READY_i_reg was removed.  [c:/Users/qijin/Documents/MEng_ZYBO/hdmi_driver/Zybo-Z7-HW/Zybo-Z7-HW.gen/sources_1/bd/design_1/ipshared/9692/hdl/axi_data_fifo_v2_1_vl_rfs.v:786]
WARNING: [Synth 8-6014] Unused sequential element gen_single_thread.gen_debug_r_single_thread.debug_r_beat_cnt_i_reg was removed.  [c:/Users/qijin/Documents/MEng_ZYBO/hdmi_driver/Zybo-Z7-HW/Zybo-Z7-HW.gen/sources_1/bd/design_1/ipshared/e9d8/hdl/axi_crossbar_v2_1_vl_rfs.v:4184]
WARNING: [Synth 8-6014] Unused sequential element gen_single_thread.active_id_reg was removed.  [c:/Users/qijin/Documents/MEng_ZYBO/hdmi_driver/Zybo-Z7-HW/Zybo-Z7-HW.gen/sources_1/bd/design_1/ipshared/e9d8/hdl/axi_crossbar_v2_1_vl_rfs.v:4142]
WARNING: [Synth 8-6014] Unused sequential element gen_single_thread.gen_debug_r_single_thread.debug_r_beat_cnt_i_reg was removed.  [c:/Users/qijin/Documents/MEng_ZYBO/hdmi_driver/Zybo-Z7-HW/Zybo-Z7-HW.gen/sources_1/bd/design_1/ipshared/e9d8/hdl/axi_crossbar_v2_1_vl_rfs.v:4184]
WARNING: [Synth 8-6014] Unused sequential element gen_single_thread.active_id_reg was removed.  [c:/Users/qijin/Documents/MEng_ZYBO/hdmi_driver/Zybo-Z7-HW/Zybo-Z7-HW.gen/sources_1/bd/design_1/ipshared/e9d8/hdl/axi_crossbar_v2_1_vl_rfs.v:4142]
WARNING: [Synth 8-6014] Unused sequential element areset_d1_reg was removed.  [c:/Users/qijin/Documents/MEng_ZYBO/hdmi_driver/Zybo-Z7-HW/Zybo-Z7-HW.gen/sources_1/bd/design_1/ipshared/9692/hdl/axi_data_fifo_v2_1_vl_rfs.v:747]
WARNING: [Synth 8-6014] Unused sequential element S_READY_i_reg was removed.  [c:/Users/qijin/Documents/MEng_ZYBO/hdmi_driver/Zybo-Z7-HW/Zybo-Z7-HW.gen/sources_1/bd/design_1/ipshared/9692/hdl/axi_data_fifo_v2_1_vl_rfs.v:786]
WARNING: [Synth 8-6014] Unused sequential element s_ready_i_reg was removed.  [c:/Users/qijin/Documents/MEng_ZYBO/hdmi_driver/Zybo-Z7-HW/Zybo-Z7-HW.gen/sources_1/bd/design_1/ipshared/9692/hdl/axi_data_fifo_v2_1_vl_rfs.v:1034]
WARNING: [Synth 8-6014] Unused sequential element s_ready_i_reg was removed.  [c:/Users/qijin/Documents/MEng_ZYBO/hdmi_driver/Zybo-Z7-HW/Zybo-Z7-HW.gen/sources_1/bd/design_1/ipshared/9692/hdl/axi_data_fifo_v2_1_vl_rfs.v:1034]
WARNING: [Synth 8-6014] Unused sequential element gen_master_slots[0].gen_mi_write.gen_debug_w.debug_w_beat_cnt_i_reg was removed.  [c:/Users/qijin/Documents/MEng_ZYBO/hdmi_driver/Zybo-Z7-HW/Zybo-Z7-HW.gen/sources_1/bd/design_1/ipshared/e9d8/hdl/axi_crossbar_v2_1_vl_rfs.v:2991]
WARNING: [Synth 8-6014] Unused sequential element gen_master_slots[1].gen_mi_write.gen_debug_w.debug_w_beat_cnt_i_reg was removed.  [c:/Users/qijin/Documents/MEng_ZYBO/hdmi_driver/Zybo-Z7-HW/Zybo-Z7-HW.gen/sources_1/bd/design_1/ipshared/e9d8/hdl/axi_crossbar_v2_1_vl_rfs.v:2991]
INFO: [Synth 8-3936] Found unconnected internal register 'DYNAMIC_GENLOCK_FOR_SLAVE.grey_frmstr_adjusted_reg' and it is trimmed from '6' to '2' bits. [c:/Users/qijin/Documents/MEng_ZYBO/hdmi_driver/Zybo-Z7-HW/Zybo-Z7-HW.gen/sources_1/bd/design_1/ipshared/a4a8/hdl/axi_vdma_v6_3_rfs.vhd:60274]
WARNING: [Synth 8-6014] Unused sequential element DYNAMIC_SLAVE_MODE_FRAME_CNT.frame_sync_d1_reg was removed.  [c:/Users/qijin/Documents/MEng_ZYBO/hdmi_driver/Zybo-Z7-HW/Zybo-Z7-HW.gen/sources_1/bd/design_1/ipshared/a4a8/hdl/axi_vdma_v6_3_rfs.vhd:64358]
WARNING: [Synth 8-6014] Unused sequential element DYNAMIC_SLAVE_MODE_FRAME_CNT.frame_sync_d2_reg was removed.  [c:/Users/qijin/Documents/MEng_ZYBO/hdmi_driver/Zybo-Z7-HW/Zybo-Z7-HW.gen/sources_1/bd/design_1/ipshared/a4a8/hdl/axi_vdma_v6_3_rfs.vhd:64359]
WARNING: [Synth 8-6014] Unused sequential element DYNAMIC_SLAVE_MODE_FRAME_CNT.genlock_pair_frame_reg was removed.  [c:/Users/qijin/Documents/MEng_ZYBO/hdmi_driver/Zybo-Z7-HW/Zybo-Z7-HW.gen/sources_1/bd/design_1/ipshared/a4a8/hdl/axi_vdma_v6_3_rfs.vhd:64439]
WARNING: [Synth 8-6014] Unused sequential element gen_rd_b.gen_doutb_pipe.enb_pipe_reg[0] was removed.  [D:/xilinx/Vivado/2024.1/data/ip/xpm/xpm_memory/hdl/xpm_memory.sv:3077]
WARNING: [Synth 8-6014] Unused sequential element gdvld.data_valid_std_reg was removed.  [D:/xilinx/Vivado/2024.1/data/ip/xpm/xpm_fifo/hdl/xpm_fifo.sv:550]
WARNING: [Synth 8-6014] Unused sequential element gen_fwft.empty_fwft_fb_reg was removed.  [D:/xilinx/Vivado/2024.1/data/ip/xpm/xpm_fifo/hdl/xpm_fifo.sv:1404]
WARNING: [Synth 8-6014] Unused sequential element GEN_LINEBUF_NO_SOF.m_skid_reset_reg was removed.  [c:/Users/qijin/Documents/MEng_ZYBO/hdmi_driver/Zybo-Z7-HW/Zybo-Z7-HW.gen/sources_1/bd/design_1/ipshared/a4a8/hdl/axi_vdma_v6_3_rfs.vhd:47234]
WARNING: [Synth 8-6014] Unused sequential element GEN_LINEBUF_NO_SOF.s_axis_fifo_ainit_nosync_reg_reg was removed.  [c:/Users/qijin/Documents/MEng_ZYBO/hdmi_driver/Zybo-Z7-HW/Zybo-Z7-HW.gen/sources_1/bd/design_1/ipshared/a4a8/hdl/axi_vdma_v6_3_rfs.vhd:47274]
INFO: [Synth 8-3936] Found unconnected internal register 'DYNAMIC_GENLOCK_FOR_MASTER.grey_frmstr_adjusted_reg' and it is trimmed from '6' to '2' bits. [c:/Users/qijin/Documents/MEng_ZYBO/hdmi_driver/Zybo-Z7-HW/Zybo-Z7-HW.gen/sources_1/bd/design_1/ipshared/a4a8/hdl/axi_vdma_v6_3_rfs.vhd:59569]
WARNING: [Synth 8-6014] Unused sequential element GEN_FRMSTORE_EXTFSYNC.all_idle_d1_reg was removed.  [c:/Users/qijin/Documents/MEng_ZYBO/hdmi_driver/Zybo-Z7-HW/Zybo-Z7-HW.gen/sources_1/bd/design_1/ipshared/a4a8/hdl/axi_vdma_v6_3_rfs.vhd:64095]
WARNING: [Synth 8-6014] Unused sequential element GEN_FRMSTORE_EXTFSYNC.late_idle_reg was removed.  [c:/Users/qijin/Documents/MEng_ZYBO/hdmi_driver/Zybo-Z7-HW/Zybo-Z7-HW.gen/sources_1/bd/design_1/ipshared/a4a8/hdl/axi_vdma_v6_3_rfs.vhd:64111]
WARNING: [Synth 8-6014] Unused sequential element gen_rd_b.gen_doutb_pipe.enb_pipe_reg[0] was removed.  [D:/xilinx/Vivado/2024.1/data/ip/xpm/xpm_memory/hdl/xpm_memory.sv:3077]
WARNING: [Synth 8-6014] Unused sequential element gdvld.data_valid_std_reg was removed.  [D:/xilinx/Vivado/2024.1/data/ip/xpm/xpm_fifo/hdl/xpm_fifo.sv:550]
WARNING: [Synth 8-6014] Unused sequential element gen_fwft.empty_fwft_fb_reg was removed.  [D:/xilinx/Vivado/2024.1/data/ip/xpm/xpm_fifo/hdl/xpm_fifo.sv:1404]
WARNING: [Synth 8-6014] Unused sequential element s_axis_fifo_ainit_nosync_reg_reg was removed.  [c:/Users/qijin/Documents/MEng_ZYBO/hdmi_driver/Zybo-Z7-HW/Zybo-Z7-HW.gen/sources_1/bd/design_1/ipshared/a4a8/hdl/axi_vdma_v6_3_rfs.vhd:49184]
WARNING: [Synth 8-6014] Unused sequential element sig_cmd_stat_rst_int_reg_n_reg was removed.  [c:/Users/qijin/Documents/MEng_ZYBO/hdmi_driver/Zybo-Z7-HW/Zybo-Z7-HW.gen/sources_1/bd/design_1/ipshared/bf20/hdl/axi_datamover_v5_1_vh_rfs.vhd:185]
WARNING: [Synth 8-6014] Unused sequential element sig_mmap_rst_reg_n_reg was removed.  [c:/Users/qijin/Documents/MEng_ZYBO/hdmi_driver/Zybo-Z7-HW/Zybo-Z7-HW.gen/sources_1/bd/design_1/ipshared/bf20/hdl/axi_datamover_v5_1_vh_rfs.vhd:188]
WARNING: [Synth 8-6014] Unused sequential element sig_stream_rst_reg_n_reg was removed.  [c:/Users/qijin/Documents/MEng_ZYBO/hdmi_driver/Zybo-Z7-HW/Zybo-Z7-HW.gen/sources_1/bd/design_1/ipshared/bf20/hdl/axi_datamover_v5_1_vh_rfs.vhd:191]
WARNING: [Synth 8-6014] Unused sequential element sig_input_reg_full_reg was removed.  [c:/Users/qijin/Documents/MEng_ZYBO/hdmi_driver/Zybo-Z7-HW/Zybo-Z7-HW.gen/sources_1/bd/design_1/ipshared/bf20/hdl/axi_datamover_v5_1_vh_rfs.vhd:7997]
WARNING: [Synth 8-6014] Unused sequential element sig_xfer_reg_full_reg was removed.  [c:/Users/qijin/Documents/MEng_ZYBO/hdmi_driver/Zybo-Z7-HW/Zybo-Z7-HW.gen/sources_1/bd/design_1/ipshared/bf20/hdl/axi_datamover_v5_1_vh_rfs.vhd:8308]
WARNING: [Synth 8-6014] Unused sequential element sig_next_tag_reg_reg was removed.  [c:/Users/qijin/Documents/MEng_ZYBO/hdmi_driver/Zybo-Z7-HW/Zybo-Z7-HW.gen/sources_1/bd/design_1/ipshared/bf20/hdl/axi_datamover_v5_1_vh_rfs.vhd:10353]
WARNING: [Synth 8-6014] Unused sequential element sig_next_cmd_cmplt_reg_reg was removed.  [c:/Users/qijin/Documents/MEng_ZYBO/hdmi_driver/Zybo-Z7-HW/Zybo-Z7-HW.gen/sources_1/bd/design_1/ipshared/bf20/hdl/axi_datamover_v5_1_vh_rfs.vhd:10360]
WARNING: [Synth 8-6014] Unused sequential element sig_next_dre_src_align_reg_reg was removed.  [c:/Users/qijin/Documents/MEng_ZYBO/hdmi_driver/Zybo-Z7-HW/Zybo-Z7-HW.gen/sources_1/bd/design_1/ipshared/bf20/hdl/axi_datamover_v5_1_vh_rfs.vhd:12817]
WARNING: [Synth 8-6014] Unused sequential element sig_next_dre_dest_align_reg_reg was removed.  [c:/Users/qijin/Documents/MEng_ZYBO/hdmi_driver/Zybo-Z7-HW/Zybo-Z7-HW.gen/sources_1/bd/design_1/ipshared/bf20/hdl/axi_datamover_v5_1_vh_rfs.vhd:12818]
WARNING: [Synth 8-6014] Unused sequential element sig_coelsc_reg_empty_reg was removed.  [c:/Users/qijin/Documents/MEng_ZYBO/hdmi_driver/Zybo-Z7-HW/Zybo-Z7-HW.gen/sources_1/bd/design_1/ipshared/bf20/hdl/axi_datamover_v5_1_vh_rfs.vhd:13156]
WARNING: [Synth 8-6014] Unused sequential element gen_rd_b.gen_doutb_pipe.enb_pipe_reg[0] was removed.  [D:/xilinx/Vivado/2024.1/data/ip/xpm/xpm_memory/hdl/xpm_memory.sv:3077]
WARNING: [Synth 8-6014] Unused sequential element gdvld.data_valid_std_reg was removed.  [D:/xilinx/Vivado/2024.1/data/ip/xpm/xpm_fifo/hdl/xpm_fifo.sv:550]
WARNING: [Synth 8-6014] Unused sequential element gen_pntr_flags_cc.gae_cc_std.ram_aempty_i_reg was removed.  [D:/xilinx/Vivado/2024.1/data/ip/xpm/xpm_fifo/hdl/xpm_fifo.sv:982]
WARNING: [Synth 8-6014] Unused sequential element gen_fwft.empty_fwft_fb_reg was removed.  [D:/xilinx/Vivado/2024.1/data/ip/xpm/xpm_fifo/hdl/xpm_fifo.sv:1404]
WARNING: [Synth 8-6014] Unused sequential element hold_ff_q_reg was removed.  [c:/Users/qijin/Documents/MEng_ZYBO/hdmi_driver/Zybo-Z7-HW/Zybo-Z7-HW.gen/sources_1/bd/design_1/ipshared/bf20/hdl/axi_datamover_v5_1_vh_rfs.vhd:1493]
WARNING: [Synth 8-6014] Unused sequential element sig_input_reg_full_reg was removed.  [c:/Users/qijin/Documents/MEng_ZYBO/hdmi_driver/Zybo-Z7-HW/Zybo-Z7-HW.gen/sources_1/bd/design_1/ipshared/bf20/hdl/axi_datamover_v5_1_vh_rfs.vhd:26239]
WARNING: [Synth 8-6014] Unused sequential element sig_psm_ld_calc2_reg was removed.  [c:/Users/qijin/Documents/MEng_ZYBO/hdmi_driver/Zybo-Z7-HW/Zybo-Z7-HW.gen/sources_1/bd/design_1/ipshared/bf20/hdl/axi_datamover_v5_1_vh_rfs.vhd:26443]
WARNING: [Synth 8-6014] Unused sequential element sig_child_cmd_reg_empty_reg was removed.  [c:/Users/qijin/Documents/MEng_ZYBO/hdmi_driver/Zybo-Z7-HW/Zybo-Z7-HW.gen/sources_1/bd/design_1/ipshared/bf20/hdl/axi_datamover_v5_1_vh_rfs.vhd:26899]
WARNING: [Synth 8-6014] Unused sequential element sig_first_child_xfer_reg was removed.  [c:/Users/qijin/Documents/MEng_ZYBO/hdmi_driver/Zybo-Z7-HW/Zybo-Z7-HW.gen/sources_1/bd/design_1/ipshared/bf20/hdl/axi_datamover_v5_1_vh_rfs.vhd:27444]
WARNING: [Synth 8-6014] Unused sequential element sig_xfer_is_seq_reg was removed.  [c:/Users/qijin/Documents/MEng_ZYBO/hdmi_driver/Zybo-Z7-HW/Zybo-Z7-HW.gen/sources_1/bd/design_1/ipshared/bf20/hdl/axi_datamover_v5_1_vh_rfs.vhd:27943]
WARNING: [Synth 8-6014] Unused sequential element sig_xfer_reg_empty_reg was removed.  [c:/Users/qijin/Documents/MEng_ZYBO/hdmi_driver/Zybo-Z7-HW/Zybo-Z7-HW.gen/sources_1/bd/design_1/ipshared/bf20/hdl/axi_datamover_v5_1_vh_rfs.vhd:28036]
WARNING: [Synth 8-6014] Unused sequential element sig_xfer_reg_full_reg was removed.  [c:/Users/qijin/Documents/MEng_ZYBO/hdmi_driver/Zybo-Z7-HW/Zybo-Z7-HW.gen/sources_1/bd/design_1/ipshared/bf20/hdl/axi_datamover_v5_1_vh_rfs.vhd:28037]
WARNING: [Synth 8-6014] Unused sequential element sig_sm_ld_scatter_cmd_reg was removed.  [c:/Users/qijin/Documents/MEng_ZYBO/hdmi_driver/Zybo-Z7-HW/Zybo-Z7-HW.gen/sources_1/bd/design_1/ipshared/bf20/hdl/axi_datamover_v5_1_vh_rfs.vhd:47314]
WARNING: [Synth 8-6014] Unused sequential element gen_rd_b.gen_doutb_pipe.enb_pipe_reg[0] was removed.  [D:/xilinx/Vivado/2024.1/data/ip/xpm/xpm_memory/hdl/xpm_memory.sv:3077]
WARNING: [Synth 8-6014] Unused sequential element gdvld.data_valid_std_reg was removed.  [D:/xilinx/Vivado/2024.1/data/ip/xpm/xpm_fifo/hdl/xpm_fifo.sv:550]
WARNING: [Synth 8-6014] Unused sequential element gen_pntr_flags_cc.gae_cc_std.ram_aempty_i_reg was removed.  [D:/xilinx/Vivado/2024.1/data/ip/xpm/xpm_fifo/hdl/xpm_fifo.sv:982]
WARNING: [Synth 8-6014] Unused sequential element gen_fwft.empty_fwft_fb_reg was removed.  [D:/xilinx/Vivado/2024.1/data/ip/xpm/xpm_fifo/hdl/xpm_fifo.sv:1404]
WARNING: [Synth 8-6014] Unused sequential element hold_ff_q_reg was removed.  [c:/Users/qijin/Documents/MEng_ZYBO/hdmi_driver/Zybo-Z7-HW/Zybo-Z7-HW.gen/sources_1/bd/design_1/ipshared/bf20/hdl/axi_datamover_v5_1_vh_rfs.vhd:1493]
WARNING: [Synth 8-6014] Unused sequential element gen_rd_b.gen_doutb_pipe.enb_pipe_reg[0] was removed.  [D:/xilinx/Vivado/2024.1/data/ip/xpm/xpm_memory/hdl/xpm_memory.sv:3077]
WARNING: [Synth 8-6014] Unused sequential element gdvld.data_valid_std_reg was removed.  [D:/xilinx/Vivado/2024.1/data/ip/xpm/xpm_fifo/hdl/xpm_fifo.sv:550]
WARNING: [Synth 8-6014] Unused sequential element gen_pntr_flags_cc.gae_cc_std.ram_aempty_i_reg was removed.  [D:/xilinx/Vivado/2024.1/data/ip/xpm/xpm_fifo/hdl/xpm_fifo.sv:982]
WARNING: [Synth 8-6014] Unused sequential element gen_fwft.empty_fwft_fb_reg was removed.  [D:/xilinx/Vivado/2024.1/data/ip/xpm/xpm_fifo/hdl/xpm_fifo.sv:1404]
WARNING: [Synth 8-6014] Unused sequential element hold_ff_q_reg was removed.  [c:/Users/qijin/Documents/MEng_ZYBO/hdmi_driver/Zybo-Z7-HW/Zybo-Z7-HW.gen/sources_1/bd/design_1/ipshared/bf20/hdl/axi_datamover_v5_1_vh_rfs.vhd:1493]
WARNING: [Synth 8-6014] Unused sequential element INCLUDE_PACKING.lsig_packer_empty_reg was removed.  [c:/Users/qijin/Documents/MEng_ZYBO/hdmi_driver/Zybo-Z7-HW/Zybo-Z7-HW.gen/sources_1/bd/design_1/ipshared/bf20/hdl/axi_datamover_v5_1_vh_rfs.vhd:29176]
WARNING: [Synth 8-6014] Unused sequential element sig_next_tag_reg_reg was removed.  [c:/Users/qijin/Documents/MEng_ZYBO/hdmi_driver/Zybo-Z7-HW/Zybo-Z7-HW.gen/sources_1/bd/design_1/ipshared/bf20/hdl/axi_datamover_v5_1_vh_rfs.vhd:10353]
WARNING: [Synth 8-6014] Unused sequential element sig_next_cmd_cmplt_reg_reg was removed.  [c:/Users/qijin/Documents/MEng_ZYBO/hdmi_driver/Zybo-Z7-HW/Zybo-Z7-HW.gen/sources_1/bd/design_1/ipshared/bf20/hdl/axi_datamover_v5_1_vh_rfs.vhd:10360]
WARNING: [Synth 8-6014] Unused sequential element sig_next_last_strb_reg_reg was removed.  [c:/Users/qijin/Documents/MEng_ZYBO/hdmi_driver/Zybo-Z7-HW/Zybo-Z7-HW.gen/sources_1/bd/design_1/ipshared/bf20/hdl/axi_datamover_v5_1_vh_rfs.vhd:16878]
WARNING: [Synth 8-6014] Unused sequential element sig_next_eof_reg_reg was removed.  [c:/Users/qijin/Documents/MEng_ZYBO/hdmi_driver/Zybo-Z7-HW/Zybo-Z7-HW.gen/sources_1/bd/design_1/ipshared/bf20/hdl/axi_datamover_v5_1_vh_rfs.vhd:16883]
WARNING: [Synth 8-6014] Unused sequential element GEN_SPRT_FOR_S2MM.GEN_FLUSH_SOF_TREADY.d_tready_after_fsize_less_err_flag_00_01_reg was removed.  [c:/Users/qijin/Documents/MEng_ZYBO/hdmi_driver/Zybo-Z7-HW/Zybo-Z7-HW.gen/sources_1/bd/design_1/ipshared/a4a8/hdl/axi_vdma_v6_3_rfs.vhd:72497]
WARNING: [Synth 8-6014] Unused sequential element GEN_SPRT_FOR_S2MM.GEN_FLUSH_SOF_TREADY.after_vcount_flag_sel_00_01_reg was removed.  [c:/Users/qijin/Documents/MEng_ZYBO/hdmi_driver/Zybo-Z7-HW/Zybo-Z7-HW.gen/sources_1/bd/design_1/ipshared/a4a8/hdl/axi_vdma_v6_3_rfs.vhd:72515]
WARNING: [Synth 8-6014] Unused sequential element GEN_SPRT_FOR_S2MM.GEN_FLUSH_SOF_TREADY.d_tready_before_fsync_sel_00_01_reg was removed.  [c:/Users/qijin/Documents/MEng_ZYBO/hdmi_driver/Zybo-Z7-HW/Zybo-Z7-HW.gen/sources_1/bd/design_1/ipshared/a4a8/hdl/axi_vdma_v6_3_rfs.vhd:72527]
WARNING: [Synth 8-6014] Unused sequential element GEN_SPRT_FOR_S2MM.GEN_FLUSH_SOF_TREADY.d_tready_before_fsync_clrd_sel_00_01_reg was removed.  [c:/Users/qijin/Documents/MEng_ZYBO/hdmi_driver/Zybo-Z7-HW/Zybo-Z7-HW.gen/sources_1/bd/design_1/ipshared/a4a8/hdl/axi_vdma_v6_3_rfs.vhd:72556]
WARNING: [Synth 8-6014] Unused sequential element GEN_SPRT_FOR_S2MM.GEN_FLUSH_SOF_TREADY.s2mm_fsize_less_err_flag_00_01_reg was removed.  [c:/Users/qijin/Documents/MEng_ZYBO/hdmi_driver/Zybo-Z7-HW/Zybo-Z7-HW.gen/sources_1/bd/design_1/ipshared/a4a8/hdl/axi_vdma_v6_3_rfs.vhd:72585]
WARNING: [Synth 8-6014] Unused sequential element gen_rd_b.gen_doutb_pipe.enb_pipe_reg[0] was removed.  [D:/xilinx/Vivado/2024.1/data/ip/xpm/xpm_memory/hdl/xpm_memory.sv:3077]
WARNING: [Synth 8-6014] Unused sequential element dest_out_bin_ff_reg was removed.  [D:/xilinx/Vivado/2024.1/data/ip/xpm/xpm_cdc/hdl/xpm_cdc.sv:417]
WARNING: [Synth 8-6014] Unused sequential element dest_out_bin_ff_reg was removed.  [D:/xilinx/Vivado/2024.1/data/ip/xpm/xpm_cdc/hdl/xpm_cdc.sv:417]
WARNING: [Synth 8-6014] Unused sequential element dest_out_bin_ff_reg was removed.  [D:/xilinx/Vivado/2024.1/data/ip/xpm/xpm_cdc/hdl/xpm_cdc.sv:417]
WARNING: [Synth 8-6014] Unused sequential element gen_fwft.empty_fwft_fb_reg was removed.  [D:/xilinx/Vivado/2024.1/data/ip/xpm/xpm_fifo/hdl/xpm_fifo.sv:1404]
WARNING: [Synth 8-6014] Unused sequential element fifo_fid_dly_reg was removed.  [c:/Users/qijin/Documents/MEng_ZYBO/hdmi_driver/Zybo-Z7-HW/Zybo-Z7-HW.gen/sources_1/bd/design_1/ipshared/52cd/hdl/v_axi4s_vid_out_v4_0_vl_rfs.v:715]
WARNING: [Synth 8-6014] Unused sequential element vtg_fid_dly_reg was removed.  [c:/Users/qijin/Documents/MEng_ZYBO/hdmi_driver/Zybo-Z7-HW/Zybo-Z7-HW.gen/sources_1/bd/design_1/ipshared/52cd/hdl/v_axi4s_vid_out_v4_0_vl_rfs.v:742]
WARNING: [Synth 8-6014] Unused sequential element aclk_reset_pulse_reg was removed.  [c:/Users/qijin/Documents/MEng_ZYBO/hdmi_driver/Zybo-Z7-HW/Zybo-Z7-HW.gen/sources_1/bd/design_1/ipshared/52cd/hdl/v_axi4s_vid_out_v4_0_vl_rfs.v:2585]
WARNING: [Synth 8-3848] Net fifo_underflow_from_remap_reg in module/entity v_axi4s_vid_out_v4_0_18 does not have driver. [c:/Users/qijin/Documents/MEng_ZYBO/hdmi_driver/Zybo-Z7-HW/Zybo-Z7-HW.gen/sources_1/bd/design_1/ipshared/52cd/hdl/v_axi4s_vid_out_v4_0_vl_rfs.v:2510]
WARNING: [Synth 8-7129] Port gen_v0chroma_start[11] in module tc_generator is either unconnected or has no load
WARNING: [Synth 8-7129] Port gen_v0chroma_start[10] in module tc_generator is either unconnected or has no load
WARNING: [Synth 8-7129] Port gen_v0chroma_start[9] in module tc_generator is either unconnected or has no load
WARNING: [Synth 8-7129] Port gen_v0chroma_start[8] in module tc_generator is either unconnected or has no load
WARNING: [Synth 8-7129] Port gen_v0chroma_start[7] in module tc_generator is either unconnected or has no load
WARNING: [Synth 8-7129] Port gen_v0chroma_start[6] in module tc_generator is either unconnected or has no load
WARNING: [Synth 8-7129] Port gen_v0chroma_start[5] in module tc_generator is either unconnected or has no load
WARNING: [Synth 8-7129] Port gen_v0chroma_start[4] in module tc_generator is either unconnected or has no load
WARNING: [Synth 8-7129] Port gen_v0chroma_start[3] in module tc_generator is either unconnected or has no load
WARNING: [Synth 8-7129] Port gen_v0chroma_start[2] in module tc_generator is either unconnected or has no load
WARNING: [Synth 8-7129] Port gen_v0chroma_start[1] in module tc_generator is either unconnected or has no load
WARNING: [Synth 8-7129] Port gen_v0chroma_start[0] in module tc_generator is either unconnected or has no load
WARNING: [Synth 8-7129] Port gen_v1total[11] in module tc_generator is either unconnected or has no load
WARNING: [Synth 8-7129] Port gen_v1total[10] in module tc_generator is either unconnected or has no load
WARNING: [Synth 8-7129] Port gen_v1total[9] in module tc_generator is either unconnected or has no load
WARNING: [Synth 8-7129] Port gen_v1total[8] in module tc_generator is either unconnected or has no load
WARNING: [Synth 8-7129] Port gen_v1total[7] in module tc_generator is either unconnected or has no load
WARNING: [Synth 8-7129] Port gen_v1total[6] in module tc_generator is either unconnected or has no load
WARNING: [Synth 8-7129] Port gen_v1total[5] in module tc_generator is either unconnected or has no load
WARNING: [Synth 8-7129] Port gen_v1total[4] in module tc_generator is either unconnected or has no load
WARNING: [Synth 8-7129] Port gen_v1total[3] in module tc_generator is either unconnected or has no load
WARNING: [Synth 8-7129] Port gen_v1total[2] in module tc_generator is either unconnected or has no load
WARNING: [Synth 8-7129] Port gen_v1total[1] in module tc_generator is either unconnected or has no load
WARNING: [Synth 8-7129] Port gen_v1total[0] in module tc_generator is either unconnected or has no load
WARNING: [Synth 8-7129] Port gen_v1fp_start[11] in module tc_generator is either unconnected or has no load
WARNING: [Synth 8-7129] Port gen_v1fp_start[10] in module tc_generator is either unconnected or has no load
WARNING: [Synth 8-7129] Port gen_v1fp_start[9] in module tc_generator is either unconnected or has no load
WARNING: [Synth 8-7129] Port gen_v1fp_start[8] in module tc_generator is either unconnected or has no load
WARNING: [Synth 8-7129] Port gen_v1fp_start[7] in module tc_generator is either unconnected or has no load
WARNING: [Synth 8-7129] Port gen_v1fp_start[6] in module tc_generator is either unconnected or has no load
WARNING: [Synth 8-7129] Port gen_v1fp_start[5] in module tc_generator is either unconnected or has no load
WARNING: [Synth 8-7129] Port gen_v1fp_start[4] in module tc_generator is either unconnected or has no load
WARNING: [Synth 8-7129] Port gen_v1fp_start[3] in module tc_generator is either unconnected or has no load
WARNING: [Synth 8-7129] Port gen_v1fp_start[2] in module tc_generator is either unconnected or has no load
WARNING: [Synth 8-7129] Port gen_v1fp_start[1] in module tc_generator is either unconnected or has no load
WARNING: [Synth 8-7129] Port gen_v1fp_start[0] in module tc_generator is either unconnected or has no load
WARNING: [Synth 8-7129] Port gen_v1sync_start[11] in module tc_generator is either unconnected or has no load
WARNING: [Synth 8-7129] Port gen_v1sync_start[10] in module tc_generator is either unconnected or has no load
WARNING: [Synth 8-7129] Port gen_v1sync_start[9] in module tc_generator is either unconnected or has no load
WARNING: [Synth 8-7129] Port gen_v1sync_start[8] in module tc_generator is either unconnected or has no load
WARNING: [Synth 8-7129] Port gen_v1sync_start[7] in module tc_generator is either unconnected or has no load
WARNING: [Synth 8-7129] Port gen_v1sync_start[6] in module tc_generator is either unconnected or has no load
WARNING: [Synth 8-7129] Port gen_v1sync_start[5] in module tc_generator is either unconnected or has no load
WARNING: [Synth 8-7129] Port gen_v1sync_start[4] in module tc_generator is either unconnected or has no load
WARNING: [Synth 8-7129] Port gen_v1sync_start[3] in module tc_generator is either unconnected or has no load
WARNING: [Synth 8-7129] Port gen_v1sync_start[2] in module tc_generator is either unconnected or has no load
WARNING: [Synth 8-7129] Port gen_v1sync_start[1] in module tc_generator is either unconnected or has no load
WARNING: [Synth 8-7129] Port gen_v1sync_start[0] in module tc_generator is either unconnected or has no load
WARNING: [Synth 8-7129] Port gen_v1bp_start[11] in module tc_generator is either unconnected or has no load
WARNING: [Synth 8-7129] Port gen_v1bp_start[10] in module tc_generator is either unconnected or has no load
WARNING: [Synth 8-7129] Port gen_v1bp_start[9] in module tc_generator is either unconnected or has no load
WARNING: [Synth 8-7129] Port gen_v1bp_start[8] in module tc_generator is either unconnected or has no load
WARNING: [Synth 8-7129] Port gen_v1bp_start[7] in module tc_generator is either unconnected or has no load
WARNING: [Synth 8-7129] Port gen_v1bp_start[6] in module tc_generator is either unconnected or has no load
WARNING: [Synth 8-7129] Port gen_v1bp_start[5] in module tc_generator is either unconnected or has no load
WARNING: [Synth 8-7129] Port gen_v1bp_start[4] in module tc_generator is either unconnected or has no load
WARNING: [Synth 8-7129] Port gen_v1bp_start[3] in module tc_generator is either unconnected or has no load
WARNING: [Synth 8-7129] Port gen_v1bp_start[2] in module tc_generator is either unconnected or has no load
WARNING: [Synth 8-7129] Port gen_v1bp_start[1] in module tc_generator is either unconnected or has no load
WARNING: [Synth 8-7129] Port gen_v1bp_start[0] in module tc_generator is either unconnected or has no load
WARNING: [Synth 8-7129] Port gen_v1active_start[11] in module tc_generator is either unconnected or has no load
WARNING: [Synth 8-7129] Port gen_v1active_start[10] in module tc_generator is either unconnected or has no load
WARNING: [Synth 8-7129] Port gen_v1active_start[9] in module tc_generator is either unconnected or has no load
WARNING: [Synth 8-7129] Port gen_v1active_start[8] in module tc_generator is either unconnected or has no load
WARNING: [Synth 8-7129] Port gen_v1active_start[7] in module tc_generator is either unconnected or has no load
WARNING: [Synth 8-7129] Port gen_v1active_start[6] in module tc_generator is either unconnected or has no load
WARNING: [Synth 8-7129] Port gen_v1active_start[5] in module tc_generator is either unconnected or has no load
WARNING: [Synth 8-7129] Port gen_v1active_start[4] in module tc_generator is either unconnected or has no load
WARNING: [Synth 8-7129] Port gen_v1active_start[3] in module tc_generator is either unconnected or has no load
WARNING: [Synth 8-7129] Port gen_v1active_start[2] in module tc_generator is either unconnected or has no load
WARNING: [Synth 8-7129] Port gen_v1active_start[1] in module tc_generator is either unconnected or has no load
WARNING: [Synth 8-7129] Port gen_v1active_start[0] in module tc_generator is either unconnected or has no load
WARNING: [Synth 8-7129] Port gen_v1chroma_start[11] in module tc_generator is either unconnected or has no load
WARNING: [Synth 8-7129] Port gen_v1chroma_start[10] in module tc_generator is either unconnected or has no load
WARNING: [Synth 8-7129] Port gen_v1chroma_start[9] in module tc_generator is either unconnected or has no load
WARNING: [Synth 8-7129] Port gen_v1chroma_start[8] in module tc_generator is either unconnected or has no load
WARNING: [Synth 8-7129] Port gen_v1chroma_start[7] in module tc_generator is either unconnected or has no load
WARNING: [Synth 8-7129] Port gen_v1chroma_start[6] in module tc_generator is either unconnected or has no load
WARNING: [Synth 8-7129] Port gen_v1chroma_start[5] in module tc_generator is either unconnected or has no load
WARNING: [Synth 8-7129] Port gen_v1chroma_start[4] in module tc_generator is either unconnected or has no load
WARNING: [Synth 8-7129] Port gen_v1chroma_start[3] in module tc_generator is either unconnected or has no load
WARNING: [Synth 8-7129] Port gen_v1chroma_start[2] in module tc_generator is either unconnected or has no load
WARNING: [Synth 8-7129] Port gen_v1chroma_start[1] in module tc_generator is either unconnected or has no load
WARNING: [Synth 8-7129] Port gen_v1chroma_start[0] in module tc_generator is either unconnected or has no load
WARNING: [Synth 8-7129] Port gen_v1fp_start_hori[11] in module tc_generator is either unconnected or has no load
WARNING: [Synth 8-7129] Port gen_v1fp_start_hori[10] in module tc_generator is either unconnected or has no load
WARNING: [Synth 8-7129] Port gen_v1fp_start_hori[9] in module tc_generator is either unconnected or has no load
WARNING: [Synth 8-7129] Port gen_v1fp_start_hori[8] in module tc_generator is either unconnected or has no load
WARNING: [Synth 8-7129] Port gen_v1fp_start_hori[7] in module tc_generator is either unconnected or has no load
WARNING: [Synth 8-7129] Port gen_v1fp_start_hori[6] in module tc_generator is either unconnected or has no load
WARNING: [Synth 8-7129] Port gen_v1fp_start_hori[5] in module tc_generator is either unconnected or has no load
WARNING: [Synth 8-7129] Port gen_v1fp_start_hori[4] in module tc_generator is either unconnected or has no load
WARNING: [Synth 8-7129] Port gen_v1fp_start_hori[3] in module tc_generator is either unconnected or has no load
WARNING: [Synth 8-7129] Port gen_v1fp_start_hori[2] in module tc_generator is either unconnected or has no load
WARNING: [Synth 8-7129] Port gen_v1fp_start_hori[1] in module tc_generator is either unconnected or has no load
WARNING: [Synth 8-7129] Port gen_v1fp_start_hori[0] in module tc_generator is either unconnected or has no load
WARNING: [Synth 8-7129] Port gen_v1sync_start_hori[11] in module tc_generator is either unconnected or has no load
WARNING: [Synth 8-7129] Port gen_v1sync_start_hori[10] in module tc_generator is either unconnected or has no load
WARNING: [Synth 8-7129] Port gen_v1sync_start_hori[9] in module tc_generator is either unconnected or has no load
WARNING: [Synth 8-7129] Port gen_v1sync_start_hori[8] in module tc_generator is either unconnected or has no load
INFO: [Common 17-14] Message 'Synth 8-7129' appears 100 times and further instances of the messages will be disabled. Use the Tcl command set_msg_config to change the current settings.
TclStackFree: incorrect freePtr (0000027D13BCCC20 != 0000027D13BCD460). Call out of sequence?
Abnormal program termination (EXCEPTION_BREAKPOINT)
Please check 'C:/Users/qijin/Documents/MEng_ZYBO/hdmi_driver/Zybo-Z7-HW/Zybo-Z7-HW.runs/synth_1/hs_err_pid26428.log' for details
