
*** Running vivado
    with args -log design_1_wrapper.vdi -applog -m64 -product Vivado -messageDb vivado.pb -mode batch -source design_1_wrapper.tcl -notrace


****** Vivado v2024.1 (64-bit)
  **** SW Build 5076996 on Wed May 22 18:36:09 MDT 2024
  **** IP Build 5075265 on Wed May 22 21:45:21 MDT 2024
  **** SharedData Build 5076995 on Wed May 22 18:29:18 MDT 2024
  **** Start of session at: Fri Sep 18 00:03:10 2026
    ** Copyright 1986-2022 Xilinx, Inc. All Rights Reserved.
    ** Copyright 2022-2024 Advanced Micro Devices, Inc. All Rights Reserved.

source design_1_wrapper.tcl -notrace
create_project: Time (s): cpu = 00:00:07 ; elapsed = 00:00:07 . Memory (MB): peak = 1665.707 ; gain = 22.832 ; free physical = 2105 ; free virtual = 15738
INFO: [IP_Flow 19-234] Refreshing IP repositories
INFO: [IP_Flow 19-1700] Loaded user IP repository '/home/zkarim28/Meng/MEng_ZYBO/hdmi_driver/Zybo-Z7-HW/Zybo-Z7-HW.ipdefs/repo'.
WARNING: [IP_Flow 19-3685] Ignored loading user repository '/home/zkarim28/Meng/MEng_ZYBO/hdmi_driver/Zybo-Z7-HW/Zybo-Z7-HW.ipdefs/repo/vivado-library/ip/lorenz_dda_driver_1_0'. The path is contained within another repository.
INFO: [IP_Flow 19-2313] Loaded Vivado IP repository '/tools/Xilinx/Vivado/2024.1/data/ip'.
Command: link_design -top design_1_wrapper -part xc7z010clg400-1
Design is defaulting to srcset: sources_1
Design is defaulting to constrset: constrs_1
INFO: [Device 21-403] Loading part xc7z010clg400-1
INFO: [Device 21-9227] Part: xc7z010clg400-1 does not have CEAM library.
Netlist sorting complete. Time (s): cpu = 00:00:00.17 ; elapsed = 00:00:00.17 . Memory (MB): peak = 2058.629 ; gain = 0.000 ; free physical = 1724 ; free virtual = 15360
INFO: [Netlist 29-17] Analyzing 629 Unisim elements for replacement
INFO: [Netlist 29-28] Unisim Transformation completed in 0 CPU seconds
INFO: [Project 1-479] Netlist was created with Vivado 2024.1
INFO: [Project 1-570] Preparing netlist for logic optimization
Parsing XDC File [/home/zkarim28/Meng/MEng_ZYBO/hdmi_driver/Zybo-Z7-HW/Zybo-Z7-HW.gen/sources_1/bd/design_1/ip/design_1_axi_dynclk_0_0/src/axi_dynclk.xdc] for cell 'design_1_i/axi_dynclk_0/U0'
Finished Parsing XDC File [/home/zkarim28/Meng/MEng_ZYBO/hdmi_driver/Zybo-Z7-HW/Zybo-Z7-HW.gen/sources_1/bd/design_1/ip/design_1_axi_dynclk_0_0/src/axi_dynclk.xdc] for cell 'design_1_i/axi_dynclk_0/U0'
Parsing XDC File [/home/zkarim28/Meng/MEng_ZYBO/hdmi_driver/Zybo-Z7-HW/Zybo-Z7-HW.gen/sources_1/bd/design_1/ip/design_1_proc_sys_reset_fclk0_0/design_1_proc_sys_reset_fclk0_0_board.xdc] for cell 'design_1_i/proc_sys_reset_fclk0/U0'
Finished Parsing XDC File [/home/zkarim28/Meng/MEng_ZYBO/hdmi_driver/Zybo-Z7-HW/Zybo-Z7-HW.gen/sources_1/bd/design_1/ip/design_1_proc_sys_reset_fclk0_0/design_1_proc_sys_reset_fclk0_0_board.xdc] for cell 'design_1_i/proc_sys_reset_fclk0/U0'
Parsing XDC File [/home/zkarim28/Meng/MEng_ZYBO/hdmi_driver/Zybo-Z7-HW/Zybo-Z7-HW.gen/sources_1/bd/design_1/ip/design_1_proc_sys_reset_fclk0_0/design_1_proc_sys_reset_fclk0_0.xdc] for cell 'design_1_i/proc_sys_reset_fclk0/U0'
WARNING: [Vivado_Tcl 4-921] Waiver ID 'CDC-11' -to list should not be empty. [/home/zkarim28/Meng/MEng_ZYBO/hdmi_driver/Zybo-Z7-HW/Zybo-Z7-HW.gen/sources_1/bd/design_1/ip/design_1_proc_sys_reset_fclk0_0/design_1_proc_sys_reset_fclk0_0.xdc:50]
Finished Parsing XDC File [/home/zkarim28/Meng/MEng_ZYBO/hdmi_driver/Zybo-Z7-HW/Zybo-Z7-HW.gen/sources_1/bd/design_1/ip/design_1_proc_sys_reset_fclk0_0/design_1_proc_sys_reset_fclk0_0.xdc] for cell 'design_1_i/proc_sys_reset_fclk0/U0'
Parsing XDC File [/home/zkarim28/Meng/MEng_ZYBO/hdmi_driver/Zybo-Z7-HW/Zybo-Z7-HW.gen/sources_1/bd/design_1/ip/design_1_proc_sys_reset_fclk1_0/design_1_proc_sys_reset_fclk1_0_board.xdc] for cell 'design_1_i/proc_sys_reset_fclk1/U0'
Finished Parsing XDC File [/home/zkarim28/Meng/MEng_ZYBO/hdmi_driver/Zybo-Z7-HW/Zybo-Z7-HW.gen/sources_1/bd/design_1/ip/design_1_proc_sys_reset_fclk1_0/design_1_proc_sys_reset_fclk1_0_board.xdc] for cell 'design_1_i/proc_sys_reset_fclk1/U0'
Parsing XDC File [/home/zkarim28/Meng/MEng_ZYBO/hdmi_driver/Zybo-Z7-HW/Zybo-Z7-HW.gen/sources_1/bd/design_1/ip/design_1_proc_sys_reset_fclk1_0/design_1_proc_sys_reset_fclk1_0.xdc] for cell 'design_1_i/proc_sys_reset_fclk1/U0'
WARNING: [Vivado_Tcl 4-921] Waiver ID 'CDC-11' -to list should not be empty. [/home/zkarim28/Meng/MEng_ZYBO/hdmi_driver/Zybo-Z7-HW/Zybo-Z7-HW.gen/sources_1/bd/design_1/ip/design_1_proc_sys_reset_fclk1_0/design_1_proc_sys_reset_fclk1_0.xdc:50]
Finished Parsing XDC File [/home/zkarim28/Meng/MEng_ZYBO/hdmi_driver/Zybo-Z7-HW/Zybo-Z7-HW.gen/sources_1/bd/design_1/ip/design_1_proc_sys_reset_fclk1_0/design_1_proc_sys_reset_fclk1_0.xdc] for cell 'design_1_i/proc_sys_reset_fclk1/U0'
Parsing XDC File [/home/zkarim28/Meng/MEng_ZYBO/hdmi_driver/Zybo-Z7-HW/Zybo-Z7-HW.gen/sources_1/bd/design_1/ip/design_1_processing_system7_0_0/design_1_processing_system7_0_0.xdc] for cell 'design_1_i/processing_system7_0/inst'
WARNING: [Vivado 12-2489] -input_jitter contains time 0.224970 which will be rounded to 0.225 to ensure it is an integer multiple of 1 picosecond [/home/zkarim28/Meng/MEng_ZYBO/hdmi_driver/Zybo-Z7-HW/Zybo-Z7-HW.gen/sources_1/bd/design_1/ip/design_1_processing_system7_0_0/design_1_processing_system7_0_0.xdc:24]
Finished Parsing XDC File [/home/zkarim28/Meng/MEng_ZYBO/hdmi_driver/Zybo-Z7-HW/Zybo-Z7-HW.gen/sources_1/bd/design_1/ip/design_1_processing_system7_0_0/design_1_processing_system7_0_0.xdc] for cell 'design_1_i/processing_system7_0/inst'
Parsing XDC File [/home/zkarim28/Meng/MEng_ZYBO/hdmi_driver/Zybo-Z7-HW/Zybo-Z7-HW.gen/sources_1/bd/design_1/ip/design_1_rgb2dvi_1_0/src/rgb2dvi.xdc] for cell 'design_1_i/rgb2dvi_1/U0'
Finished Parsing XDC File [/home/zkarim28/Meng/MEng_ZYBO/hdmi_driver/Zybo-Z7-HW/Zybo-Z7-HW.gen/sources_1/bd/design_1/ip/design_1_rgb2dvi_1_0/src/rgb2dvi.xdc] for cell 'design_1_i/rgb2dvi_1/U0'
Parsing XDC File [/home/zkarim28/Meng/MEng_ZYBO/hdmi_driver/Zybo-Z7-HW/Zybo-Z7-HW.gen/sources_1/bd/design_1/ip/design_1_axi_vdma_0_0/design_1_axi_vdma_0_0.xdc] for cell 'design_1_i/axi_vdma_0/U0'
WARNING: [Vivado_Tcl 4-921] Waiver ID 'CDC-4' -to list should not be empty. [/home/zkarim28/Meng/MEng_ZYBO/hdmi_driver/Zybo-Z7-HW/Zybo-Z7-HW.gen/sources_1/bd/design_1/ip/design_1_axi_vdma_0_0/design_1_axi_vdma_0_0.xdc:68]
WARNING: [Vivado_Tcl 4-921] Waiver ID 'CDC-4' -to list should not be empty. [/home/zkarim28/Meng/MEng_ZYBO/hdmi_driver/Zybo-Z7-HW/Zybo-Z7-HW.gen/sources_1/bd/design_1/ip/design_1_axi_vdma_0_0/design_1_axi_vdma_0_0.xdc:72]
WARNING: [Vivado_Tcl 4-921] Waiver ID 'CDC-4' -to list should not be empty. [/home/zkarim28/Meng/MEng_ZYBO/hdmi_driver/Zybo-Z7-HW/Zybo-Z7-HW.gen/sources_1/bd/design_1/ip/design_1_axi_vdma_0_0/design_1_axi_vdma_0_0.xdc:76]
WARNING: [Vivado_Tcl 4-921] Waiver ID 'CDC-4' -to list should not be empty. [/home/zkarim28/Meng/MEng_ZYBO/hdmi_driver/Zybo-Z7-HW/Zybo-Z7-HW.gen/sources_1/bd/design_1/ip/design_1_axi_vdma_0_0/design_1_axi_vdma_0_0.xdc:80]
WARNING: [Vivado_Tcl 4-921] Waiver ID 'CDC-1' -to list should not be empty. [/home/zkarim28/Meng/MEng_ZYBO/hdmi_driver/Zybo-Z7-HW/Zybo-Z7-HW.gen/sources_1/bd/design_1/ip/design_1_axi_vdma_0_0/design_1_axi_vdma_0_0.xdc:84]
WARNING: [Vivado_Tcl 4-921] Waiver ID 'CDC-4' -to list should not be empty. [/home/zkarim28/Meng/MEng_ZYBO/hdmi_driver/Zybo-Z7-HW/Zybo-Z7-HW.gen/sources_1/bd/design_1/ip/design_1_axi_vdma_0_0/design_1_axi_vdma_0_0.xdc:88]
WARNING: [Vivado_Tcl 4-921] Waiver ID 'CDC-4' -to list should not be empty. [/home/zkarim28/Meng/MEng_ZYBO/hdmi_driver/Zybo-Z7-HW/Zybo-Z7-HW.gen/sources_1/bd/design_1/ip/design_1_axi_vdma_0_0/design_1_axi_vdma_0_0.xdc:92]
WARNING: [Vivado_Tcl 4-921] Waiver ID 'CDC-4' -to list should not be empty. [/home/zkarim28/Meng/MEng_ZYBO/hdmi_driver/Zybo-Z7-HW/Zybo-Z7-HW.gen/sources_1/bd/design_1/ip/design_1_axi_vdma_0_0/design_1_axi_vdma_0_0.xdc:96]
WARNING: [Vivado_Tcl 4-921] Waiver ID 'CDC-4' -to list should not be empty. [/home/zkarim28/Meng/MEng_ZYBO/hdmi_driver/Zybo-Z7-HW/Zybo-Z7-HW.gen/sources_1/bd/design_1/ip/design_1_axi_vdma_0_0/design_1_axi_vdma_0_0.xdc:100]
WARNING: [Vivado_Tcl 4-921] Waiver ID 'CDC-4' -to list should not be empty. [/home/zkarim28/Meng/MEng_ZYBO/hdmi_driver/Zybo-Z7-HW/Zybo-Z7-HW.gen/sources_1/bd/design_1/ip/design_1_axi_vdma_0_0/design_1_axi_vdma_0_0.xdc:104]
WARNING: [Vivado_Tcl 4-921] Waiver ID 'CDC-1' -to list should not be empty. [/home/zkarim28/Meng/MEng_ZYBO/hdmi_driver/Zybo-Z7-HW/Zybo-Z7-HW.gen/sources_1/bd/design_1/ip/design_1_axi_vdma_0_0/design_1_axi_vdma_0_0.xdc:108]
WARNING: [Vivado_Tcl 4-921] Waiver ID 'CDC-6' -to list should not be empty. [/home/zkarim28/Meng/MEng_ZYBO/hdmi_driver/Zybo-Z7-HW/Zybo-Z7-HW.gen/sources_1/bd/design_1/ip/design_1_axi_vdma_0_0/design_1_axi_vdma_0_0.xdc:192]
WARNING: [Vivado_Tcl 4-921] Waiver ID 'CDC-6' -to list should not be empty. [/home/zkarim28/Meng/MEng_ZYBO/hdmi_driver/Zybo-Z7-HW/Zybo-Z7-HW.gen/sources_1/bd/design_1/ip/design_1_axi_vdma_0_0/design_1_axi_vdma_0_0.xdc:196]
WARNING: [Vivado_Tcl 4-921] Waiver ID 'CDC-6' -to list should not be empty. [/home/zkarim28/Meng/MEng_ZYBO/hdmi_driver/Zybo-Z7-HW/Zybo-Z7-HW.gen/sources_1/bd/design_1/ip/design_1_axi_vdma_0_0/design_1_axi_vdma_0_0.xdc:200]
WARNING: [Vivado_Tcl 4-921] Waiver ID 'CDC-6' -to list should not be empty. [/home/zkarim28/Meng/MEng_ZYBO/hdmi_driver/Zybo-Z7-HW/Zybo-Z7-HW.gen/sources_1/bd/design_1/ip/design_1_axi_vdma_0_0/design_1_axi_vdma_0_0.xdc:204]
WARNING: [Vivado_Tcl 4-921] Waiver ID 'CDC-6' -to list should not be empty. [/home/zkarim28/Meng/MEng_ZYBO/hdmi_driver/Zybo-Z7-HW/Zybo-Z7-HW.gen/sources_1/bd/design_1/ip/design_1_axi_vdma_0_0/design_1_axi_vdma_0_0.xdc:208]
WARNING: [Vivado_Tcl 4-921] Waiver ID 'CDC-6' -to list should not be empty. [/home/zkarim28/Meng/MEng_ZYBO/hdmi_driver/Zybo-Z7-HW/Zybo-Z7-HW.gen/sources_1/bd/design_1/ip/design_1_axi_vdma_0_0/design_1_axi_vdma_0_0.xdc:212]
WARNING: [Vivado_Tcl 4-921] Waiver ID 'CDC-6' -to list should not be empty. [/home/zkarim28/Meng/MEng_ZYBO/hdmi_driver/Zybo-Z7-HW/Zybo-Z7-HW.gen/sources_1/bd/design_1/ip/design_1_axi_vdma_0_0/design_1_axi_vdma_0_0.xdc:216]
WARNING: [Vivado_Tcl 4-921] Waiver ID 'CDC-6' -to list should not be empty. [/home/zkarim28/Meng/MEng_ZYBO/hdmi_driver/Zybo-Z7-HW/Zybo-Z7-HW.gen/sources_1/bd/design_1/ip/design_1_axi_vdma_0_0/design_1_axi_vdma_0_0.xdc:220]
Finished Parsing XDC File [/home/zkarim28/Meng/MEng_ZYBO/hdmi_driver/Zybo-Z7-HW/Zybo-Z7-HW.gen/sources_1/bd/design_1/ip/design_1_axi_vdma_0_0/design_1_axi_vdma_0_0.xdc] for cell 'design_1_i/axi_vdma_0/U0'
Parsing XDC File [/home/zkarim28/Meng/MEng_ZYBO/hdmi_driver/Zybo-Z7-HW/Zybo-Z7-HW.srcs/constrs_1/imports/constraints/Zybo-Z7-Master.xdc]
Finished Parsing XDC File [/home/zkarim28/Meng/MEng_ZYBO/hdmi_driver/Zybo-Z7-HW/Zybo-Z7-HW.srcs/constrs_1/imports/constraints/Zybo-Z7-Master.xdc]
Parsing XDC File [/home/zkarim28/Meng/MEng_ZYBO/hdmi_driver/Zybo-Z7-HW/Zybo-Z7-HW.gen/sources_1/bd/design_1/ip/design_1_rgb2dvi_1_0/src/rgb2dvi_clocks.xdc] for cell 'design_1_i/rgb2dvi_1/U0'
Finished Parsing XDC File [/home/zkarim28/Meng/MEng_ZYBO/hdmi_driver/Zybo-Z7-HW/Zybo-Z7-HW.gen/sources_1/bd/design_1/ip/design_1_rgb2dvi_1_0/src/rgb2dvi_clocks.xdc] for cell 'design_1_i/rgb2dvi_1/U0'
Parsing XDC File [/home/zkarim28/Meng/MEng_ZYBO/hdmi_driver/Zybo-Z7-HW/Zybo-Z7-HW.gen/sources_1/bd/design_1/ip/design_1_s00_regslice_0/design_1_s00_regslice_0_clocks.xdc] for cell 'design_1_i/axi_interconnect_hp0/s00_couplers/s00_regslice/inst'
WARNING: [Vivado_Tcl 4-921] Waiver ID 'CDC-7' -to list should not be empty. [/home/zkarim28/Meng/MEng_ZYBO/hdmi_driver/Zybo-Z7-HW/Zybo-Z7-HW.gen/sources_1/bd/design_1/ip/design_1_s00_regslice_0/design_1_s00_regslice_0_clocks.xdc:10]
WARNING: [Vivado_Tcl 4-921] Waiver ID 'CDC-1' -to list should not be empty. [/home/zkarim28/Meng/MEng_ZYBO/hdmi_driver/Zybo-Z7-HW/Zybo-Z7-HW.gen/sources_1/bd/design_1/ip/design_1_s00_regslice_0/design_1_s00_regslice_0_clocks.xdc:13]
WARNING: [Vivado_Tcl 4-921] Waiver ID 'CDC-1' -to list should not be empty. [/home/zkarim28/Meng/MEng_ZYBO/hdmi_driver/Zybo-Z7-HW/Zybo-Z7-HW.gen/sources_1/bd/design_1/ip/design_1_s00_regslice_0/design_1_s00_regslice_0_clocks.xdc:16]
WARNING: [Vivado_Tcl 4-921] Waiver ID 'CDC-1' -to list should not be empty. [/home/zkarim28/Meng/MEng_ZYBO/hdmi_driver/Zybo-Z7-HW/Zybo-Z7-HW.gen/sources_1/bd/design_1/ip/design_1_s00_regslice_0/design_1_s00_regslice_0_clocks.xdc:19]
WARNING: [Vivado_Tcl 4-921] Waiver ID 'CDC-1' -to list should not be empty. [/home/zkarim28/Meng/MEng_ZYBO/hdmi_driver/Zybo-Z7-HW/Zybo-Z7-HW.gen/sources_1/bd/design_1/ip/design_1_s00_regslice_0/design_1_s00_regslice_0_clocks.xdc:22]
WARNING: [Vivado_Tcl 4-921] Waiver ID 'CDC-1' -to list should not be empty. [/home/zkarim28/Meng/MEng_ZYBO/hdmi_driver/Zybo-Z7-HW/Zybo-Z7-HW.gen/sources_1/bd/design_1/ip/design_1_s00_regslice_0/design_1_s00_regslice_0_clocks.xdc:25]
WARNING: [Vivado_Tcl 4-921] Waiver ID 'CDC-1' -to list should not be empty. [/home/zkarim28/Meng/MEng_ZYBO/hdmi_driver/Zybo-Z7-HW/Zybo-Z7-HW.gen/sources_1/bd/design_1/ip/design_1_s00_regslice_0/design_1_s00_regslice_0_clocks.xdc:28]
WARNING: [Vivado_Tcl 4-921] Waiver ID 'CDC-1' -to list should not be empty. [/home/zkarim28/Meng/MEng_ZYBO/hdmi_driver/Zybo-Z7-HW/Zybo-Z7-HW.gen/sources_1/bd/design_1/ip/design_1_s00_regslice_0/design_1_s00_regslice_0_clocks.xdc:31]
WARNING: [Vivado_Tcl 4-921] Waiver ID 'CDC-1' -to list should not be empty. [/home/zkarim28/Meng/MEng_ZYBO/hdmi_driver/Zybo-Z7-HW/Zybo-Z7-HW.gen/sources_1/bd/design_1/ip/design_1_s00_regslice_0/design_1_s00_regslice_0_clocks.xdc:34]
WARNING: [Vivado_Tcl 4-921] Waiver ID 'CDC-1' -to list should not be empty. [/home/zkarim28/Meng/MEng_ZYBO/hdmi_driver/Zybo-Z7-HW/Zybo-Z7-HW.gen/sources_1/bd/design_1/ip/design_1_s00_regslice_0/design_1_s00_regslice_0_clocks.xdc:38]
WARNING: [Vivado_Tcl 4-921] Waiver ID 'CDC-1' -to list should not be empty. [/home/zkarim28/Meng/MEng_ZYBO/hdmi_driver/Zybo-Z7-HW/Zybo-Z7-HW.gen/sources_1/bd/design_1/ip/design_1_s00_regslice_0/design_1_s00_regslice_0_clocks.xdc:41]
Finished Parsing XDC File [/home/zkarim28/Meng/MEng_ZYBO/hdmi_driver/Zybo-Z7-HW/Zybo-Z7-HW.gen/sources_1/bd/design_1/ip/design_1_s00_regslice_0/design_1_s00_regslice_0_clocks.xdc] for cell 'design_1_i/axi_interconnect_hp0/s00_couplers/s00_regslice/inst'
Parsing XDC File [/home/zkarim28/Meng/MEng_ZYBO/hdmi_driver/Zybo-Z7-HW/Zybo-Z7-HW.gen/sources_1/bd/design_1/ip/design_1_s01_regslice_0/design_1_s01_regslice_0_clocks.xdc] for cell 'design_1_i/axi_interconnect_hp0/s01_couplers/s01_regslice/inst'
WARNING: [Vivado_Tcl 4-921] Waiver ID 'CDC-7' -to list should not be empty. [/home/zkarim28/Meng/MEng_ZYBO/hdmi_driver/Zybo-Z7-HW/Zybo-Z7-HW.gen/sources_1/bd/design_1/ip/design_1_s01_regslice_0/design_1_s01_regslice_0_clocks.xdc:10]
WARNING: [Vivado_Tcl 4-921] Waiver ID 'CDC-1' -to list should not be empty. [/home/zkarim28/Meng/MEng_ZYBO/hdmi_driver/Zybo-Z7-HW/Zybo-Z7-HW.gen/sources_1/bd/design_1/ip/design_1_s01_regslice_0/design_1_s01_regslice_0_clocks.xdc:13]
WARNING: [Vivado_Tcl 4-921] Waiver ID 'CDC-1' -to list should not be empty. [/home/zkarim28/Meng/MEng_ZYBO/hdmi_driver/Zybo-Z7-HW/Zybo-Z7-HW.gen/sources_1/bd/design_1/ip/design_1_s01_regslice_0/design_1_s01_regslice_0_clocks.xdc:16]
WARNING: [Vivado_Tcl 4-921] Waiver ID 'CDC-1' -to list should not be empty. [/home/zkarim28/Meng/MEng_ZYBO/hdmi_driver/Zybo-Z7-HW/Zybo-Z7-HW.gen/sources_1/bd/design_1/ip/design_1_s01_regslice_0/design_1_s01_regslice_0_clocks.xdc:19]
WARNING: [Vivado_Tcl 4-921] Waiver ID 'CDC-1' -to list should not be empty. [/home/zkarim28/Meng/MEng_ZYBO/hdmi_driver/Zybo-Z7-HW/Zybo-Z7-HW.gen/sources_1/bd/design_1/ip/design_1_s01_regslice_0/design_1_s01_regslice_0_clocks.xdc:22]
WARNING: [Vivado_Tcl 4-921] Waiver ID 'CDC-1' -to list should not be empty. [/home/zkarim28/Meng/MEng_ZYBO/hdmi_driver/Zybo-Z7-HW/Zybo-Z7-HW.gen/sources_1/bd/design_1/ip/design_1_s01_regslice_0/design_1_s01_regslice_0_clocks.xdc:25]
WARNING: [Vivado_Tcl 4-921] Waiver ID 'CDC-1' -to list should not be empty. [/home/zkarim28/Meng/MEng_ZYBO/hdmi_driver/Zybo-Z7-HW/Zybo-Z7-HW.gen/sources_1/bd/design_1/ip/design_1_s01_regslice_0/design_1_s01_regslice_0_clocks.xdc:28]
WARNING: [Vivado_Tcl 4-921] Waiver ID 'CDC-1' -to list should not be empty. [/home/zkarim28/Meng/MEng_ZYBO/hdmi_driver/Zybo-Z7-HW/Zybo-Z7-HW.gen/sources_1/bd/design_1/ip/design_1_s01_regslice_0/design_1_s01_regslice_0_clocks.xdc:31]
WARNING: [Vivado_Tcl 4-921] Waiver ID 'CDC-1' -to list should not be empty. [/home/zkarim28/Meng/MEng_ZYBO/hdmi_driver/Zybo-Z7-HW/Zybo-Z7-HW.gen/sources_1/bd/design_1/ip/design_1_s01_regslice_0/design_1_s01_regslice_0_clocks.xdc:34]
WARNING: [Vivado_Tcl 4-921] Waiver ID 'CDC-1' -to list should not be empty. [/home/zkarim28/Meng/MEng_ZYBO/hdmi_driver/Zybo-Z7-HW/Zybo-Z7-HW.gen/sources_1/bd/design_1/ip/design_1_s01_regslice_0/design_1_s01_regslice_0_clocks.xdc:38]
WARNING: [Vivado_Tcl 4-921] Waiver ID 'CDC-1' -to list should not be empty. [/home/zkarim28/Meng/MEng_ZYBO/hdmi_driver/Zybo-Z7-HW/Zybo-Z7-HW.gen/sources_1/bd/design_1/ip/design_1_s01_regslice_0/design_1_s01_regslice_0_clocks.xdc:41]
Finished Parsing XDC File [/home/zkarim28/Meng/MEng_ZYBO/hdmi_driver/Zybo-Z7-HW/Zybo-Z7-HW.gen/sources_1/bd/design_1/ip/design_1_s01_regslice_0/design_1_s01_regslice_0_clocks.xdc] for cell 'design_1_i/axi_interconnect_hp0/s01_couplers/s01_regslice/inst'
Parsing XDC File [/home/zkarim28/Meng/MEng_ZYBO/hdmi_driver/Zybo-Z7-HW/Zybo-Z7-HW.gen/sources_1/bd/design_1/ip/design_1_m00_regslice_0/design_1_m00_regslice_0_clocks.xdc] for cell 'design_1_i/axi_interconnect_hp0/m00_couplers/m00_regslice/inst'
WARNING: [Vivado_Tcl 4-921] Waiver ID 'CDC-7' -to list should not be empty. [/home/zkarim28/Meng/MEng_ZYBO/hdmi_driver/Zybo-Z7-HW/Zybo-Z7-HW.gen/sources_1/bd/design_1/ip/design_1_m00_regslice_0/design_1_m00_regslice_0_clocks.xdc:10]
WARNING: [Vivado_Tcl 4-921] Waiver ID 'CDC-1' -to list should not be empty. [/home/zkarim28/Meng/MEng_ZYBO/hdmi_driver/Zybo-Z7-HW/Zybo-Z7-HW.gen/sources_1/bd/design_1/ip/design_1_m00_regslice_0/design_1_m00_regslice_0_clocks.xdc:13]
WARNING: [Vivado_Tcl 4-921] Waiver ID 'CDC-1' -to list should not be empty. [/home/zkarim28/Meng/MEng_ZYBO/hdmi_driver/Zybo-Z7-HW/Zybo-Z7-HW.gen/sources_1/bd/design_1/ip/design_1_m00_regslice_0/design_1_m00_regslice_0_clocks.xdc:16]
WARNING: [Vivado_Tcl 4-921] Waiver ID 'CDC-1' -to list should not be empty. [/home/zkarim28/Meng/MEng_ZYBO/hdmi_driver/Zybo-Z7-HW/Zybo-Z7-HW.gen/sources_1/bd/design_1/ip/design_1_m00_regslice_0/design_1_m00_regslice_0_clocks.xdc:19]
WARNING: [Vivado_Tcl 4-921] Waiver ID 'CDC-1' -to list should not be empty. [/home/zkarim28/Meng/MEng_ZYBO/hdmi_driver/Zybo-Z7-HW/Zybo-Z7-HW.gen/sources_1/bd/design_1/ip/design_1_m00_regslice_0/design_1_m00_regslice_0_clocks.xdc:22]
WARNING: [Vivado_Tcl 4-921] Waiver ID 'CDC-1' -to list should not be empty. [/home/zkarim28/Meng/MEng_ZYBO/hdmi_driver/Zybo-Z7-HW/Zybo-Z7-HW.gen/sources_1/bd/design_1/ip/design_1_m00_regslice_0/design_1_m00_regslice_0_clocks.xdc:25]
WARNING: [Vivado_Tcl 4-921] Waiver ID 'CDC-1' -to list should not be empty. [/home/zkarim28/Meng/MEng_ZYBO/hdmi_driver/Zybo-Z7-HW/Zybo-Z7-HW.gen/sources_1/bd/design_1/ip/design_1_m00_regslice_0/design_1_m00_regslice_0_clocks.xdc:28]
WARNING: [Vivado_Tcl 4-921] Waiver ID 'CDC-1' -to list should not be empty. [/home/zkarim28/Meng/MEng_ZYBO/hdmi_driver/Zybo-Z7-HW/Zybo-Z7-HW.gen/sources_1/bd/design_1/ip/design_1_m00_regslice_0/design_1_m00_regslice_0_clocks.xdc:31]
WARNING: [Vivado_Tcl 4-921] Waiver ID 'CDC-1' -to list should not be empty. [/home/zkarim28/Meng/MEng_ZYBO/hdmi_driver/Zybo-Z7-HW/Zybo-Z7-HW.gen/sources_1/bd/design_1/ip/design_1_m00_regslice_0/design_1_m00_regslice_0_clocks.xdc:34]
WARNING: [Vivado_Tcl 4-921] Waiver ID 'CDC-1' -to list should not be empty. [/home/zkarim28/Meng/MEng_ZYBO/hdmi_driver/Zybo-Z7-HW/Zybo-Z7-HW.gen/sources_1/bd/design_1/ip/design_1_m00_regslice_0/design_1_m00_regslice_0_clocks.xdc:38]
WARNING: [Vivado_Tcl 4-921] Waiver ID 'CDC-1' -to list should not be empty. [/home/zkarim28/Meng/MEng_ZYBO/hdmi_driver/Zybo-Z7-HW/Zybo-Z7-HW.gen/sources_1/bd/design_1/ip/design_1_m00_regslice_0/design_1_m00_regslice_0_clocks.xdc:41]
Finished Parsing XDC File [/home/zkarim28/Meng/MEng_ZYBO/hdmi_driver/Zybo-Z7-HW/Zybo-Z7-HW.gen/sources_1/bd/design_1/ip/design_1_m00_regslice_0/design_1_m00_regslice_0_clocks.xdc] for cell 'design_1_i/axi_interconnect_hp0/m00_couplers/m00_regslice/inst'
Parsing XDC File [/home/zkarim28/Meng/MEng_ZYBO/hdmi_driver/Zybo-Z7-HW/Zybo-Z7-HW.gen/sources_1/bd/design_1/ip/design_1_axi_vdma_0_0/design_1_axi_vdma_0_0_clocks.xdc] for cell 'design_1_i/axi_vdma_0/U0'
Finished Parsing XDC File [/home/zkarim28/Meng/MEng_ZYBO/hdmi_driver/Zybo-Z7-HW/Zybo-Z7-HW.gen/sources_1/bd/design_1/ip/design_1_axi_vdma_0_0/design_1_axi_vdma_0_0_clocks.xdc] for cell 'design_1_i/axi_vdma_0/U0'
Parsing XDC File [/home/zkarim28/Meng/MEng_ZYBO/hdmi_driver/Zybo-Z7-HW/Zybo-Z7-HW.gen/sources_1/bd/design_1/ip/design_1_v_axi4s_vid_out_0_0/design_1_v_axi4s_vid_out_0_0_clocks.xdc] for cell 'design_1_i/v_axi4s_vid_out_0/inst'
Finished Parsing XDC File [/home/zkarim28/Meng/MEng_ZYBO/hdmi_driver/Zybo-Z7-HW/Zybo-Z7-HW.gen/sources_1/bd/design_1/ip/design_1_v_axi4s_vid_out_0_0/design_1_v_axi4s_vid_out_0_0_clocks.xdc] for cell 'design_1_i/v_axi4s_vid_out_0/inst'
Parsing XDC File [/home/zkarim28/Meng/MEng_ZYBO/hdmi_driver/Zybo-Z7-HW/Zybo-Z7-HW.gen/sources_1/bd/design_1/ip/design_1_v_tc_out_0/design_1_v_tc_out_0_clocks.xdc] for cell 'design_1_i/v_tc_out/U0'
INFO: [Timing 38-35] Done setting XDC timing constraints. [/home/zkarim28/Meng/MEng_ZYBO/hdmi_driver/Zybo-Z7-HW/Zybo-Z7-HW.gen/sources_1/bd/design_1/ip/design_1_v_tc_out_0/design_1_v_tc_out_0_clocks.xdc:2]
INFO: [Timing 38-2] Deriving generated clocks [/home/zkarim28/Meng/MEng_ZYBO/hdmi_driver/Zybo-Z7-HW/Zybo-Z7-HW.gen/sources_1/bd/design_1/ip/design_1_v_tc_out_0/design_1_v_tc_out_0_clocks.xdc:2]
get_clocks: Time (s): cpu = 00:00:08 ; elapsed = 00:00:07 . Memory (MB): peak = 2787.844 ; gain = 487.719 ; free physical = 1184 ; free virtual = 14805
Finished Parsing XDC File [/home/zkarim28/Meng/MEng_ZYBO/hdmi_driver/Zybo-Z7-HW/Zybo-Z7-HW.gen/sources_1/bd/design_1/ip/design_1_v_tc_out_0/design_1_v_tc_out_0_clocks.xdc] for cell 'design_1_i/v_tc_out/U0'
INFO: [Project 1-1714] 17 XPM XDC files have been applied to the design.
INFO: [Opt 31-138] Pushed 0 inverter(s) to 0 load pin(s).
INFO: [Project 1-1687] 47 scoped IP constraints or related sub-commands were skipped due to synthesis logic optimizations usually triggered by constant connectivity or unconnected output pins. To review the skipped constraints and messages, run the command 'set_param netlist.IPMsgFiltering false' before opening the design.
Netlist sorting complete. Time (s): cpu = 00:00:00 ; elapsed = 00:00:00.01 . Memory (MB): peak = 2787.855 ; gain = 0.000 ; free physical = 1163 ; free virtual = 14785
INFO: [Project 1-111] Unisim Transformation Summary:
  A total of 7 instances were transformed.
  IOBUF => IOBUF (IBUF, OBUFT): 2 instances
  RAM32M => RAM32M (RAMD32(x6), RAMS32(x2)): 4 instances
  RAM32X1D => RAM32X1D (RAMD32(x2)): 1 instance 

15 Infos, 56 Warnings, 0 Critical Warnings and 0 Errors encountered.
link_design completed successfully
link_design: Time (s): cpu = 00:00:19 ; elapsed = 00:00:19 . Memory (MB): peak = 2787.855 ; gain = 1084.414 ; free physical = 1163 ; free virtual = 14785
Command: opt_design
Attempting to get a license for feature 'Implementation' and/or device 'xc7z010'
INFO: [Common 17-349] Got license for feature 'Implementation' and/or device 'xc7z010'
Running DRC as a precondition to command opt_design

Starting DRC Task
INFO: [DRC 23-27] Running DRC with 4 threads
INFO: [Project 1-461] DRC finished with 0 Errors
INFO: [Project 1-462] Please refer to the DRC report (report_drc) for more information.

Time (s): cpu = 00:00:02 ; elapsed = 00:00:00.9 . Memory (MB): peak = 2787.855 ; gain = 0.000 ; free physical = 1158 ; free virtual = 14780

Starting Cache Timing Information Task
INFO: [Timing 38-35] Done setting XDC timing constraints.
Ending Cache Timing Information Task | Checksum: 1eb5d08a9

Time (s): cpu = 00:00:00.99 ; elapsed = 00:00:00.53 . Memory (MB): peak = 2787.855 ; gain = 0.000 ; free physical = 1152 ; free virtual = 14774

Starting Logic Optimization Task

Phase 1 Initialization

Phase 1.1 Core Generation And Design Setup
Phase 1.1 Core Generation And Design Setup | Checksum: 1eb5d08a9

Time (s): cpu = 00:00:00 ; elapsed = 00:00:00 . Memory (MB): peak = 3068.742 ; gain = 0.000 ; free physical = 845 ; free virtual = 14467

Phase 1.2 Setup Constraints And Sort Netlist
Phase 1.2 Setup Constraints And Sort Netlist | Checksum: 1eb5d08a9

Time (s): cpu = 00:00:00.01 ; elapsed = 00:00:00.02 . Memory (MB): peak = 3068.742 ; gain = 0.000 ; free physical = 845 ; free virtual = 14467
Phase 1 Initialization | Checksum: 1eb5d08a9

Time (s): cpu = 00:00:00.02 ; elapsed = 00:00:00.02 . Memory (MB): peak = 3068.742 ; gain = 0.000 ; free physical = 845 ; free virtual = 14467

Phase 2 Timer Update And Timing Data Collection

Phase 2.1 Timer Update
Phase 2.1 Timer Update | Checksum: 1eb5d08a9

Time (s): cpu = 00:00:01 ; elapsed = 00:00:00.38 . Memory (MB): peak = 3068.742 ; gain = 0.000 ; free physical = 845 ; free virtual = 14467

Phase 2.2 Timing Data Collection
Phase 2.2 Timing Data Collection | Checksum: 1eb5d08a9

Time (s): cpu = 00:00:01 ; elapsed = 00:00:00.41 . Memory (MB): peak = 3068.742 ; gain = 0.000 ; free physical = 845 ; free virtual = 14467
Phase 2 Timer Update And Timing Data Collection | Checksum: 1eb5d08a9

Time (s): cpu = 00:00:01 ; elapsed = 00:00:00.41 . Memory (MB): peak = 3068.742 ; gain = 0.000 ; free physical = 845 ; free virtual = 14467

Phase 3 Retarget
INFO: [Opt 31-1834] Total Chains To Be Transformed Were: 0 AND Number of Transformed insts Created are: 0
INFO: [Opt 31-1566] Pulled 5 inverters resulting in an inversion of 40 pins
INFO: [Opt 31-138] Pushed 2 inverter(s) to 6 load pin(s).
INFO: [Opt 31-49] Retargeted 0 cell(s).
Phase 3 Retarget | Checksum: 22bb8ab52

Time (s): cpu = 00:00:01 ; elapsed = 00:00:00.77 . Memory (MB): peak = 3068.742 ; gain = 0.000 ; free physical = 844 ; free virtual = 14466
Retarget | Checksum: 22bb8ab52
INFO: [Opt 31-389] Phase Retarget created 196 cells and removed 441 cells
INFO: [Opt 31-1021] In phase Retarget, 81 netlist objects are constrained preventing optimization. Please run opt_design with -debug_log to get more detail. 

Phase 4 Constant propagation
INFO: [Opt 31-138] Pushed 0 inverter(s) to 0 load pin(s).
Phase 4 Constant propagation | Checksum: 1f1741a1f

Time (s): cpu = 00:00:02 ; elapsed = 00:00:00.98 . Memory (MB): peak = 3068.742 ; gain = 0.000 ; free physical = 844 ; free virtual = 14466
Constant propagation | Checksum: 1f1741a1f
INFO: [Opt 31-389] Phase Constant propagation created 0 cells and removed 385 cells
INFO: [Opt 31-1021] In phase Constant propagation, 411 netlist objects are constrained preventing optimization. Please run opt_design with -debug_log to get more detail. 

Phase 5 Sweep
Phase 5 Sweep | Checksum: 20c3db9e7

Time (s): cpu = 00:00:02 ; elapsed = 00:00:01 . Memory (MB): peak = 3068.742 ; gain = 0.000 ; free physical = 844 ; free virtual = 14466
Sweep | Checksum: 20c3db9e7
INFO: [Opt 31-389] Phase Sweep created 0 cells and removed 997 cells
INFO: [Opt 31-1021] In phase Sweep, 161 netlist objects are constrained preventing optimization. Please run opt_design with -debug_log to get more detail. 

Phase 6 BUFG optimization
Phase 6 BUFG optimization | Checksum: 20c3db9e7

Time (s): cpu = 00:00:02 ; elapsed = 00:00:02 . Memory (MB): peak = 3068.742 ; gain = 0.000 ; free physical = 844 ; free virtual = 14466
BUFG optimization | Checksum: 20c3db9e7
INFO: [Opt 31-662] Phase BUFG optimization created 0 cells of which 0 are BUFGs and removed 0 cells.

Phase 7 Shift Register Optimization
INFO: [Opt 31-1064] SRL Remap converted 0 SRLs to 0 registers and converted 0 registers of register chains to 0 SRLs
Phase 7 Shift Register Optimization | Checksum: 20c3db9e7

Time (s): cpu = 00:00:02 ; elapsed = 00:00:02 . Memory (MB): peak = 3068.742 ; gain = 0.000 ; free physical = 844 ; free virtual = 14466
Shift Register Optimization | Checksum: 20c3db9e7
INFO: [Opt 31-389] Phase Shift Register Optimization created 0 cells and removed 0 cells

Phase 8 Post Processing Netlist
Phase 8 Post Processing Netlist | Checksum: 20c3db9e7

Time (s): cpu = 00:00:03 ; elapsed = 00:00:02 . Memory (MB): peak = 3068.742 ; gain = 0.000 ; free physical = 844 ; free virtual = 14466
Post Processing Netlist | Checksum: 20c3db9e7
INFO: [Opt 31-389] Phase Post Processing Netlist created 0 cells and removed 0 cells
INFO: [Opt 31-1021] In phase Post Processing Netlist, 33 netlist objects are constrained preventing optimization. Please run opt_design with -debug_log to get more detail. 

Phase 9 Finalization

Phase 9.1 Finalizing Design Cores and Updating Shapes
Phase 9.1 Finalizing Design Cores and Updating Shapes | Checksum: 24685653f

Time (s): cpu = 00:00:03 ; elapsed = 00:00:02 . Memory (MB): peak = 3068.742 ; gain = 0.000 ; free physical = 844 ; free virtual = 14466

Phase 9.2 Verifying Netlist Connectivity

Starting Connectivity Check Task

Time (s): cpu = 00:00:00.02 ; elapsed = 00:00:00.02 . Memory (MB): peak = 3068.742 ; gain = 0.000 ; free physical = 844 ; free virtual = 14466
Phase 9.2 Verifying Netlist Connectivity | Checksum: 24685653f

Time (s): cpu = 00:00:03 ; elapsed = 00:00:02 . Memory (MB): peak = 3068.742 ; gain = 0.000 ; free physical = 844 ; free virtual = 14466
Phase 9 Finalization | Checksum: 24685653f

Time (s): cpu = 00:00:03 ; elapsed = 00:00:02 . Memory (MB): peak = 3068.742 ; gain = 0.000 ; free physical = 844 ; free virtual = 14466
Opt_design Change Summary
=========================


-------------------------------------------------------------------------------------------------------------------------
|  Phase                        |  #Cells created  |  #Cells Removed  |  #Constrained objects preventing optimizations  |
-------------------------------------------------------------------------------------------------------------------------
|  Retarget                     |             196  |             441  |                                             81  |
|  Constant propagation         |               0  |             385  |                                            411  |
|  Sweep                        |               0  |             997  |                                            161  |
|  BUFG optimization            |               0  |               0  |                                              0  |
|  Shift Register Optimization  |               0  |               0  |                                              0  |
|  Post Processing Netlist      |               0  |               0  |                                             33  |
-------------------------------------------------------------------------------------------------------------------------


Ending Logic Optimization Task | Checksum: 24685653f

Time (s): cpu = 00:00:03 ; elapsed = 00:00:02 . Memory (MB): peak = 3068.742 ; gain = 0.000 ; free physical = 844 ; free virtual = 14466

Starting Power Optimization Task
INFO: [Pwropt 34-132] Skipping clock gating for clocks with a period < 2.00 ns.
INFO: [Timing 38-35] Done setting XDC timing constraints.
INFO: [Pwropt 34-9] Applying IDT optimizations ...
INFO: [Pwropt 34-10] Applying ODC optimizations ...
Running Vector-less Activity Propagation...

Finished Running Vector-less Activity Propagation


Starting PowerOpt Patch Enables Task
INFO: [Pwropt 34-162] WRITE_MODE attribute of 0 BRAM(s) out of a total of 10 has been updated to save power. Run report_power_opt to get a complete listing of the BRAMs updated.
INFO: [Pwropt 34-201] Structural ODC has moved 2 WE to EN ports
Number of BRAM Ports augmented: 11 newly gated: 2 Total Ports: 20
Ending PowerOpt Patch Enables Task | Checksum: 2ffdd3ac4

Time (s): cpu = 00:00:00.08 ; elapsed = 00:00:00.08 . Memory (MB): peak = 3338.695 ; gain = 0.000 ; free physical = 672 ; free virtual = 14296
Ending Power Optimization Task | Checksum: 2ffdd3ac4

Time (s): cpu = 00:00:06 ; elapsed = 00:00:03 . Memory (MB): peak = 3338.695 ; gain = 269.953 ; free physical = 672 ; free virtual = 14295

Starting Final Cleanup Task
Ending Final Cleanup Task | Checksum: 2ffdd3ac4

Time (s): cpu = 00:00:00 ; elapsed = 00:00:00 . Memory (MB): peak = 3338.695 ; gain = 0.000 ; free physical = 672 ; free virtual = 14295

Starting Netlist Obfuscation Task
Netlist sorting complete. Time (s): cpu = 00:00:00.01 ; elapsed = 00:00:00.02 . Memory (MB): peak = 3338.695 ; gain = 0.000 ; free physical = 672 ; free virtual = 14295
Ending Netlist Obfuscation Task | Checksum: 2e9301297

Time (s): cpu = 00:00:00.02 ; elapsed = 00:00:00.02 . Memory (MB): peak = 3338.695 ; gain = 0.000 ; free physical = 672 ; free virtual = 14295
INFO: [Common 17-83] Releasing license: Implementation
43 Infos, 56 Warnings, 0 Critical Warnings and 0 Errors encountered.
opt_design completed successfully
opt_design: Time (s): cpu = 00:00:13 ; elapsed = 00:00:08 . Memory (MB): peak = 3338.695 ; gain = 550.840 ; free physical = 672 ; free virtual = 14295
INFO: [Vivado 12-24828] Executing command : report_drc -file design_1_wrapper_drc_opted.rpt -pb design_1_wrapper_drc_opted.pb -rpx design_1_wrapper_drc_opted.rpx
Command: report_drc -file design_1_wrapper_drc_opted.rpt -pb design_1_wrapper_drc_opted.pb -rpx design_1_wrapper_drc_opted.rpx
INFO: [IP_Flow 19-1839] IP Catalog is up to date.
INFO: [DRC 23-27] Running DRC with 4 threads
INFO: [Vivado_Tcl 2-168] The results of DRC are in file /home/zkarim28/Meng/MEng_ZYBO/hdmi_driver/Zybo-Z7-HW/Zybo-Z7-HW.runs/impl_1/design_1_wrapper_drc_opted.rpt.
report_drc completed successfully
INFO: [Timing 38-35] Done setting XDC timing constraints.
INFO: [Timing 38-480] Writing timing data to binary archive.
Wrote PlaceDB: Time (s): cpu = 00:00:00.11 ; elapsed = 00:00:00.03 . Memory (MB): peak = 3349.711 ; gain = 0.000 ; free physical = 663 ; free virtual = 14295
Wrote PulsedLatchDB: Time (s): cpu = 00:00:00 ; elapsed = 00:00:00 . Memory (MB): peak = 3349.711 ; gain = 0.000 ; free physical = 663 ; free virtual = 14295
Writing XDEF routing.
Write ShapeDB Complete: Time (s): cpu = 00:00:00.12 ; elapsed = 00:00:00.04 . Memory (MB): peak = 3349.711 ; gain = 0.000 ; free physical = 663 ; free virtual = 14295
Writing XDEF routing logical nets.
Writing XDEF routing special nets.
Wrote RouteStorage: Time (s): cpu = 00:00:00.17 ; elapsed = 00:00:00.05 . Memory (MB): peak = 3349.711 ; gain = 0.000 ; free physical = 661 ; free virtual = 14293
Wrote Netlist Cache: Time (s): cpu = 00:00:00.01 ; elapsed = 00:00:00 . Memory (MB): peak = 3349.711 ; gain = 0.000 ; free physical = 661 ; free virtual = 14293
Wrote Device Cache: Time (s): cpu = 00:00:00.04 ; elapsed = 00:00:00.01 . Memory (MB): peak = 3349.711 ; gain = 0.000 ; free physical = 660 ; free virtual = 14293
Write Physdb Complete: Time (s): cpu = 00:00:00.35 ; elapsed = 00:00:00.11 . Memory (MB): peak = 3349.711 ; gain = 0.000 ; free physical = 660 ; free virtual = 14293
INFO: [Common 17-1381] The checkpoint '/home/zkarim28/Meng/MEng_ZYBO/hdmi_driver/Zybo-Z7-HW/Zybo-Z7-HW.runs/impl_1/design_1_wrapper_opt.dcp' has been generated.
Command: place_design
Attempting to get a license for feature 'Implementation' and/or device 'xc7z010'
INFO: [Common 17-349] Got license for feature 'Implementation' and/or device 'xc7z010'
INFO: [Common 17-83] Releasing license: Implementation
INFO: [DRC 23-27] Running DRC with 4 threads
INFO: [Vivado_Tcl 4-198] DRC finished with 0 Errors
INFO: [Vivado_Tcl 4-199] Please refer to the DRC report (report_drc) for more information.
Running DRC as a precondition to command place_design
INFO: [DRC 23-27] Running DRC with 4 threads
INFO: [Vivado_Tcl 4-198] DRC finished with 0 Errors
INFO: [Vivado_Tcl 4-199] Please refer to the DRC report (report_drc) for more information.
INFO: [Place 30-611] Multithreading enabled for place_design using a maximum of 4 CPUs

Starting Placer Task

Phase 1 Placer Initialization

Phase 1.1 Placer Initialization Netlist Sorting
Netlist sorting complete. Time (s): cpu = 00:00:00 ; elapsed = 00:00:00 . Memory (MB): peak = 3349.711 ; gain = 0.000 ; free physical = 597 ; free virtual = 14285
Phase 1.1 Placer Initialization Netlist Sorting | Checksum: 216540a7d

Time (s): cpu = 00:00:00.01 ; elapsed = 00:00:00.01 . Memory (MB): peak = 3349.711 ; gain = 0.000 ; free physical = 597 ; free virtual = 14285
Netlist sorting complete. Time (s): cpu = 00:00:00 ; elapsed = 00:00:00 . Memory (MB): peak = 3349.711 ; gain = 0.000 ; free physical = 597 ; free virtual = 14285

Phase 1.2 IO Placement/ Clock Placement/ Build Placer Device
Phase 1.2 IO Placement/ Clock Placement/ Build Placer Device | Checksum: 17f264708

Time (s): cpu = 00:00:02 ; elapsed = 00:00:01 . Memory (MB): peak = 3349.711 ; gain = 0.000 ; free physical = 670 ; free virtual = 14278

Phase 1.3 Build Placer Netlist Model
Phase 1.3 Build Placer Netlist Model | Checksum: 1fb3f1f1e

Time (s): cpu = 00:00:07 ; elapsed = 00:00:04 . Memory (MB): peak = 3349.711 ; gain = 0.000 ; free physical = 689 ; free virtual = 14297

Phase 1.4 Constrain Clocks/Macros
Phase 1.4 Constrain Clocks/Macros | Checksum: 1fb3f1f1e

Time (s): cpu = 00:00:07 ; elapsed = 00:00:04 . Memory (MB): peak = 3349.711 ; gain = 0.000 ; free physical = 689 ; free virtual = 14297
Phase 1 Placer Initialization | Checksum: 1fb3f1f1e

Time (s): cpu = 00:00:07 ; elapsed = 00:00:04 . Memory (MB): peak = 3349.711 ; gain = 0.000 ; free physical = 689 ; free virtual = 14297

Phase 2 Global Placement

Phase 2.1 Floorplanning
Phase 2.1 Floorplanning | Checksum: 1a0d7fdf1

Time (s): cpu = 00:00:09 ; elapsed = 00:00:04 . Memory (MB): peak = 3349.711 ; gain = 0.000 ; free physical = 712 ; free virtual = 14296

Phase 2.2 Update Timing before SLR Path Opt
Phase 2.2 Update Timing before SLR Path Opt | Checksum: 1a1b25c7a

Time (s): cpu = 00:00:11 ; elapsed = 00:00:05 . Memory (MB): peak = 3349.711 ; gain = 0.000 ; free physical = 712 ; free virtual = 14295

Phase 2.3 Post-Processing in Floorplanning
Phase 2.3 Post-Processing in Floorplanning | Checksum: 1a1b25c7a

Time (s): cpu = 00:00:11 ; elapsed = 00:00:05 . Memory (MB): peak = 3349.711 ; gain = 0.000 ; free physical = 712 ; free virtual = 14295

Phase 2.4 Global Placement Core

Phase 2.4.1 UpdateTiming Before Physical Synthesis
Phase 2.4.1 UpdateTiming Before Physical Synthesis | Checksum: 1bb8273ed

Time (s): cpu = 00:00:29 ; elapsed = 00:00:12 . Memory (MB): peak = 3349.711 ; gain = 0.000 ; free physical = 734 ; free virtual = 14317

Phase 2.4.2 Physical Synthesis In Placer
INFO: [Physopt 32-1035] Found 46 LUTNM shape to break, 360 LUT instances to create LUTNM shape
INFO: [Physopt 32-1044] Break lutnm for timing: one critical 1, two critical 45, total 46, new lutff created 0
INFO: [Physopt 32-1138] End 1 Pass. Optimized 182 nets or LUTs. Breaked 46 LUTs, combined 136 existing LUTs and moved 0 existing LUT
INFO: [Physopt 32-65] No nets found for high-fanout optimization.
INFO: [Physopt 32-232] Optimized 0 net. Created 0 new instance.
INFO: [Physopt 32-775] End 1 Pass. Optimized 0 net or cell. Created 0 new cell, deleted 0 existing cell and moved 0 existing cell
INFO: [Physopt 32-457] Pass 1. Identified 3 candidate cells for DSP register optimization.
INFO: [Physopt 32-665] Processed cell design_1_i/lorenz_dda_driver_0/inst/solver_i/mult_xy_i/mult_out__1. 10 registers were pushed out.
INFO: [Physopt 32-665] Processed cell design_1_i/lorenz_dda_driver_0/inst/solver_i/mult_xy_i/mult_out__0. 17 registers were pushed out.
INFO: [Physopt 32-665] Processed cell design_1_i/lorenz_dda_driver_0/inst/solver_i/mult_xy_i/mult_out. 17 registers were pushed out.
INFO: [Physopt 32-775] End 2 Pass. Optimized 3 nets or cells. Created 44 new cells, deleted 0 existing cell and moved 0 existing cell
Netlist sorting complete. Time (s): cpu = 00:00:00.01 ; elapsed = 00:00:00.02 . Memory (MB): peak = 3349.711 ; gain = 0.000 ; free physical = 734 ; free virtual = 14318
INFO: [Physopt 32-1123] No candidate cells found for Shift Register to Pipeline optimization
INFO: [Physopt 32-775] End 2 Pass. Optimized 0 net or cell. Created 0 new cell, deleted 0 existing cell and moved 0 existing cell
INFO: [Physopt 32-1401] No candidate cells found for Shift Register optimization.
INFO: [Physopt 32-677] No candidate cells for Shift Register optimization found in the design
INFO: [Physopt 32-775] End 1 Pass. Optimized 0 net or cell. Created 0 new cell, deleted 0 existing cell and moved 0 existing cell
INFO: [Physopt 32-526] No candidate cells for BRAM register optimization found in the design
INFO: [Physopt 32-775] End 1 Pass. Optimized 0 net or cell. Created 0 new cell, deleted 0 existing cell and moved 0 existing cell
INFO: [Physopt 32-846] No candidate cells for URAM register optimization found in the design
INFO: [Physopt 32-775] End 1 Pass. Optimized 0 net or cell. Created 0 new cell, deleted 0 existing cell and moved 0 existing cell
INFO: [Physopt 32-846] No candidate cells for URAM register optimization found in the design
INFO: [Physopt 32-775] End 1 Pass. Optimized 0 net or cell. Created 0 new cell, deleted 0 existing cell and moved 0 existing cell
INFO: [Physopt 32-949] No candidate nets found for dynamic/static region interface net replication
INFO: [Physopt 32-775] End 1 Pass. Optimized 0 net or cell. Created 0 new cell, deleted 0 existing cell and moved 0 existing cell
Netlist sorting complete. Time (s): cpu = 00:00:00 ; elapsed = 00:00:00.01 . Memory (MB): peak = 3349.711 ; gain = 0.000 ; free physical = 737 ; free virtual = 14320

Summary of Physical Synthesis Optimizations
============================================


-----------------------------------------------------------------------------------------------------------------------------------------------------------
|  Optimization                                     |  Added Cells  |  Removed Cells  |  Optimized Cells/Nets  |  Dont Touch  |  Iterations  |  Elapsed   |
-----------------------------------------------------------------------------------------------------------------------------------------------------------
|  LUT Combining                                    |           46  |            136  |                   182  |           0  |           1  |  00:00:00  |
|  Retime                                           |            0  |              0  |                     0  |           0  |           1  |  00:00:00  |
|  Very High Fanout                                 |            0  |              0  |                     0  |           0  |           1  |  00:00:00  |
|  DSP Register                                     |           44  |              0  |                     3  |           0  |           1  |  00:00:00  |
|  Shift Register to Pipeline                       |            0  |              0  |                     0  |           0  |           1  |  00:00:00  |
|  Shift Register                                   |            0  |              0  |                     0  |           0  |           1  |  00:00:00  |
|  BRAM Register                                    |            0  |              0  |                     0  |           0  |           1  |  00:00:00  |
|  URAM Register                                    |            0  |              0  |                     0  |           0  |           1  |  00:00:00  |
|  Dynamic/Static Region Interface Net Replication  |            0  |              0  |                     0  |           0  |           1  |  00:00:00  |
|  Total                                            |           90  |            136  |                   185  |           0  |           9  |  00:00:01  |
-----------------------------------------------------------------------------------------------------------------------------------------------------------


Phase 2.4.2 Physical Synthesis In Placer | Checksum: 27ffdc226

Time (s): cpu = 00:00:32 ; elapsed = 00:00:14 . Memory (MB): peak = 3349.711 ; gain = 0.000 ; free physical = 737 ; free virtual = 14321
Phase 2.4 Global Placement Core | Checksum: 1cec8a13c

Time (s): cpu = 00:00:33 ; elapsed = 00:00:15 . Memory (MB): peak = 3349.711 ; gain = 0.000 ; free physical = 737 ; free virtual = 14321
Phase 2 Global Placement | Checksum: 1cec8a13c

Time (s): cpu = 00:00:33 ; elapsed = 00:00:15 . Memory (MB): peak = 3349.711 ; gain = 0.000 ; free physical = 737 ; free virtual = 14321

Phase 3 Detail Placement

Phase 3.1 Commit Multi Column Macros
Phase 3.1 Commit Multi Column Macros | Checksum: 29a394f8a

Time (s): cpu = 00:00:34 ; elapsed = 00:00:15 . Memory (MB): peak = 3349.711 ; gain = 0.000 ; free physical = 738 ; free virtual = 14321

Phase 3.2 Commit Most Macros & LUTRAMs
Phase 3.2 Commit Most Macros & LUTRAMs | Checksum: 22e9df3c3

Time (s): cpu = 00:00:38 ; elapsed = 00:00:17 . Memory (MB): peak = 3349.711 ; gain = 0.000 ; free physical = 737 ; free virtual = 14321

Phase 3.3 Area Swap Optimization
Phase 3.3 Area Swap Optimization | Checksum: 2d7957278

Time (s): cpu = 00:00:38 ; elapsed = 00:00:17 . Memory (MB): peak = 3349.711 ; gain = 0.000 ; free physical = 737 ; free virtual = 14321

Phase 3.4 Pipeline Register Optimization
Phase 3.4 Pipeline Register Optimization | Checksum: 2624429a3

Time (s): cpu = 00:00:38 ; elapsed = 00:00:17 . Memory (MB): peak = 3349.711 ; gain = 0.000 ; free physical = 737 ; free virtual = 14321

Phase 3.5 Fast Optimization
Phase 3.5 Fast Optimization | Checksum: 224d5f82c

Time (s): cpu = 00:00:43 ; elapsed = 00:00:19 . Memory (MB): peak = 3349.711 ; gain = 0.000 ; free physical = 731 ; free virtual = 14315

Phase 3.6 Small Shape Detail Placement
Phase 3.6 Small Shape Detail Placement | Checksum: 1bd9295ce

Time (s): cpu = 00:00:47 ; elapsed = 00:00:23 . Memory (MB): peak = 3349.711 ; gain = 0.000 ; free physical = 549 ; free virtual = 14293

Phase 3.7 Re-assign LUT pins
Phase 3.7 Re-assign LUT pins | Checksum: 1207fff16

Time (s): cpu = 00:00:48 ; elapsed = 00:00:24 . Memory (MB): peak = 3349.711 ; gain = 0.000 ; free physical = 542 ; free virtual = 14296

Phase 3.8 Pipeline Register Optimization
Phase 3.8 Pipeline Register Optimization | Checksum: 23e9f8f9f

Time (s): cpu = 00:00:48 ; elapsed = 00:00:24 . Memory (MB): peak = 3349.711 ; gain = 0.000 ; free physical = 550 ; free virtual = 14304

Phase 3.9 Fast Optimization
Phase 3.9 Fast Optimization | Checksum: 1166d4e14

Time (s): cpu = 00:00:59 ; elapsed = 00:00:30 . Memory (MB): peak = 3349.711 ; gain = 0.000 ; free physical = 667 ; free virtual = 14299
Phase 3 Detail Placement | Checksum: 1166d4e14

Time (s): cpu = 00:00:59 ; elapsed = 00:00:30 . Memory (MB): peak = 3349.711 ; gain = 0.000 ; free physical = 667 ; free virtual = 14299

Phase 4 Post Placement Optimization and Clean-Up

Phase 4.1 Post Commit Optimization
INFO: [Timing 38-35] Done setting XDC timing constraints.

Phase 4.1.1 Post Placement Optimization
Post Placement Optimization Initialization | Checksum: 11930e79d

Phase 4.1.1.1 BUFG Insertion

Starting Physical Synthesis Task

Phase 1 Physical Synthesis Initialization
INFO: [Physopt 32-721] Multithreading enabled for phys_opt_design using a maximum of 4 CPUs
INFO: [Physopt 32-619] Estimated Timing Summary | WNS=-7.504 | TNS=-785.934 |
Phase 1 Physical Synthesis Initialization | Checksum: 1058b92c9

Time (s): cpu = 00:00:02 ; elapsed = 00:00:00.89 . Memory (MB): peak = 3349.711 ; gain = 0.000 ; free physical = 626 ; free virtual = 14276
INFO: [Place 46-56] BUFG insertion identified 0 candidate nets. Inserted BUFG: 0, Replicated BUFG Driver: 0, Skipped due to Placement/Routing Conflicts: 0, Skipped due to Timing Degradation: 0, Skipped due to netlist editing failed: 0.
Ending Physical Synthesis Task | Checksum: 120a731bf

Time (s): cpu = 00:00:02 ; elapsed = 00:00:01 . Memory (MB): peak = 3349.711 ; gain = 0.000 ; free physical = 626 ; free virtual = 14276
Phase 4.1.1.1 BUFG Insertion | Checksum: 11930e79d

Time (s): cpu = 00:01:09 ; elapsed = 00:00:34 . Memory (MB): peak = 3349.711 ; gain = 0.000 ; free physical = 626 ; free virtual = 14276

Phase 4.1.1.2 Post Placement Timing Optimization
INFO: [Place 30-746] Post Placement Timing Summary WNS=-6.710. For the most accurate timing information please run report_timing.
Phase 4.1.1.2 Post Placement Timing Optimization | Checksum: 1e5f046de

Time (s): cpu = 00:01:51 ; elapsed = 00:01:03 . Memory (MB): peak = 3349.711 ; gain = 0.000 ; free physical = 626 ; free virtual = 14279

Time (s): cpu = 00:01:51 ; elapsed = 00:01:03 . Memory (MB): peak = 3349.711 ; gain = 0.000 ; free physical = 626 ; free virtual = 14279
Phase 4.1 Post Commit Optimization | Checksum: 1e5f046de

Time (s): cpu = 00:01:52 ; elapsed = 00:01:03 . Memory (MB): peak = 3349.711 ; gain = 0.000 ; free physical = 626 ; free virtual = 14279

Phase 4.2 Post Placement Cleanup
Phase 4.2 Post Placement Cleanup | Checksum: 1e5f046de

Time (s): cpu = 00:01:52 ; elapsed = 00:01:03 . Memory (MB): peak = 3349.711 ; gain = 0.000 ; free physical = 630 ; free virtual = 14283

Phase 4.3 Placer Reporting

Phase 4.3.1 Print Estimated Congestion
INFO: [Place 30-612] Post-Placement Estimated Congestion 
 ____________________________________________________
|           | Global Congestion | Short Congestion  |
| Direction | Region Size       | Region Size       |
|___________|___________________|___________________|
|      North|                1x1|                2x2|
|___________|___________________|___________________|
|      South|                1x1|                1x1|
|___________|___________________|___________________|
|       East|                1x1|                1x1|
|___________|___________________|___________________|
|       West|                1x1|                1x1|
|___________|___________________|___________________|

Phase 4.3.1 Print Estimated Congestion | Checksum: 1e5f046de

Time (s): cpu = 00:01:52 ; elapsed = 00:01:03 . Memory (MB): peak = 3349.711 ; gain = 0.000 ; free physical = 630 ; free virtual = 14283
Phase 4.3 Placer Reporting | Checksum: 1e5f046de

Time (s): cpu = 00:01:52 ; elapsed = 00:01:03 . Memory (MB): peak = 3349.711 ; gain = 0.000 ; free physical = 630 ; free virtual = 14283

Phase 4.4 Final Placement Cleanup
Netlist sorting complete. Time (s): cpu = 00:00:00 ; elapsed = 00:00:00 . Memory (MB): peak = 3349.711 ; gain = 0.000 ; free physical = 630 ; free virtual = 14283

Time (s): cpu = 00:01:52 ; elapsed = 00:01:03 . Memory (MB): peak = 3349.711 ; gain = 0.000 ; free physical = 630 ; free virtual = 14283
Phase 4 Post Placement Optimization and Clean-Up | Checksum: 2b94000a8

Time (s): cpu = 00:01:52 ; elapsed = 00:01:03 . Memory (MB): peak = 3349.711 ; gain = 0.000 ; free physical = 630 ; free virtual = 14283
Ending Placer Task | Checksum: 1ec786890

Time (s): cpu = 00:01:52 ; elapsed = 00:01:03 . Memory (MB): peak = 3349.711 ; gain = 0.000 ; free physical = 630 ; free virtual = 14283
89 Infos, 56 Warnings, 0 Critical Warnings and 0 Errors encountered.
place_design completed successfully
place_design: Time (s): cpu = 00:01:57 ; elapsed = 00:01:06 . Memory (MB): peak = 3349.711 ; gain = 0.000 ; free physical = 630 ; free virtual = 14283
INFO: [Vivado 12-24838] Running report commands "report_control_sets, report_io, report_utilization" in parallel.
Running report generation with 3 threads.
INFO: [Vivado 12-24828] Executing command : report_control_sets -verbose -file design_1_wrapper_control_sets_placed.rpt
report_control_sets: Time (s): cpu = 00:00:00.25 ; elapsed = 00:00:00.09 . Memory (MB): peak = 3349.711 ; gain = 0.000 ; free physical = 624 ; free virtual = 14277
INFO: [Vivado 12-24828] Executing command : report_io -file design_1_wrapper_io_placed.rpt
report_io: Time (s): cpu = 00:00:00.32 ; elapsed = 00:00:00.11 . Memory (MB): peak = 3349.711 ; gain = 0.000 ; free physical = 624 ; free virtual = 14277
INFO: [Vivado 12-24828] Executing command : report_utilization -file design_1_wrapper_utilization_placed.rpt -pb design_1_wrapper_utilization_placed.pb
INFO: [Timing 38-480] Writing timing data to binary archive.
Write ShapeDB Complete: Time (s): cpu = 00:00:00.19 ; elapsed = 00:00:00.05 . Memory (MB): peak = 3349.711 ; gain = 0.000 ; free physical = 618 ; free virtual = 14274
Wrote PlaceDB: Time (s): cpu = 00:00:03 ; elapsed = 00:00:01 . Memory (MB): peak = 3349.711 ; gain = 0.000 ; free physical = 582 ; free virtual = 14255
Wrote PulsedLatchDB: Time (s): cpu = 00:00:00 ; elapsed = 00:00:00 . Memory (MB): peak = 3349.711 ; gain = 0.000 ; free physical = 582 ; free virtual = 14255
Writing XDEF routing.
Writing XDEF routing logical nets.
Writing XDEF routing special nets.
Wrote RouteStorage: Time (s): cpu = 00:00:00.07 ; elapsed = 00:00:00.04 . Memory (MB): peak = 3349.711 ; gain = 0.000 ; free physical = 582 ; free virtual = 14256
Wrote Netlist Cache: Time (s): cpu = 00:00:00.04 ; elapsed = 00:00:00.04 . Memory (MB): peak = 3349.711 ; gain = 0.000 ; free physical = 582 ; free virtual = 14257
Wrote Device Cache: Time (s): cpu = 00:00:00.01 ; elapsed = 00:00:00.01 . Memory (MB): peak = 3349.711 ; gain = 0.000 ; free physical = 575 ; free virtual = 14250
Write Physdb Complete: Time (s): cpu = 00:00:03 ; elapsed = 00:00:01 . Memory (MB): peak = 3349.711 ; gain = 0.000 ; free physical = 575 ; free virtual = 14250
INFO: [Common 17-1381] The checkpoint '/home/zkarim28/Meng/MEng_ZYBO/hdmi_driver/Zybo-Z7-HW/Zybo-Z7-HW.runs/impl_1/design_1_wrapper_placed.dcp' has been generated.
Command: phys_opt_design
Attempting to get a license for feature 'Implementation' and/or device 'xc7z010'
INFO: [Common 17-349] Got license for feature 'Implementation' and/or device 'xc7z010'

Starting Initial Update Timing Task

Time (s): cpu = 00:00:06 ; elapsed = 00:00:02 . Memory (MB): peak = 3349.711 ; gain = 0.000 ; free physical = 565 ; free virtual = 14230
INFO: [Vivado_Tcl 4-1435] PhysOpt_Tcl_Interface Runtime Before Starting Physical Synthesis Task | CPU: 5.90s |  WALL: 2.17s
Netlist sorting complete. Time (s): cpu = 00:00:00 ; elapsed = 00:00:00 . Memory (MB): peak = 3349.711 ; gain = 0.000 ; free physical = 565 ; free virtual = 14230

Starting Physical Synthesis Task

Phase 1 Physical Synthesis Initialization
INFO: [Physopt 32-721] Multithreading enabled for phys_opt_design using a maximum of 4 CPUs
INFO: [Physopt 32-619] Estimated Timing Summary | WNS=-6.883 | TNS=-764.069 |
Phase 1 Physical Synthesis Initialization | Checksum: 1154df9d6

Time (s): cpu = 00:00:03 ; elapsed = 00:00:02 . Memory (MB): peak = 3349.711 ; gain = 0.000 ; free physical = 581 ; free virtual = 14246
INFO: [Physopt 32-619] Estimated Timing Summary | WNS=-6.883 | TNS=-764.069 |

Phase 2 DSP Register Optimization
INFO: [Physopt 32-456] No candidate cells for DSP register optimization found in the design.
INFO: [Physopt 32-775] End 2 Pass. Optimized 0 net or cell. Created 0 new cell, deleted 0 existing cell and moved 0 existing cell
Phase 2 DSP Register Optimization | Checksum: 1154df9d6

Time (s): cpu = 00:00:04 ; elapsed = 00:00:02 . Memory (MB): peak = 3349.711 ; gain = 0.000 ; free physical = 581 ; free virtual = 14247

Phase 3 Critical Path Optimization
INFO: [Physopt 32-619] Estimated Timing Summary | WNS=-6.883 | TNS=-764.069 |
INFO: [Physopt 32-663] Processed net design_1_i/lorenz_dda_driver_0/inst/solver_i/integrator_x/B[1].  Re-placed instance design_1_i/lorenz_dda_driver_0/inst/solver_i/integrator_x/v1_reg[26]
INFO: [Physopt 32-735] Processed net design_1_i/lorenz_dda_driver_0/inst/solver_i/integrator_x/B[1]. Optimization improves timing on the net.
INFO: [Physopt 32-619] Estimated Timing Summary | WNS=-6.758 | TNS=-765.398 |
INFO: [Physopt 32-663] Processed net design_1_i/lorenz_dda_driver_0/inst/solver_i/integrator_x/v1_reg[16]_0.  Re-placed instance design_1_i/lorenz_dda_driver_0/inst/solver_i/integrator_x/v1_reg[16]
INFO: [Physopt 32-735] Processed net design_1_i/lorenz_dda_driver_0/inst/solver_i/integrator_x/v1_reg[16]_0. Optimization improves timing on the net.
INFO: [Physopt 32-619] Estimated Timing Summary | WNS=-6.746 | TNS=-765.114 |
INFO: [Physopt 32-663] Processed net design_1_i/lorenz_dda_driver_0/inst/solver_i/integrator_x/v1_reg[20]_0.  Re-placed instance design_1_i/lorenz_dda_driver_0/inst/solver_i/integrator_x/v1_reg[20]
INFO: [Physopt 32-735] Processed net design_1_i/lorenz_dda_driver_0/inst/solver_i/integrator_x/v1_reg[20]_0. Optimization improves timing on the net.
INFO: [Physopt 32-619] Estimated Timing Summary | WNS=-6.739 | TNS=-764.959 |
INFO: [Physopt 32-702] Processed net design_1_i/lorenz_dda_driver_0/inst/solver_i/integrator_x/B[1]. Optimizations did not improve timing on the net.
INFO: [Physopt 32-702] Processed net design_1_i/processing_system7_0/inst/FCLK_CLK_unbuffered[0]. Optimizations did not improve timing on the net.
INFO: [Physopt 32-702] Processed net design_1_i/lorenz_dda_driver_0/inst/solver_i/mult_dx/v1_reg[20]_i_1__1_n_0. Optimizations did not improve timing on the net.
INFO: [Physopt 32-702] Processed net design_1_i/lorenz_dda_driver_0/inst/solver_i/mult_dx/v1_reg[16]_i_1__1_n_0. Optimizations did not improve timing on the net.
INFO: [Physopt 32-702] Processed net design_1_i/lorenz_dda_driver_0/inst/solver_i/mult_dx/v1_reg[12]_i_1__1_n_0. Optimizations did not improve timing on the net.
INFO: [Physopt 32-702] Processed net design_1_i/lorenz_dda_driver_0/inst/solver_i/mult_dx/v1_reg[8]_i_1__1_n_0. Optimizations did not improve timing on the net.
INFO: [Physopt 32-702] Processed net design_1_i/lorenz_dda_driver_0/inst/solver_i/mult_dx/v1_reg[4]_i_1__1_n_0. Optimizations did not improve timing on the net.
INFO: [Physopt 32-702] Processed net design_1_i/lorenz_dda_driver_0/inst/solver_i/mult_dx/v1_reg[0]_i_1__1_n_0. Optimizations did not improve timing on the net.
INFO: [Physopt 32-702] Processed net design_1_i/lorenz_dda_driver_0/inst/solver_i/mult_dx/v1[0]_i_8__1_n_0. Optimizations did not improve timing on the net.
INFO: [Physopt 32-702] Processed net design_1_i/lorenz_dda_driver_0/inst/solver_i/mult_dx/mult_out__2[21]. Optimizations did not improve timing on the net.
INFO: [Physopt 32-702] Processed net design_1_i/lorenz_dda_driver_0/inst/solver_i/mult_dx/mult_out_inferred__1/i__carry_n_0. Optimizations did not improve timing on the net.
INFO: [Physopt 32-608] Optimized 1 net.  Swapped 10 pins.
INFO: [Physopt 32-735] Processed net design_1_i/lorenz_dda_driver_0/inst/solver_i/mult_dx/i__carry_i_3__6_n_0. Optimization improves timing on the net.
INFO: [Physopt 32-619] Estimated Timing Summary | WNS=-6.680 | TNS=-761.836 |
INFO: [Physopt 32-663] Processed net design_1_i/lorenz_dda_driver_0/inst/lorenz_dda_driver_slave_lite_v1_0_S00_AXI_inst/mult_out__1_i_3__0_psdsp_n.  Re-placed instance design_1_i/lorenz_dda_driver_0/inst/lorenz_dda_driver_slave_lite_v1_0_S00_AXI_inst/mult_out__1_i_3__0_psdsp
INFO: [Physopt 32-735] Processed net design_1_i/lorenz_dda_driver_0/inst/lorenz_dda_driver_slave_lite_v1_0_S00_AXI_inst/mult_out__1_i_3__0_psdsp_n. Optimization improves timing on the net.
INFO: [Physopt 32-619] Estimated Timing Summary | WNS=-6.660 | TNS=-761.803 |
INFO: [Physopt 32-702] Processed net design_1_i/lorenz_dda_driver_0/inst/solver_i/integrator_z/z_next[25]. Optimizations did not improve timing on the net.
INFO: [Physopt 32-702] Processed net design_1_i/lorenz_dda_driver_0/inst/solver_i/integrator_z/CO[0]. Optimizations did not improve timing on the net.
INFO: [Physopt 32-702] Processed net design_1_i/lorenz_dda_driver_0/inst/solver_i/integrator_z/v1[20]_i_8_n_0. Optimizations did not improve timing on the net.
INFO: [Physopt 32-702] Processed net design_1_i/lorenz_dda_driver_0/inst/solver_i/funct_z_carry__4_n_6. Optimizations did not improve timing on the net.
INFO: [Physopt 32-702] Processed net design_1_i/lorenz_dda_driver_0/inst/solver_i/funct_z_carry__3_n_0. Optimizations did not improve timing on the net.
INFO: [Physopt 32-702] Processed net design_1_i/lorenz_dda_driver_0/inst/solver_i/mult_xy_i/mult_out__1_5[0]. Optimizations did not improve timing on the net.
INFO: [Physopt 32-702] Processed net design_1_i/lorenz_dda_driver_0/inst/solver_i/mult_xy_i/mult_out__1_0[16]. Optimizations did not improve timing on the net.
INFO: [Physopt 32-702] Processed net design_1_i/lorenz_dda_driver_0/inst/solver_i/mult_xy_i/mult_out_inferred__1/i__carry__3_n_0. Optimizations did not improve timing on the net.
INFO: [Physopt 32-702] Processed net design_1_i/lorenz_dda_driver_0/inst/solver_i/mult_xy_i/mult_out_inferred__1/i__carry__2_n_0. Optimizations did not improve timing on the net.
INFO: [Physopt 32-702] Processed net design_1_i/lorenz_dda_driver_0/inst/solver_i/mult_xy_i/mult_out_inferred__1/i__carry__1_n_0. Optimizations did not improve timing on the net.
INFO: [Physopt 32-702] Processed net design_1_i/lorenz_dda_driver_0/inst/solver_i/mult_xy_i/mult_out_inferred__1/i__carry__0_n_0. Optimizations did not improve timing on the net.
INFO: [Physopt 32-702] Processed net design_1_i/lorenz_dda_driver_0/inst/solver_i/mult_xy_i/mult_out_inferred__1/i__carry_n_0. Optimizations did not improve timing on the net.
INFO: [Physopt 32-608] Optimized 1 net.  Swapped 9 pins.
INFO: [Physopt 32-735] Processed net design_1_i/lorenz_dda_driver_0/inst/solver_i/mult_xy_i/i__carry_i_3__2_n_0. Optimization improves timing on the net.
INFO: [Physopt 32-619] Estimated Timing Summary | WNS=-6.647 | TNS=-759.963 |
INFO: [Physopt 32-702] Processed net design_1_i/lorenz_dda_driver_0/inst/lorenz_dda_driver_slave_lite_v1_0_S00_AXI_inst/mult_out__1_i_3__0_psdsp_n. Optimizations did not improve timing on the net.
INFO: [Physopt 32-702] Processed net design_1_i/lorenz_dda_driver_0/inst/solver_i/integrator_y/adder_out[24]. Optimizations did not improve timing on the net.
INFO: [Physopt 32-702] Processed net design_1_i/lorenz_dda_driver_0/inst/solver_i/integrator_y/adder_out_carry__4_n_0. Optimizations did not improve timing on the net.
INFO: [Physopt 32-702] Processed net design_1_i/lorenz_dda_driver_0/inst/solver_i/integrator_y/adder_out_carry__3_n_0. Optimizations did not improve timing on the net.
INFO: [Physopt 32-608] Optimized 1 net.  Swapped 10 pins.
INFO: [Physopt 32-735] Processed net design_1_i/lorenz_dda_driver_0/inst/solver_i/integrator_y/adder_out_carry__3_i_3_n_0. Optimization improves timing on the net.
INFO: [Physopt 32-619] Estimated Timing Summary | WNS=-6.642 | TNS=-759.880 |
INFO: [Physopt 32-702] Processed net design_1_i/lorenz_dda_driver_0/inst/solver_i/mult_dx/v1[4]_i_8__1_n_0. Optimizations did not improve timing on the net.
INFO: [Physopt 32-702] Processed net design_1_i/lorenz_dda_driver_0/inst/solver_i/mult_dx/mult_out__2[25]. Optimizations did not improve timing on the net.
INFO: [Physopt 32-702] Processed net design_1_i/lorenz_dda_driver_0/inst/solver_i/mult_dx/mult_out_inferred__1/i__carry__0_n_0. Optimizations did not improve timing on the net.
INFO: [Physopt 32-608] Optimized 1 net.  Swapped 11 pins.
INFO: [Physopt 32-735] Processed net design_1_i/lorenz_dda_driver_0/inst/solver_i/mult_dx/i__carry__0_i_4__6_n_0. Optimization improves timing on the net.
INFO: [Physopt 32-619] Estimated Timing Summary | WNS=-6.639 | TNS=-758.683 |
INFO: [Physopt 32-608] Optimized 1 net.  Swapped 10 pins.
INFO: [Physopt 32-735] Processed net design_1_i/lorenz_dda_driver_0/inst/solver_i/integrator_y/adder_out_carry__3_i_4_n_0. Optimization improves timing on the net.
INFO: [Physopt 32-619] Estimated Timing Summary | WNS=-6.597 | TNS=-758.157 |
INFO: [Physopt 32-702] Processed net design_1_i/lorenz_dda_driver_0/inst/solver_i/mult_bz_i/mult_out__1_3[0]. Optimizations did not improve timing on the net.
INFO: [Physopt 32-702] Processed net design_1_i/lorenz_dda_driver_0/inst/solver_i/mult_bz_i/mult_out_inferred__1/i__carry__3_n_0. Optimizations did not improve timing on the net.
INFO: [Physopt 32-702] Processed net design_1_i/lorenz_dda_driver_0/inst/solver_i/mult_bz_i/mult_out_inferred__1/i__carry__2_n_0. Optimizations did not improve timing on the net.
INFO: [Physopt 32-702] Processed net design_1_i/lorenz_dda_driver_0/inst/solver_i/mult_bz_i/mult_out_inferred__1/i__carry__1_n_0. Optimizations did not improve timing on the net.
INFO: [Physopt 32-702] Processed net design_1_i/lorenz_dda_driver_0/inst/solver_i/mult_bz_i/mult_out_inferred__1/i__carry__0_n_0. Optimizations did not improve timing on the net.
INFO: [Physopt 32-608] Optimized 1 net.  Swapped 12 pins.
INFO: [Physopt 32-735] Processed net design_1_i/lorenz_dda_driver_0/inst/solver_i/mult_bz_i/i__carry__0_i_3__0_n_0. Optimization improves timing on the net.
INFO: [Physopt 32-619] Estimated Timing Summary | WNS=-6.579 | TNS=-757.437 |
INFO: [Physopt 32-608] Optimized 1 net.  Swapped 10 pins.
INFO: [Physopt 32-735] Processed net design_1_i/lorenz_dda_driver_0/inst/solver_i/mult_dx/i__carry_i_2__6_n_0. Optimization improves timing on the net.
INFO: [Physopt 32-619] Estimated Timing Summary | WNS=-6.571 | TNS=-757.221 |
INFO: [Physopt 32-702] Processed net design_1_i/lorenz_dda_driver_0/inst/solver_i/mult_dx/i__carry_i_3__6_n_0. Optimizations did not improve timing on the net.
INFO: [Physopt 32-702] Processed net design_1_i/lorenz_dda_driver_0/inst/solver_i/mult_dx/ACTIVE_LOW_PR_OUT_DFF[0].FDRE_PER_N_4[2]. Optimizations did not improve timing on the net.
INFO: [Physopt 32-702] Processed net design_1_i/lorenz_dda_driver_0/inst/solver_i/mult_dx/p_1_in[17]. Optimizations did not improve timing on the net.
INFO: [Physopt 32-702] Processed net design_1_i/lorenz_dda_driver_0/inst/lorenz_dda_driver_slave_lite_v1_0_S00_AXI_inst/B[3]. Optimizations did not improve timing on the net.
INFO: [Physopt 32-710] Processed net design_1_i/lorenz_dda_driver_0/inst/lorenz_dda_driver_slave_lite_v1_0_S00_AXI_inst/B[3]. Critical path length was reduced through logic transformation on cell design_1_i/lorenz_dda_driver_0/inst/lorenz_dda_driver_slave_lite_v1_0_S00_AXI_inst/mult_out_i_4__1_comp.
INFO: [Physopt 32-735] Processed net design_1_i/lorenz_dda_driver_0/inst/lorenz_dda_driver_slave_lite_v1_0_S00_AXI_inst/mult_out_i_24__1_n_0. Optimization improves timing on the net.
INFO: [Physopt 32-619] Estimated Timing Summary | WNS=-6.563 | TNS=-754.359 |
INFO: [Physopt 32-702] Processed net design_1_i/lorenz_dda_driver_0/inst/solver_i/integrator_y/adder_out_carry__4_i_1_n_0. Optimizations did not improve timing on the net.
INFO: [Physopt 32-702] Processed net design_1_i/lorenz_dda_driver_0/inst/solver_i/funct_y_carry__4_n_4. Optimizations did not improve timing on the net.
INFO: [Physopt 32-702] Processed net design_1_i/lorenz_dda_driver_0/inst/solver_i/funct_y_carry__3_n_0. Optimizations did not improve timing on the net.
INFO: [Physopt 32-702] Processed net design_1_i/lorenz_dda_driver_0/inst/solver_i/integrator_y/v1_reg[26]_5[0]. Optimizations did not improve timing on the net.
INFO: [Physopt 32-702] Processed net design_1_i/lorenz_dda_driver_0/inst/solver_i/mult_xrhoz_i/mult_out__1_0[12]. Optimizations did not improve timing on the net.
INFO: [Physopt 32-702] Processed net design_1_i/lorenz_dda_driver_0/inst/solver_i/mult_xrhoz_i/mult_out_inferred__1/i__carry__3_n_0. Optimizations did not improve timing on the net.
INFO: [Physopt 32-702] Processed net design_1_i/lorenz_dda_driver_0/inst/solver_i/mult_xrhoz_i/mult_out_inferred__1/i__carry__2_n_0. Optimizations did not improve timing on the net.
INFO: [Physopt 32-702] Processed net design_1_i/lorenz_dda_driver_0/inst/solver_i/mult_xrhoz_i/mult_out_inferred__1/i__carry__1_n_0. Optimizations did not improve timing on the net.
INFO: [Physopt 32-702] Processed net design_1_i/lorenz_dda_driver_0/inst/solver_i/mult_xrhoz_i/mult_out_inferred__1/i__carry__0_n_0. Optimizations did not improve timing on the net.
INFO: [Physopt 32-608] Optimized 1 net.  Swapped 12 pins.
INFO: [Physopt 32-735] Processed net design_1_i/lorenz_dda_driver_0/inst/solver_i/mult_xrhoz_i/i__carry__0_i_3__4_n_0. Optimization improves timing on the net.
INFO: [Physopt 32-619] Estimated Timing Summary | WNS=-6.549 | TNS=-753.022 |
INFO: [Physopt 32-702] Processed net design_1_i/lorenz_dda_driver_0/inst/solver_i/mult_bz_i/mult_out_inferred__1/i__carry_n_0. Optimizations did not improve timing on the net.
INFO: [Physopt 32-608] Optimized 1 net.  Swapped 9 pins.
INFO: [Physopt 32-735] Processed net design_1_i/lorenz_dda_driver_0/inst/solver_i/mult_bz_i/i__carry_i_3__0_n_0. Optimization improves timing on the net.
INFO: [Physopt 32-619] Estimated Timing Summary | WNS=-6.546 | TNS=-750.875 |
INFO: [Physopt 32-702] Processed net design_1_i/lorenz_dda_driver_0/inst/solver_i/integrator_y/adder_out_carry__2_n_0. Optimizations did not improve timing on the net.
INFO: [Physopt 32-702] Processed net design_1_i/lorenz_dda_driver_0/inst/solver_i/integrator_y/adder_out_carry__1_n_0. Optimizations did not improve timing on the net.
INFO: [Physopt 32-702] Processed net design_1_i/lorenz_dda_driver_0/inst/solver_i/integrator_y/adder_out_carry__0_n_0. Optimizations did not improve timing on the net.
INFO: [Physopt 32-702] Processed net design_1_i/lorenz_dda_driver_0/inst/solver_i/integrator_y/adder_out_carry__0_i_4_n_0. Optimizations did not improve timing on the net.
INFO: [Physopt 32-702] Processed net design_1_i/lorenz_dda_driver_0/inst/solver_i/funct_y_carry__0_n_7. Optimizations did not improve timing on the net.
INFO: [Physopt 32-702] Processed net design_1_i/lorenz_dda_driver_0/inst/solver_i/funct_y_carry_n_0. Optimizations did not improve timing on the net.
INFO: [Physopt 32-702] Processed net design_1_i/lorenz_dda_driver_0/inst/solver_i/integrator_y/v1_reg[26]_2[1]. Optimizations did not improve timing on the net.
INFO: [Physopt 32-702] Processed net design_1_i/lorenz_dda_driver_0/inst/solver_i/mult_xrhoz_i/mult_out__1_0[1]. Optimizations did not improve timing on the net.
INFO: [Physopt 32-702] Processed net design_1_i/lorenz_dda_driver_0/inst/solver_i/mult_xrhoz_i/mult_out_inferred__1/i__carry_n_0. Optimizations did not improve timing on the net.
INFO: [Physopt 32-608] Optimized 1 net.  Swapped 10 pins.
INFO: [Physopt 32-735] Processed net design_1_i/lorenz_dda_driver_0/inst/solver_i/mult_xrhoz_i/i__carry_i_3__4_n_0. Optimization improves timing on the net.
INFO: [Physopt 32-619] Estimated Timing Summary | WNS=-6.543 | TNS=-746.092 |
INFO: [Physopt 32-608] Optimized 1 net.  Swapped 13 pins.
INFO: [Physopt 32-735] Processed net design_1_i/lorenz_dda_driver_0/inst/solver_i/mult_xy_i/i__carry__0_i_3__2_n_0. Optimization improves timing on the net.
INFO: [Physopt 32-619] Estimated Timing Summary | WNS=-6.506 | TNS=-744.130 |
INFO: [Physopt 32-702] Processed net design_1_i/lorenz_dda_driver_0/inst/lorenz_dda_driver_slave_lite_v1_0_S00_AXI_inst/mult_out__1_i_1__0_psdsp_n. Optimizations did not improve timing on the net.
INFO: [Physopt 32-702] Processed net design_1_i/lorenz_dda_driver_0/inst/solver_i/integrator_y/adder_out[26]. Optimizations did not improve timing on the net.
INFO: [Physopt 32-702] Processed net design_1_i/lorenz_dda_driver_0/inst/solver_i/integrator_y/adder_out_carry__5_i_1_n_0. Optimizations did not improve timing on the net.
INFO: [Physopt 32-702] Processed net design_1_i/lorenz_dda_driver_0/inst/solver_i/funct_y_carry__5_n_5. Optimizations did not improve timing on the net.
INFO: [Physopt 32-702] Processed net design_1_i/lorenz_dda_driver_0/inst/solver_i/mult_xrhoz_i/v1_reg[26]_3[0]. Optimizations did not improve timing on the net.
INFO: [Physopt 32-702] Processed net design_1_i/lorenz_dda_driver_0/inst/solver_i/mult_xrhoz_i/mult_xrhoz[26]. Optimizations did not improve timing on the net.
INFO: [Physopt 32-702] Processed net design_1_i/lorenz_dda_driver_0/inst/solver_i/mult_xrhoz_i/mult_out_inferred__1/i__carry__7_n_0. Optimizations did not improve timing on the net.
INFO: [Physopt 32-702] Processed net design_1_i/lorenz_dda_driver_0/inst/solver_i/mult_xrhoz_i/i__carry__7_i_1__1_n_0. Optimizations did not improve timing on the net.
INFO: [Physopt 32-702] Processed net design_1_i/lorenz_dda_driver_0/inst/solver_i/mult_xrhoz_i/mult_out_inferred__0/i__carry__3_n_6. Optimizations did not improve timing on the net.
INFO: [Physopt 32-702] Processed net design_1_i/lorenz_dda_driver_0/inst/solver_i/mult_xrhoz_i/mult_out_inferred__0/i__carry__2_n_0. Optimizations did not improve timing on the net.
INFO: [Physopt 32-702] Processed net design_1_i/lorenz_dda_driver_0/inst/solver_i/mult_xrhoz_i/i__carry__2_i_3__3_n_0. Optimizations did not improve timing on the net.
INFO: [Physopt 32-702] Processed net design_1_i/lorenz_dda_driver_0/inst/solver_i/mult_xrhoz_i/mult_out__134_carry__1_n_6. Optimizations did not improve timing on the net.
INFO: [Physopt 32-702] Processed net design_1_i/lorenz_dda_driver_0/inst/solver_i/mult_xrhoz_i/mult_out__134_carry__0_n_0. Optimizations did not improve timing on the net.
INFO: [Physopt 32-702] Processed net design_1_i/lorenz_dda_driver_0/inst/solver_i/mult_xrhoz_i/mult_out__134_carry__0_i_5__1_n_0. Optimizations did not improve timing on the net.
INFO: [Physopt 32-710] Processed net design_1_i/lorenz_dda_driver_0/inst/solver_i/mult_xrhoz_i/mult_out__134_carry__0_i_5__1_n_0. Critical path length was reduced through logic transformation on cell design_1_i/lorenz_dda_driver_0/inst/solver_i/mult_xrhoz_i/mult_out__134_carry__0_i_5__1_comp.
INFO: [Physopt 32-735] Processed net design_1_i/lorenz_dda_driver_0/inst/solver_i/mult_xrhoz_i/mult_out__134_carry__0_i_1__1_n_0. Optimization improves timing on the net.
INFO: [Physopt 32-619] Estimated Timing Summary | WNS=-6.469 | TNS=-744.014 |
INFO: [Physopt 32-702] Processed net design_1_i/lorenz_dda_driver_0/inst/solver_i/mult_xrhoz_i/i__carry_i_3__4_n_0. Optimizations did not improve timing on the net.
INFO: [Physopt 32-702] Processed net design_1_i/lorenz_dda_driver_0/inst/lorenz_dda_driver_slave_lite_v1_0_S00_AXI_inst/v1new[24]. Optimizations did not improve timing on the net.
INFO: [Physopt 32-702] Processed net design_1_i/lorenz_dda_driver_0/inst/solver_i/mult_xrhoz_i/mult_out__1_n_105. Optimizations did not improve timing on the net.
INFO: [Physopt 32-608] Optimized 1 net.  Swapped 16 pins.
INFO: [Physopt 32-735] Processed net design_1_i/lorenz_dda_driver_0/inst/lorenz_dda_driver_slave_lite_v1_0_S00_AXI_inst/slv_reg_dt_reg[0]_25[0]. Optimization improves timing on the net.
INFO: [Physopt 32-619] Estimated Timing Summary | WNS=-6.465 | TNS=-741.838 |
INFO: [Physopt 32-702] Processed net design_1_i/lorenz_dda_driver_0/inst/lorenz_dda_driver_slave_lite_v1_0_S00_AXI_inst/B[4]. Optimizations did not improve timing on the net.
INFO: [Physopt 32-710] Processed net design_1_i/lorenz_dda_driver_0/inst/lorenz_dda_driver_slave_lite_v1_0_S00_AXI_inst/B[4]. Critical path length was reduced through logic transformation on cell design_1_i/lorenz_dda_driver_0/inst/lorenz_dda_driver_slave_lite_v1_0_S00_AXI_inst/mult_out_i_3__1_comp.
INFO: [Physopt 32-735] Processed net design_1_i/lorenz_dda_driver_0/inst/lorenz_dda_driver_slave_lite_v1_0_S00_AXI_inst/mult_out_i_24__1_n_0. Optimization improves timing on the net.
INFO: [Physopt 32-619] Estimated Timing Summary | WNS=-6.448 | TNS=-740.527 |
INFO: [Physopt 32-702] Processed net design_1_i/lorenz_dda_driver_0/inst/solver_i/mult_xrhoz_i/mult_out__134_carry__0_i_6__1_n_0. Optimizations did not improve timing on the net.
INFO: [Physopt 32-710] Processed net design_1_i/lorenz_dda_driver_0/inst/solver_i/mult_xrhoz_i/mult_out__134_carry__0_i_6__1_n_0. Critical path length was reduced through logic transformation on cell design_1_i/lorenz_dda_driver_0/inst/solver_i/mult_xrhoz_i/mult_out__134_carry__0_i_6__1_comp.
INFO: [Physopt 32-735] Processed net design_1_i/lorenz_dda_driver_0/inst/solver_i/mult_xrhoz_i/mult_out__134_carry__0_i_2__1_n_0. Optimization improves timing on the net.
INFO: [Physopt 32-619] Estimated Timing Summary | WNS=-6.441 | TNS=-740.513 |
INFO: [Physopt 32-702] Processed net design_1_i/lorenz_dda_driver_0/inst/solver_i/mult_xrhoz_i/i__carry__2_i_2__3_n_0. Optimizations did not improve timing on the net.
INFO: [Physopt 32-702] Processed net design_1_i/lorenz_dda_driver_0/inst/solver_i/mult_xrhoz_i/mult_out__134_carry__1_n_5. Optimizations did not improve timing on the net.
INFO: [Physopt 32-702] Processed net design_1_i/lorenz_dda_driver_0/inst/solver_i/mult_xrhoz_i/mult_out__134_carry__1_i_7__1_n_0. Optimizations did not improve timing on the net.
INFO: [Physopt 32-710] Processed net design_1_i/lorenz_dda_driver_0/inst/solver_i/mult_xrhoz_i/mult_out__134_carry__1_i_7__1_n_0. Critical path length was reduced through logic transformation on cell design_1_i/lorenz_dda_driver_0/inst/solver_i/mult_xrhoz_i/mult_out__134_carry__1_i_7__1_comp.
INFO: [Physopt 32-735] Processed net design_1_i/lorenz_dda_driver_0/inst/solver_i/mult_xrhoz_i/mult_out__134_carry__1_i_3__1_n_0. Optimization improves timing on the net.
INFO: [Physopt 32-619] Estimated Timing Summary | WNS=-6.437 | TNS=-740.237 |
INFO: [Physopt 32-608] Optimized 1 net.  Swapped 11 pins.
INFO: [Physopt 32-735] Processed net design_1_i/lorenz_dda_driver_0/inst/solver_i/integrator_x/A[1]. Optimization improves timing on the net.
INFO: [Physopt 32-619] Estimated Timing Summary | WNS=-6.435 | TNS=-737.769 |
INFO: [Physopt 32-702] Processed net design_1_i/lorenz_dda_driver_0/inst/solver_i/mult_bz_i/i__carry__0_i_3__0_n_0. Optimizations did not improve timing on the net.
INFO: [Physopt 32-702] Processed net design_1_i/lorenz_dda_driver_0/inst/solver_i/mult_xy_i/ACTIVE_LOW_PR_OUT_DFF[0].FDRE_PER_N[1]. Optimizations did not improve timing on the net.
INFO: [Physopt 32-702] Processed net design_1_i/lorenz_dda_driver_0/inst/solver_i/mult_bz_i/mult_out__1_n_101. Optimizations did not improve timing on the net.
INFO: [Physopt 32-702] Processed net design_1_i/lorenz_dda_driver_0/inst/lorenz_dda_driver_slave_lite_v1_0_S00_AXI_inst/A[4]. Optimizations did not improve timing on the net.
INFO: [Physopt 32-81] Processed net design_1_i/lorenz_dda_driver_0/inst/lorenz_dda_driver_slave_lite_v1_0_S00_AXI_inst/slv_reg_dt_reg[25]_0. Replicated 1 times.
INFO: [Physopt 32-735] Processed net design_1_i/lorenz_dda_driver_0/inst/lorenz_dda_driver_slave_lite_v1_0_S00_AXI_inst/slv_reg_dt_reg[25]_0. Optimization improves timing on the net.
INFO: [Physopt 32-619] Estimated Timing Summary | WNS=-6.428 | TNS=-737.337 |
INFO: [Physopt 32-702] Processed net design_1_i/lorenz_dda_driver_0/inst/solver_i/mult_dx/v1[24]_i_4__1_n_0. Optimizations did not improve timing on the net.
INFO: [Physopt 32-702] Processed net design_1_i/lorenz_dda_driver_0/inst/solver_i/mult_dx/mult_out__2[53]. Optimizations did not improve timing on the net.
INFO: [Physopt 32-702] Processed net design_1_i/lorenz_dda_driver_0/inst/solver_i/mult_dx/mult_out_inferred__1/i__carry__7_n_0. Optimizations did not improve timing on the net.
INFO: [Physopt 32-702] Processed net design_1_i/lorenz_dda_driver_0/inst/solver_i/mult_dx/i__carry__7_i_1__2_n_0. Optimizations did not improve timing on the net.
INFO: [Physopt 32-702] Processed net design_1_i/lorenz_dda_driver_0/inst/solver_i/mult_dx/mult_out_inferred__0/i__carry__3_n_6. Optimizations did not improve timing on the net.
INFO: [Physopt 32-702] Processed net design_1_i/lorenz_dda_driver_0/inst/solver_i/mult_dx/mult_out_inferred__0/i__carry__2_n_0. Optimizations did not improve timing on the net.
INFO: [Physopt 32-702] Processed net design_1_i/lorenz_dda_driver_0/inst/solver_i/mult_dx/i__carry__2_i_1__5_n_0. Optimizations did not improve timing on the net.
INFO: [Physopt 32-702] Processed net design_1_i/lorenz_dda_driver_0/inst/solver_i/mult_dx/mult_out__134_carry__1_n_4. Optimizations did not improve timing on the net.
INFO: [Physopt 32-702] Processed net design_1_i/lorenz_dda_driver_0/inst/solver_i/mult_dx/mult_out__134_carry__1_i_8__2_n_0. Optimizations did not improve timing on the net.
INFO: [Physopt 32-710] Processed net design_1_i/lorenz_dda_driver_0/inst/solver_i/mult_dx/mult_out__134_carry__1_i_8__2_n_0. Critical path length was reduced through logic transformation on cell design_1_i/lorenz_dda_driver_0/inst/solver_i/mult_dx/mult_out__134_carry__1_i_8__2_comp.
INFO: [Physopt 32-735] Processed net design_1_i/lorenz_dda_driver_0/inst/solver_i/mult_dx/mult_out__134_carry__1_i_4__2_n_0. Optimization improves timing on the net.
INFO: [Physopt 32-619] Estimated Timing Summary | WNS=-6.418 | TNS=-737.327 |
INFO: [Physopt 32-702] Processed net design_1_i/lorenz_dda_driver_0/inst/solver_i/mult_dx/mult_out__134_carry__1_i_7__2_n_0. Optimizations did not improve timing on the net.
INFO: [Physopt 32-710] Processed net design_1_i/lorenz_dda_driver_0/inst/solver_i/mult_dx/mult_out__134_carry__1_i_7__2_n_0. Critical path length was reduced through logic transformation on cell design_1_i/lorenz_dda_driver_0/inst/solver_i/mult_dx/mult_out__134_carry__1_i_7__2_comp.
INFO: [Physopt 32-735] Processed net design_1_i/lorenz_dda_driver_0/inst/solver_i/mult_dx/mult_out__134_carry__1_i_3__2_n_0. Optimization improves timing on the net.
INFO: [Physopt 32-619] Estimated Timing Summary | WNS=-6.417 | TNS=-737.325 |
INFO: [Physopt 32-710] Processed net design_1_i/lorenz_dda_driver_0/inst/lorenz_dda_driver_slave_lite_v1_0_S00_AXI_inst/A[4]. Critical path length was reduced through logic transformation on cell design_1_i/lorenz_dda_driver_0/inst/lorenz_dda_driver_slave_lite_v1_0_S00_AXI_inst/mult_out__0_i_2_comp.
INFO: [Physopt 32-735] Processed net design_1_i/lorenz_dda_driver_0/inst/lorenz_dda_driver_slave_lite_v1_0_S00_AXI_inst/slv_reg_dt_reg[25]_0_repN. Optimization improves timing on the net.
INFO: [Physopt 32-619] Estimated Timing Summary | WNS=-6.416 | TNS=-737.277 |
INFO: [Physopt 32-608] Optimized 1 net.  Swapped 22 pins.
INFO: [Physopt 32-735] Processed net design_1_i/lorenz_dda_driver_0/inst/solver_i/integrator_y/slv_reg_dt_reg[0]_0[1]. Optimization improves timing on the net.
INFO: [Physopt 32-619] Estimated Timing Summary | WNS=-6.415 | TNS=-737.142 |
INFO: [Physopt 32-702] Processed net design_1_i/lorenz_dda_driver_0/inst/lorenz_dda_driver_slave_lite_v1_0_S00_AXI_inst/A[1]. Optimizations did not improve timing on the net.
INFO: [Physopt 32-81] Processed net design_1_i/lorenz_dda_driver_0/inst/lorenz_dda_driver_slave_lite_v1_0_S00_AXI_inst/slv_reg_dt_reg[25]_0_repN. Replicated 1 times.
INFO: [Physopt 32-735] Processed net design_1_i/lorenz_dda_driver_0/inst/lorenz_dda_driver_slave_lite_v1_0_S00_AXI_inst/slv_reg_dt_reg[25]_0_repN. Optimization improves timing on the net.
INFO: [Physopt 32-619] Estimated Timing Summary | WNS=-6.411 | TNS=-736.664 |
INFO: [Physopt 32-702] Processed net design_1_i/lorenz_dda_driver_0/inst/solver_i/integrator_y/slv_reg_dt_reg[0]_0[3]. Optimizations did not improve timing on the net.
INFO: [Physopt 32-608] Optimized 1 net.  Swapped 18 pins.
INFO: [Physopt 32-735] Processed net design_1_i/lorenz_dda_driver_0/inst/solver_i/integrator_y/mult_out_i_35__1_n_0. Optimization improves timing on the net.
INFO: [Physopt 32-619] Estimated Timing Summary | WNS=-6.405 | TNS=-736.475 |
INFO: [Physopt 32-608] Optimized 1 net.  Swapped 20 pins.
INFO: [Physopt 32-735] Processed net design_1_i/lorenz_dda_driver_0/inst/lorenz_dda_driver_slave_lite_v1_0_S00_AXI_inst/slv_reg_dt_reg[0]_25[0]. Optimization improves timing on the net.
INFO: [Physopt 32-619] Estimated Timing Summary | WNS=-6.404 | TNS=-735.647 |
INFO: [Physopt 32-608] Optimized 1 net.  Swapped 22 pins.
INFO: [Physopt 32-735] Processed net design_1_i/lorenz_dda_driver_0/inst/lorenz_dda_driver_slave_lite_v1_0_S00_AXI_inst/B[0]. Optimization improves timing on the net.
INFO: [Physopt 32-619] Estimated Timing Summary | WNS=-6.394 | TNS=-735.377 |
INFO: [Physopt 32-608] Optimized 1 net.  Swapped 12 pins.
INFO: [Physopt 32-735] Processed net design_1_i/lorenz_dda_driver_0/inst/solver_i/integrator_y/slv_reg_dt_reg[0]_0[8]. Optimization improves timing on the net.
INFO: [Physopt 32-619] Estimated Timing Summary | WNS=-6.393 | TNS=-735.323 |
INFO: [Physopt 32-608] Optimized 1 net.  Swapped 20 pins.
INFO: [Physopt 32-735] Processed net design_1_i/lorenz_dda_driver_0/inst/solver_i/integrator_x/A[10]. Optimization improves timing on the net.
INFO: [Physopt 32-619] Estimated Timing Summary | WNS=-6.392 | TNS=-735.029 |
INFO: [Physopt 32-702] Processed net design_1_i/lorenz_dda_driver_0/inst/solver_i/integrator_y/mult_out_i_35__1_n_0. Optimizations did not improve timing on the net.
INFO: [Physopt 32-702] Processed net design_1_i/lorenz_dda_driver_0/inst/solver_i/integrator_y/mult_out_i_59_n_0. Optimizations did not improve timing on the net.
INFO: [Physopt 32-702] Processed net design_1_i/lorenz_dda_driver_0/inst/solver_i/v1_reg[25][2]. Optimizations did not improve timing on the net.
INFO: [Physopt 32-702] Processed net design_1_i/lorenz_dda_driver_0/inst/solver_i/b1_carry__4_n_0. Optimizations did not improve timing on the net.
INFO: [Physopt 32-702] Processed net design_1_i/lorenz_dda_driver_0/inst/solver_i/b1_carry__3_n_0. Optimizations did not improve timing on the net.
INFO: [Physopt 32-702] Processed net design_1_i/lorenz_dda_driver_0/inst/solver_i/b1_carry__2_n_0. Optimizations did not improve timing on the net.
INFO: [Physopt 32-702] Processed net design_1_i/lorenz_dda_driver_0/inst/solver_i/b1_carry__1_n_0. Optimizations did not improve timing on the net.
INFO: [Physopt 32-702] Processed net design_1_i/lorenz_dda_driver_0/inst/solver_i/b1_carry__0_n_0. Optimizations did not improve timing on the net.
INFO: [Physopt 32-608] Optimized 1 net.  Swapped 14 pins.
INFO: [Physopt 32-735] Processed net design_1_i/lorenz_dda_driver_0/inst/solver_i/integrator_y/v1_reg[7]_1[1]. Optimization improves timing on the net.
INFO: [Physopt 32-619] Estimated Timing Summary | WNS=-6.391 | TNS=-732.896 |
INFO: [Physopt 32-663] Processed net design_1_i/lorenz_dda_driver_0/inst/solver_i/integrator_z/A[3].  Re-placed instance design_1_i/lorenz_dda_driver_0/inst/solver_i/integrator_z/mult_out__0_i_14
INFO: [Physopt 32-735] Processed net design_1_i/lorenz_dda_driver_0/inst/solver_i/integrator_z/A[3]. Optimization improves timing on the net.
INFO: [Physopt 32-619] Estimated Timing Summary | WNS=-6.389 | TNS=-732.862 |
INFO: [Physopt 32-702] Processed net design_1_i/lorenz_dda_driver_0/inst/solver_i/integrator_x/A[1]. Optimizations did not improve timing on the net.
INFO: [Physopt 32-81] Processed net design_1_i/lorenz_dda_driver_0/inst/solver_i/integrator_x/mult_out__0_i_32_n_0. Replicated 1 times.
INFO: [Physopt 32-735] Processed net design_1_i/lorenz_dda_driver_0/inst/solver_i/integrator_x/mult_out__0_i_32_n_0. Optimization improves timing on the net.
INFO: [Physopt 32-619] Estimated Timing Summary | WNS=-6.389 | TNS=-731.574 |
INFO: [Physopt 32-663] Processed net design_1_i/lorenz_dda_driver_0/inst/lorenz_dda_driver_slave_lite_v1_0_S00_AXI_inst/mult_out__0_i_19__0_n_0.  Re-placed instance design_1_i/lorenz_dda_driver_0/inst/lorenz_dda_driver_slave_lite_v1_0_S00_AXI_inst/mult_out__0_i_19__0
INFO: [Physopt 32-735] Processed net design_1_i/lorenz_dda_driver_0/inst/lorenz_dda_driver_slave_lite_v1_0_S00_AXI_inst/mult_out__0_i_19__0_n_0. Optimization improves timing on the net.
INFO: [Physopt 32-619] Estimated Timing Summary | WNS=-6.373 | TNS=-731.229 |
INFO: [Physopt 32-608] Optimized 1 net.  Swapped 10 pins.
INFO: [Physopt 32-735] Processed net design_1_i/lorenz_dda_driver_0/inst/solver_i/integrator_x/A[9]. Optimization improves timing on the net.
INFO: [Physopt 32-619] Estimated Timing Summary | WNS=-6.372 | TNS=-730.884 |
INFO: [Physopt 32-608] Optimized 1 net.  Swapped 8 pins.
INFO: [Physopt 32-735] Processed net design_1_i/lorenz_dda_driver_0/inst/solver_i/integrator_z/A[10]. Optimization improves timing on the net.
INFO: [Physopt 32-619] Estimated Timing Summary | WNS=-6.371 | TNS=-730.867 |
INFO: [Physopt 32-702] Processed net design_1_i/lorenz_dda_driver_0/inst/lorenz_dda_driver_slave_lite_v1_0_S00_AXI_inst/A[3]. Optimizations did not improve timing on the net.
INFO: [Physopt 32-702] Processed net design_1_i/lorenz_dda_driver_0/inst/lorenz_dda_driver_slave_lite_v1_0_S00_AXI_inst/mult_out__0_i_19__0_n_0. Optimizations did not improve timing on the net.
INFO: [Physopt 32-710] Processed net design_1_i/lorenz_dda_driver_0/inst/lorenz_dda_driver_slave_lite_v1_0_S00_AXI_inst/mult_out__0_i_19__0_n_0. Critical path length was reduced through logic transformation on cell design_1_i/lorenz_dda_driver_0/inst/lorenz_dda_driver_slave_lite_v1_0_S00_AXI_inst/mult_out__0_i_19__0_comp.
INFO: [Physopt 32-735] Processed net design_1_i/lorenz_dda_driver_0/inst/lorenz_dda_driver_slave_lite_v1_0_S00_AXI_inst/mult_out_i_35__0_n_0. Optimization improves timing on the net.
INFO: [Physopt 32-619] Estimated Timing Summary | WNS=-6.368 | TNS=-730.816 |
INFO: [Physopt 32-702] Processed net design_1_i/lorenz_dda_driver_0/inst/solver_i/integrator_x/A[0]. Optimizations did not improve timing on the net.
INFO: [Physopt 32-81] Processed net design_1_i/lorenz_dda_driver_0/inst/solver_i/integrator_x/mult_out__0_i_33_n_0. Replicated 1 times.
INFO: [Physopt 32-735] Processed net design_1_i/lorenz_dda_driver_0/inst/solver_i/integrator_x/mult_out__0_i_33_n_0. Optimization improves timing on the net.
INFO: [Physopt 32-619] Estimated Timing Summary | WNS=-6.368 | TNS=-730.678 |
INFO: [Physopt 32-702] Processed net design_1_i/lorenz_dda_driver_0/inst/solver_i/integrator_z/A[8]. Optimizations did not improve timing on the net.
INFO: [Physopt 32-710] Processed net design_1_i/lorenz_dda_driver_0/inst/solver_i/integrator_z/A[8]. Critical path length was reduced through logic transformation on cell design_1_i/lorenz_dda_driver_0/inst/solver_i/integrator_z/mult_out__0_i_9_comp.
INFO: [Physopt 32-735] Processed net design_1_i/lorenz_dda_driver_0/inst/solver_i/integrator_z/mult_out__0_i_25__0_n_0. Optimization improves timing on the net.
INFO: [Physopt 32-619] Estimated Timing Summary | WNS=-6.366 | TNS=-730.610 |
INFO: [Physopt 32-663] Processed net design_1_i/lorenz_dda_driver_0/inst/solver_i/integrator_x/mult_out__0_i_32_n_0_repN.  Re-placed instance design_1_i/lorenz_dda_driver_0/inst/solver_i/integrator_x/mult_out__0_i_32_replica
INFO: [Physopt 32-735] Processed net design_1_i/lorenz_dda_driver_0/inst/solver_i/integrator_x/mult_out__0_i_32_n_0_repN. Optimization improves timing on the net.
INFO: [Physopt 32-619] Estimated Timing Summary | WNS=-6.364 | TNS=-730.164 |
INFO: [Physopt 32-702] Processed net design_1_i/lorenz_dda_driver_0/inst/lorenz_dda_driver_slave_lite_v1_0_S00_AXI_inst/A[5]. Optimizations did not improve timing on the net.
INFO: [Physopt 32-663] Processed net design_1_i/lorenz_dda_driver_0/inst/lorenz_dda_driver_slave_lite_v1_0_S00_AXI_inst/slv_reg_dt_reg[25]_0_repN_2.  Re-placed instance design_1_i/lorenz_dda_driver_0/inst/lorenz_dda_driver_slave_lite_v1_0_S00_AXI_inst/mult_out_i_13__0_replica_1
INFO: [Physopt 32-735] Processed net design_1_i/lorenz_dda_driver_0/inst/lorenz_dda_driver_slave_lite_v1_0_S00_AXI_inst/slv_reg_dt_reg[25]_0_repN_2. Optimization improves timing on the net.
INFO: [Physopt 32-619] Estimated Timing Summary | WNS=-6.362 | TNS=-730.096 |
INFO: [Physopt 32-608] Optimized 1 net.  Swapped 14 pins.
INFO: [Physopt 32-735] Processed net design_1_i/lorenz_dda_driver_0/inst/solver_i/integrator_x/A[2]. Optimization improves timing on the net.
INFO: [Physopt 32-619] Estimated Timing Summary | WNS=-6.360 | TNS=-729.544 |
INFO: [Physopt 32-702] Processed net design_1_i/lorenz_dda_driver_0/inst/solver_i/integrator_z/A[9]. Optimizations did not improve timing on the net.
INFO: [Physopt 32-663] Processed net design_1_i/lorenz_dda_driver_0/inst/solver_i/integrator_z/mult_out__0_i_24__0_n_0.  Re-placed instance design_1_i/lorenz_dda_driver_0/inst/solver_i/integrator_z/mult_out__0_i_24__0
INFO: [Physopt 32-735] Processed net design_1_i/lorenz_dda_driver_0/inst/solver_i/integrator_z/mult_out__0_i_24__0_n_0. Optimization improves timing on the net.
INFO: [Physopt 32-619] Estimated Timing Summary | WNS=-6.359 | TNS=-729.527 |
INFO: [Physopt 32-608] Optimized 1 net.  Swapped 22 pins.
INFO: [Physopt 32-735] Processed net design_1_i/lorenz_dda_driver_0/inst/solver_i/integrator_z/A[6]. Optimization improves timing on the net.
INFO: [Physopt 32-619] Estimated Timing Summary | WNS=-6.357 | TNS=-729.493 |
INFO: [Physopt 32-702] Processed net design_1_i/lorenz_dda_driver_0/inst/solver_i/integrator_z/z_next[25]. Optimizations did not improve timing on the net.
INFO: [Physopt 32-702] Processed net design_1_i/processing_system7_0/inst/FCLK_CLK_unbuffered[0]. Optimizations did not improve timing on the net.
INFO: [Physopt 32-702] Processed net design_1_i/lorenz_dda_driver_0/inst/solver_i/integrator_z/v1[20]_i_8_n_0. Optimizations did not improve timing on the net.
INFO: [Physopt 32-702] Processed net design_1_i/lorenz_dda_driver_0/inst/solver_i/funct_z_carry__4_n_6. Optimizations did not improve timing on the net.
INFO: [Physopt 32-702] Processed net design_1_i/lorenz_dda_driver_0/inst/solver_i/mult_xy_i/mult_out__1_5[0]. Optimizations did not improve timing on the net.
INFO: [Physopt 32-702] Processed net design_1_i/lorenz_dda_driver_0/inst/solver_i/mult_bz_i/mult_out__1_3[0]. Optimizations did not improve timing on the net.
INFO: [Physopt 32-702] Processed net design_1_i/lorenz_dda_driver_0/inst/solver_i/mult_bz_i/i__carry__0_i_3__0_n_0. Optimizations did not improve timing on the net.
INFO: [Physopt 32-702] Processed net design_1_i/lorenz_dda_driver_0/inst/solver_i/mult_xy_i/ACTIVE_LOW_PR_OUT_DFF[0].FDRE_PER_N[1]. Optimizations did not improve timing on the net.
INFO: [Physopt 32-702] Processed net design_1_i/lorenz_dda_driver_0/inst/solver_i/mult_bz_i/mult_out__1_n_101. Optimizations did not improve timing on the net.
INFO: [Physopt 32-702] Processed net design_1_i/lorenz_dda_driver_0/inst/solver_i/integrator_z/A[6]. Optimizations did not improve timing on the net.
INFO: [Physopt 32-608] Optimized 1 net.  Swapped 20 pins.
INFO: [Physopt 32-735] Processed net design_1_i/lorenz_dda_driver_0/inst/lorenz_dda_driver_slave_lite_v1_0_S00_AXI_inst/slv_reg_dt_reg[25]_0_repN. Optimization improves timing on the net.
INFO: [Physopt 32-619] Estimated Timing Summary | WNS=-6.354 | TNS=-729.128 |
INFO: [Physopt 32-702] Processed net design_1_i/lorenz_dda_driver_0/inst/lorenz_dda_driver_slave_lite_v1_0_S00_AXI_inst/mult_out__1_i_3__0_psdsp_n. Optimizations did not improve timing on the net.
INFO: [Physopt 32-702] Processed net design_1_i/lorenz_dda_driver_0/inst/solver_i/integrator_y/adder_out[24]. Optimizations did not improve timing on the net.
INFO: [Physopt 32-702] Processed net design_1_i/lorenz_dda_driver_0/inst/solver_i/integrator_y/adder_out_carry__0_i_4_n_0. Optimizations did not improve timing on the net.
INFO: [Physopt 32-702] Processed net design_1_i/lorenz_dda_driver_0/inst/solver_i/funct_y_carry__0_n_7. Optimizations did not improve timing on the net.
INFO: [Physopt 32-702] Processed net design_1_i/lorenz_dda_driver_0/inst/solver_i/integrator_y/v1_reg[26]_2[1]. Optimizations did not improve timing on the net.
INFO: [Physopt 32-702] Processed net design_1_i/lorenz_dda_driver_0/inst/solver_i/mult_xrhoz_i/mult_out__1_0[1]. Optimizations did not improve timing on the net.
INFO: [Physopt 32-702] Processed net design_1_i/lorenz_dda_driver_0/inst/solver_i/mult_xrhoz_i/i__carry_i_3__4_n_0. Optimizations did not improve timing on the net.
INFO: [Physopt 32-702] Processed net design_1_i/lorenz_dda_driver_0/inst/lorenz_dda_driver_slave_lite_v1_0_S00_AXI_inst/v1new[24]. Optimizations did not improve timing on the net.
INFO: [Physopt 32-702] Processed net design_1_i/lorenz_dda_driver_0/inst/solver_i/mult_xrhoz_i/mult_out__1_n_105. Optimizations did not improve timing on the net.
INFO: [Physopt 32-702] Processed net design_1_i/lorenz_dda_driver_0/inst/solver_i/integrator_x/A[9]. Optimizations did not improve timing on the net.
INFO: [Physopt 32-702] Processed net design_1_i/lorenz_dda_driver_0/inst/solver_i/integrator_x/mult_out__0_i_24_n_0. Optimizations did not improve timing on the net.
INFO: [Physopt 32-608] Optimized 1 net.  Swapped 21 pins.
INFO: [Physopt 32-735] Processed net design_1_i/lorenz_dda_driver_0/inst/solver_i/integrator_x/v1_reg[20]_1. Optimization improves timing on the net.
INFO: [Physopt 32-619] Estimated Timing Summary | WNS=-6.349 | TNS=-728.787 |
INFO: [Physopt 32-702] Processed net design_1_i/lorenz_dda_driver_0/inst/solver_i/integrator_x/A[3]. Optimizations did not improve timing on the net.
INFO: [Physopt 32-702] Processed net design_1_i/lorenz_dda_driver_0/inst/solver_i/integrator_x/mult_out__0_i_30_n_0. Optimizations did not improve timing on the net.
INFO: [Physopt 32-608] Optimized 1 net.  Swapped 9 pins.
INFO: [Physopt 32-735] Processed net design_1_i/lorenz_dda_driver_0/inst/solver_i/integrator_x/mult_out__0_i_49_n_0. Optimization improves timing on the net.
INFO: [Physopt 32-619] Estimated Timing Summary | WNS=-6.338 | TNS=-727.155 |
INFO: [Physopt 32-702] Processed net design_1_i/lorenz_dda_driver_0/inst/solver_i/mult_xy_i/mult_out__1_0[16]. Optimizations did not improve timing on the net.
INFO: [Physopt 32-608] Optimized 1 net.  Swapped 12 pins.
INFO: [Physopt 32-735] Processed net design_1_i/lorenz_dda_driver_0/inst/solver_i/mult_xy_i/i__carry__1_i_3__2_n_0. Optimization improves timing on the net.
INFO: [Physopt 32-619] Estimated Timing Summary | WNS=-6.335 | TNS=-727.146 |
INFO: [Physopt 32-608] Optimized 1 net.  Swapped 6 pins.
INFO: [Physopt 32-735] Processed net design_1_i/lorenz_dda_driver_0/inst/solver_i/integrator_z/mult_out__0_i_28__0_n_0. Optimization improves timing on the net.
INFO: [Physopt 32-619] Estimated Timing Summary | WNS=-6.334 | TNS=-727.129 |
INFO: [Physopt 32-608] Optimized 1 net.  Swapped 23 pins.
INFO: [Physopt 32-735] Processed net design_1_i/lorenz_dda_driver_0/inst/solver_i/integrator_z/A[0]. Optimization improves timing on the net.
INFO: [Physopt 32-619] Estimated Timing Summary | WNS=-6.333 | TNS=-727.112 |
INFO: [Physopt 32-702] Processed net design_1_i/lorenz_dda_driver_0/inst/lorenz_dda_driver_slave_lite_v1_0_S00_AXI_inst/A[0]. Optimizations did not improve timing on the net.
INFO: [Physopt 32-608] Optimized 1 net.  Swapped 23 pins.
INFO: [Physopt 32-735] Processed net design_1_i/lorenz_dda_driver_0/inst/solver_i/integrator_z/slv_reg_dt_reg[1]. Optimization improves timing on the net.
INFO: [Physopt 32-619] Estimated Timing Summary | WNS=-6.331 | TNS=-727.067 |
INFO: [Physopt 32-608] Optimized 1 net.  Swapped 13 pins.
INFO: [Physopt 32-735] Processed net design_1_i/lorenz_dda_driver_0/inst/solver_i/mult_xy_i/i__carry__0_i_4__2_n_0. Optimization improves timing on the net.
INFO: [Physopt 32-619] Estimated Timing Summary | WNS=-6.330 | TNS=-727.064 |
INFO: [Physopt 32-702] Processed net design_1_i/lorenz_dda_driver_0/inst/lorenz_dda_driver_slave_lite_v1_0_S00_AXI_inst/A[1]. Optimizations did not improve timing on the net.
INFO: [Physopt 32-608] Optimized 1 net.  Swapped 5 pins.
INFO: [Physopt 32-735] Processed net design_1_i/lorenz_dda_driver_0/inst/lorenz_dda_driver_slave_lite_v1_0_S00_AXI_inst/slv_reg_dt_reg[25]_0_repN_2. Optimization improves timing on the net.
INFO: [Physopt 32-619] Estimated Timing Summary | WNS=-6.329 | TNS=-727.048 |
INFO: [Physopt 32-663] Processed net design_1_i/lorenz_dda_driver_0/inst/lorenz_dda_driver_slave_lite_v1_0_S00_AXI_inst/mult_out__0_i_21__0_n_0.  Re-placed instance design_1_i/lorenz_dda_driver_0/inst/lorenz_dda_driver_slave_lite_v1_0_S00_AXI_inst/mult_out__0_i_21__0
INFO: [Physopt 32-735] Processed net design_1_i/lorenz_dda_driver_0/inst/lorenz_dda_driver_slave_lite_v1_0_S00_AXI_inst/mult_out__0_i_21__0_n_0. Optimization improves timing on the net.
INFO: [Physopt 32-619] Estimated Timing Summary | WNS=-6.325 | TNS=-726.952 |
INFO: [Physopt 32-702] Processed net design_1_i/lorenz_dda_driver_0/inst/solver_i/integrator_x/A[0]. Optimizations did not improve timing on the net.
INFO: [Physopt 32-608] Optimized 1 net.  Swapped 23 pins.
INFO: [Physopt 32-735] Processed net design_1_i/lorenz_dda_driver_0/inst/solver_i/integrator_x/mult_out__0_i_33_n_0. Optimization improves timing on the net.
INFO: [Physopt 32-619] Estimated Timing Summary | WNS=-6.324 | TNS=-726.748 |
INFO: [Physopt 32-663] Processed net design_1_i/lorenz_dda_driver_0/inst/solver_i/integrator_x/v1_reg[17]_0.  Re-placed instance design_1_i/lorenz_dda_driver_0/inst/solver_i/integrator_x/v1_reg[17]
INFO: [Physopt 32-735] Processed net design_1_i/lorenz_dda_driver_0/inst/solver_i/integrator_x/v1_reg[17]_0. Optimization improves timing on the net.
INFO: [Physopt 32-619] Estimated Timing Summary | WNS=-6.323 | TNS=-726.704 |
INFO: [Physopt 32-702] Processed net design_1_i/lorenz_dda_driver_0/inst/lorenz_dda_driver_slave_lite_v1_0_S00_AXI_inst/A[2]. Optimizations did not improve timing on the net.
INFO: [Physopt 32-608] Optimized 1 net.  Swapped 10 pins.
INFO: [Physopt 32-735] Processed net design_1_i/lorenz_dda_driver_0/inst/lorenz_dda_driver_slave_lite_v1_0_S00_AXI_inst/mult_out__0_i_21__0_n_0. Optimization improves timing on the net.
INFO: [Physopt 32-619] Estimated Timing Summary | WNS=-6.322 | TNS=-726.640 |
INFO: [Physopt 32-619] Estimated Timing Summary | WNS=-6.322 | TNS=-726.640 |
Netlist sorting complete. Time (s): cpu = 00:00:00.02 ; elapsed = 00:00:00.01 . Memory (MB): peak = 3349.711 ; gain = 0.000 ; free physical = 535 ; free virtual = 14226
Phase 3 Critical Path Optimization | Checksum: e7cd716d

Time (s): cpu = 00:01:36 ; elapsed = 00:00:36 . Memory (MB): peak = 3349.711 ; gain = 0.000 ; free physical = 535 ; free virtual = 14226

Phase 4 Critical Path Optimization
INFO: [Physopt 32-619] Estimated Timing Summary | WNS=-6.322 | TNS=-726.640 |
INFO: [Physopt 32-702] Processed net design_1_i/lorenz_dda_driver_0/inst/lorenz_dda_driver_slave_lite_v1_0_S00_AXI_inst/mult_out__1_i_3__0_psdsp_n. Optimizations did not improve timing on the net.
INFO: [Physopt 32-702] Processed net design_1_i/processing_system7_0/inst/FCLK_CLK_unbuffered[0]. Optimizations did not improve timing on the net.
INFO: [Physopt 32-702] Processed net design_1_i/lorenz_dda_driver_0/inst/solver_i/integrator_y/adder_out[24]. Optimizations did not improve timing on the net.
INFO: [Physopt 32-702] Processed net design_1_i/lorenz_dda_driver_0/inst/solver_i/integrator_y/adder_out_carry__4_n_0. Optimizations did not improve timing on the net.
INFO: [Physopt 32-702] Processed net design_1_i/lorenz_dda_driver_0/inst/solver_i/integrator_y/adder_out_carry__3_n_0. Optimizations did not improve timing on the net.
INFO: [Physopt 32-702] Processed net design_1_i/lorenz_dda_driver_0/inst/solver_i/integrator_y/adder_out_carry__2_n_0. Optimizations did not improve timing on the net.
INFO: [Physopt 32-702] Processed net design_1_i/lorenz_dda_driver_0/inst/solver_i/integrator_y/adder_out_carry__1_n_0. Optimizations did not improve timing on the net.
INFO: [Physopt 32-702] Processed net design_1_i/lorenz_dda_driver_0/inst/solver_i/integrator_y/adder_out_carry__0_n_0. Optimizations did not improve timing on the net.
INFO: [Physopt 32-702] Processed net design_1_i/lorenz_dda_driver_0/inst/solver_i/integrator_y/adder_out_carry__0_i_4_n_0. Optimizations did not improve timing on the net.
INFO: [Physopt 32-702] Processed net design_1_i/lorenz_dda_driver_0/inst/solver_i/funct_y_carry__0_n_7. Optimizations did not improve timing on the net.
INFO: [Physopt 32-702] Processed net design_1_i/lorenz_dda_driver_0/inst/solver_i/funct_y_carry_n_0. Optimizations did not improve timing on the net.
INFO: [Physopt 32-702] Processed net design_1_i/lorenz_dda_driver_0/inst/solver_i/integrator_y/v1_reg[26]_2[1]. Optimizations did not improve timing on the net.
INFO: [Physopt 32-702] Processed net design_1_i/lorenz_dda_driver_0/inst/solver_i/mult_xrhoz_i/mult_out__1_0[1]. Optimizations did not improve timing on the net.
INFO: [Physopt 32-702] Processed net design_1_i/lorenz_dda_driver_0/inst/solver_i/mult_xrhoz_i/mult_out_inferred__1/i__carry_n_0. Optimizations did not improve timing on the net.
INFO: [Physopt 32-702] Processed net design_1_i/lorenz_dda_driver_0/inst/solver_i/mult_xrhoz_i/i__carry_i_3__4_n_0. Optimizations did not improve timing on the net.
INFO: [Physopt 32-702] Processed net design_1_i/lorenz_dda_driver_0/inst/lorenz_dda_driver_slave_lite_v1_0_S00_AXI_inst/v1new[24]. Optimizations did not improve timing on the net.
INFO: [Physopt 32-702] Processed net design_1_i/lorenz_dda_driver_0/inst/solver_i/mult_xrhoz_i/mult_out__1_n_105. Optimizations did not improve timing on the net.
INFO: [Physopt 32-702] Processed net design_1_i/lorenz_dda_driver_0/inst/lorenz_dda_driver_slave_lite_v1_0_S00_AXI_inst/slv_reg_dt_reg[0]_25[0]. Optimizations did not improve timing on the net.
INFO: [Physopt 32-608] Optimized 1 net.  Swapped 23 pins.
INFO: [Physopt 32-735] Processed net design_1_i/lorenz_dda_driver_0/inst/solver_i/integrator_x/slv_reg_dt_reg[1]. Optimization improves timing on the net.
INFO: [Physopt 32-619] Estimated Timing Summary | WNS=-6.322 | TNS=-726.640 |
INFO: [Physopt 32-702] Processed net design_1_i/lorenz_dda_driver_0/inst/solver_i/integrator_x/A[2]. Optimizations did not improve timing on the net.
INFO: [Physopt 32-702] Processed net design_1_i/lorenz_dda_driver_0/inst/solver_i/integrator_x/mult_out__0_i_31_n_0. Optimizations did not improve timing on the net.
INFO: [Physopt 32-81] Processed net design_1_i/lorenz_dda_driver_0/inst/solver_i/integrator_x/mult_out__0_i_46_n_0. Replicated 1 times.
INFO: [Physopt 32-735] Processed net design_1_i/lorenz_dda_driver_0/inst/solver_i/integrator_x/mult_out__0_i_46_n_0. Optimization improves timing on the net.
INFO: [Physopt 32-619] Estimated Timing Summary | WNS=-6.321 | TNS=-725.916 |
INFO: [Physopt 32-702] Processed net design_1_i/lorenz_dda_driver_0/inst/solver_i/integrator_x/A[0]. Optimizations did not improve timing on the net.
INFO: [Physopt 32-608] Optimized 1 net.  Swapped 23 pins.
INFO: [Physopt 32-735] Processed net design_1_i/lorenz_dda_driver_0/inst/solver_i/integrator_x/mult_out__0_i_33_n_0. Optimization improves timing on the net.
INFO: [Physopt 32-619] Estimated Timing Summary | WNS=-6.320 | TNS=-725.848 |
INFO: [Physopt 32-702] Processed net design_1_i/lorenz_dda_driver_0/inst/lorenz_dda_driver_slave_lite_v1_0_S00_AXI_inst/slv_reg_dt_reg[0]_25[4]. Optimizations did not improve timing on the net.
INFO: [Physopt 32-702] Processed net design_1_i/lorenz_dda_driver_0/inst/lorenz_dda_driver_slave_lite_v1_0_S00_AXI_inst/mult_out__0_i_19_n_0. Optimizations did not improve timing on the net.
INFO: [Physopt 32-710] Processed net design_1_i/lorenz_dda_driver_0/inst/lorenz_dda_driver_slave_lite_v1_0_S00_AXI_inst/mult_out__0_i_19_n_0. Critical path length was reduced through logic transformation on cell design_1_i/lorenz_dda_driver_0/inst/lorenz_dda_driver_slave_lite_v1_0_S00_AXI_inst/mult_out__0_i_19_comp.
INFO: [Physopt 32-735] Processed net design_1_i/lorenz_dda_driver_0/inst/lorenz_dda_driver_slave_lite_v1_0_S00_AXI_inst/mult_out_i_45_n_0. Optimization improves timing on the net.
INFO: [Physopt 32-619] Estimated Timing Summary | WNS=-6.319 | TNS=-724.824 |
INFO: [Physopt 32-702] Processed net design_1_i/lorenz_dda_driver_0/inst/solver_i/integrator_z/z_next[25]. Optimizations did not improve timing on the net.
INFO: [Physopt 32-702] Processed net design_1_i/lorenz_dda_driver_0/inst/solver_i/integrator_z/CO[0]. Optimizations did not improve timing on the net.
INFO: [Physopt 32-702] Processed net design_1_i/lorenz_dda_driver_0/inst/solver_i/integrator_z/v1[20]_i_8_n_0. Optimizations did not improve timing on the net.
INFO: [Physopt 32-702] Processed net design_1_i/lorenz_dda_driver_0/inst/solver_i/funct_z_carry__4_n_6. Optimizations did not improve timing on the net.
INFO: [Physopt 32-702] Processed net design_1_i/lorenz_dda_driver_0/inst/solver_i/funct_z_carry__3_n_0. Optimizations did not improve timing on the net.
INFO: [Physopt 32-702] Processed net design_1_i/lorenz_dda_driver_0/inst/solver_i/mult_xy_i/mult_out__1_5[0]. Optimizations did not improve timing on the net.
INFO: [Physopt 32-702] Processed net design_1_i/lorenz_dda_driver_0/inst/solver_i/mult_bz_i/mult_out__1_3[0]. Optimizations did not improve timing on the net.
INFO: [Physopt 32-702] Processed net design_1_i/lorenz_dda_driver_0/inst/solver_i/mult_bz_i/mult_out_inferred__1/i__carry__3_n_0. Optimizations did not improve timing on the net.
INFO: [Physopt 32-702] Processed net design_1_i/lorenz_dda_driver_0/inst/solver_i/mult_bz_i/mult_out_inferred__1/i__carry__2_n_0. Optimizations did not improve timing on the net.
INFO: [Physopt 32-702] Processed net design_1_i/lorenz_dda_driver_0/inst/solver_i/mult_bz_i/mult_out_inferred__1/i__carry__1_n_0. Optimizations did not improve timing on the net.
INFO: [Physopt 32-702] Processed net design_1_i/lorenz_dda_driver_0/inst/solver_i/mult_bz_i/mult_out_inferred__1/i__carry__0_n_0. Optimizations did not improve timing on the net.
INFO: [Physopt 32-702] Processed net design_1_i/lorenz_dda_driver_0/inst/solver_i/mult_bz_i/i__carry__0_i_3__0_n_0. Optimizations did not improve timing on the net.
INFO: [Physopt 32-702] Processed net design_1_i/lorenz_dda_driver_0/inst/solver_i/mult_xy_i/ACTIVE_LOW_PR_OUT_DFF[0].FDRE_PER_N[1]. Optimizations did not improve timing on the net.
INFO: [Physopt 32-702] Processed net design_1_i/lorenz_dda_driver_0/inst/solver_i/mult_bz_i/mult_out__1_n_101. Optimizations did not improve timing on the net.
INFO: [Physopt 32-608] Optimized 1 net.  Swapped 10 pins.
INFO: [Physopt 32-735] Processed net design_1_i/lorenz_dda_driver_0/inst/solver_i/integrator_z/A[2]. Optimization improves timing on the net.
INFO: [Physopt 32-619] Estimated Timing Summary | WNS=-6.317 | TNS=-724.790 |
INFO: [Physopt 32-702] Processed net design_1_i/lorenz_dda_driver_0/inst/lorenz_dda_driver_slave_lite_v1_0_S00_AXI_inst/A[3]. Optimizations did not improve timing on the net.
INFO: [Physopt 32-702] Processed net design_1_i/lorenz_dda_driver_0/inst/lorenz_dda_driver_slave_lite_v1_0_S00_AXI_inst/mult_out__0_i_20__0_n_0. Optimizations did not improve timing on the net.
INFO: [Physopt 32-710] Processed net design_1_i/lorenz_dda_driver_0/inst/lorenz_dda_driver_slave_lite_v1_0_S00_AXI_inst/mult_out__0_i_20__0_n_0. Critical path length was reduced through logic transformation on cell design_1_i/lorenz_dda_driver_0/inst/lorenz_dda_driver_slave_lite_v1_0_S00_AXI_inst/mult_out__0_i_20__0_comp.
INFO: [Physopt 32-735] Processed net design_1_i/lorenz_dda_driver_0/inst/lorenz_dda_driver_slave_lite_v1_0_S00_AXI_inst/mult_out__0_i_35__0_n_0. Optimization improves timing on the net.
INFO: [Physopt 32-619] Estimated Timing Summary | WNS=-6.314 | TNS=-724.741 |
INFO: [Physopt 32-608] Optimized 1 net.  Swapped 8 pins.
INFO: [Physopt 32-735] Processed net design_1_i/lorenz_dda_driver_0/inst/lorenz_dda_driver_slave_lite_v1_0_S00_AXI_inst/A[5]. Optimization improves timing on the net.
INFO: [Physopt 32-619] Estimated Timing Summary | WNS=-6.308 | TNS=-724.324 |
INFO: [Physopt 32-702] Processed net design_1_i/lorenz_dda_driver_0/inst/lorenz_dda_driver_slave_lite_v1_0_S00_AXI_inst/slv_reg_dt_reg[0]_25[2]. Optimizations did not improve timing on the net.
INFO: [Physopt 32-702] Processed net design_1_i/lorenz_dda_driver_0/inst/lorenz_dda_driver_slave_lite_v1_0_S00_AXI_inst/mult_out__0_i_21_n_0. Optimizations did not improve timing on the net.
INFO: [Physopt 32-710] Processed net design_1_i/lorenz_dda_driver_0/inst/lorenz_dda_driver_slave_lite_v1_0_S00_AXI_inst/mult_out__0_i_21_n_0. Critical path length was reduced through logic transformation on cell design_1_i/lorenz_dda_driver_0/inst/lorenz_dda_driver_slave_lite_v1_0_S00_AXI_inst/mult_out__0_i_21_comp.
INFO: [Physopt 32-735] Processed net design_1_i/lorenz_dda_driver_0/inst/lorenz_dda_driver_slave_lite_v1_0_S00_AXI_inst/mult_out__0_i_36_n_0. Optimization improves timing on the net.
INFO: [Physopt 32-619] Estimated Timing Summary | WNS=-6.305 | TNS=-724.120 |
INFO: [Physopt 32-608] Optimized 1 net.  Swapped 23 pins.
INFO: [Physopt 32-735] Processed net design_1_i/lorenz_dda_driver_0/inst/solver_i/integrator_x/mult_out__0_i_33_n_0. Optimization improves timing on the net.
INFO: [Physopt 32-619] Estimated Timing Summary | WNS=-6.302 | TNS=-723.916 |
INFO: [Physopt 32-702] Processed net design_1_i/lorenz_dda_driver_0/inst/solver_i/integrator_x/A[9]. Optimizations did not improve timing on the net.
INFO: [Physopt 32-702] Processed net design_1_i/lorenz_dda_driver_0/inst/solver_i/integrator_x/mult_out__0_i_24_n_0. Optimizations did not improve timing on the net.
INFO: [Physopt 32-81] Processed net design_1_i/lorenz_dda_driver_0/inst/solver_i/integrator_x/v1_reg[20]_1. Replicated 1 times.
INFO: [Physopt 32-735] Processed net design_1_i/lorenz_dda_driver_0/inst/solver_i/integrator_x/v1_reg[20]_1. Optimization improves timing on the net.
INFO: [Physopt 32-619] Estimated Timing Summary | WNS=-6.299 | TNS=-723.712 |
INFO: [Physopt 32-663] Processed net design_1_i/lorenz_dda_driver_0/inst/solver_i/integrator_x/v1_reg[20]_1.  Re-placed instance design_1_i/lorenz_dda_driver_0/inst/solver_i/integrator_x/mult_out__0_i_41
INFO: [Physopt 32-735] Processed net design_1_i/lorenz_dda_driver_0/inst/solver_i/integrator_x/v1_reg[20]_1. Optimization improves timing on the net.
INFO: [Physopt 32-619] Estimated Timing Summary | WNS=-6.298 | TNS=-723.644 |
INFO: [Physopt 32-702] Processed net design_1_i/lorenz_dda_driver_0/inst/lorenz_dda_driver_slave_lite_v1_0_S00_AXI_inst/slv_reg_dt_reg[0]_25[3]. Optimizations did not improve timing on the net.
INFO: [Physopt 32-702] Processed net design_1_i/lorenz_dda_driver_0/inst/lorenz_dda_driver_slave_lite_v1_0_S00_AXI_inst/mult_out__0_i_20_n_0. Optimizations did not improve timing on the net.
INFO: [Physopt 32-710] Processed net design_1_i/lorenz_dda_driver_0/inst/lorenz_dda_driver_slave_lite_v1_0_S00_AXI_inst/mult_out__0_i_20_n_0. Critical path length was reduced through logic transformation on cell design_1_i/lorenz_dda_driver_0/inst/lorenz_dda_driver_slave_lite_v1_0_S00_AXI_inst/mult_out__0_i_20_comp.
INFO: [Physopt 32-735] Processed net design_1_i/lorenz_dda_driver_0/inst/lorenz_dda_driver_slave_lite_v1_0_S00_AXI_inst/mult_out__0_i_35_n_0. Optimization improves timing on the net.
INFO: [Physopt 32-619] Estimated Timing Summary | WNS=-6.296 | TNS=-723.054 |
INFO: [Physopt 32-702] Processed net design_1_i/lorenz_dda_driver_0/inst/solver_i/integrator_x/v1_reg[20]_1. Optimizations did not improve timing on the net.
INFO: [Physopt 32-702] Processed net design_1_i/lorenz_dda_driver_0/inst/solver_i/mult_xrhoz_i/mult_out__0_n_106. Optimizations did not improve timing on the net.
INFO: [Physopt 32-81] Processed net design_1_i/lorenz_dda_driver_0/inst/solver_i/integrator_x/v1_reg[20]_0. Replicated 1 times.
INFO: [Physopt 32-735] Processed net design_1_i/lorenz_dda_driver_0/inst/solver_i/integrator_x/v1_reg[20]_0. Optimization improves timing on the net.
INFO: [Physopt 32-619] Estimated Timing Summary | WNS=-6.293 | TNS=-728.505 |
INFO: [Physopt 32-702] Processed net design_1_i/lorenz_dda_driver_0/inst/solver_i/integrator_x/v1_reg[20]_0. Optimizations did not improve timing on the net.
INFO: [Physopt 32-702] Processed net design_1_i/lorenz_dda_driver_0/inst/lorenz_dda_driver_slave_lite_v1_0_S00_AXI_inst/mult_out__1_i_3__0_psdsp_n. Optimizations did not improve timing on the net.
INFO: [Physopt 32-702] Processed net design_1_i/processing_system7_0/inst/FCLK_CLK_unbuffered[0]. Optimizations did not improve timing on the net.
INFO: [Physopt 32-702] Processed net design_1_i/lorenz_dda_driver_0/inst/solver_i/integrator_y/adder_out[24]. Optimizations did not improve timing on the net.
INFO: [Physopt 32-702] Processed net design_1_i/lorenz_dda_driver_0/inst/solver_i/integrator_y/adder_out_carry__0_i_4_n_0. Optimizations did not improve timing on the net.
INFO: [Physopt 32-702] Processed net design_1_i/lorenz_dda_driver_0/inst/solver_i/funct_y_carry__0_n_7. Optimizations did not improve timing on the net.
INFO: [Physopt 32-702] Processed net design_1_i/lorenz_dda_driver_0/inst/solver_i/integrator_y/v1_reg[26]_2[1]. Optimizations did not improve timing on the net.
INFO: [Physopt 32-702] Processed net design_1_i/lorenz_dda_driver_0/inst/solver_i/mult_xrhoz_i/mult_out__1_0[1]. Optimizations did not improve timing on the net.
INFO: [Physopt 32-702] Processed net design_1_i/lorenz_dda_driver_0/inst/solver_i/mult_xrhoz_i/i__carry_i_3__4_n_0. Optimizations did not improve timing on the net.
INFO: [Physopt 32-702] Processed net design_1_i/lorenz_dda_driver_0/inst/lorenz_dda_driver_slave_lite_v1_0_S00_AXI_inst/v1new[24]. Optimizations did not improve timing on the net.
INFO: [Physopt 32-702] Processed net design_1_i/lorenz_dda_driver_0/inst/solver_i/mult_xrhoz_i/mult_out__1_n_105. Optimizations did not improve timing on the net.
INFO: [Physopt 32-702] Processed net design_1_i/lorenz_dda_driver_0/inst/solver_i/integrator_x/A[9]. Optimizations did not improve timing on the net.
INFO: [Physopt 32-702] Processed net design_1_i/lorenz_dda_driver_0/inst/solver_i/integrator_x/mult_out__0_i_24_n_0. Optimizations did not improve timing on the net.
INFO: [Physopt 32-702] Processed net design_1_i/lorenz_dda_driver_0/inst/solver_i/integrator_x/v1_reg[20]_1. Optimizations did not improve timing on the net.
INFO: [Physopt 32-702] Processed net design_1_i/lorenz_dda_driver_0/inst/solver_i/integrator_x/v1_reg[20]_0. Optimizations did not improve timing on the net.
INFO: [Physopt 32-619] Estimated Timing Summary | WNS=-6.293 | TNS=-728.505 |
Netlist sorting complete. Time (s): cpu = 00:00:00.02 ; elapsed = 00:00:00.01 . Memory (MB): peak = 3349.711 ; gain = 0.000 ; free physical = 1168 ; free virtual = 14945
Phase 4 Critical Path Optimization | Checksum: e7cd716d

Time (s): cpu = 00:03:14 ; elapsed = 00:01:15 . Memory (MB): peak = 3349.711 ; gain = 0.000 ; free physical = 1168 ; free virtual = 14945
Netlist sorting complete. Time (s): cpu = 00:00:00 ; elapsed = 00:00:00 . Memory (MB): peak = 3349.711 ; gain = 0.000 ; free physical = 1168 ; free virtual = 14945
INFO: [Physopt 32-603] Post Physical Optimization Timing Summary | WNS=-6.293 | TNS=-728.505 |

Summary of Physical Synthesis Optimizations
============================================


-------------------------------------------------------------------------------------------------------------------------------------------------------------
|  Optimization   |  WNS Gain (ns)  |  TNS Gain (ns)  |  Added Cells  |  Removed Cells  |  Optimized Cells/Nets  |  Dont Touch  |  Iterations  |  Elapsed   |
-------------------------------------------------------------------------------------------------------------------------------------------------------------
|  DSP Register   |          0.000  |          0.000  |            0  |              0  |                     0  |           0  |           1  |  00:00:00  |
|  Critical Path  |          0.590  |         35.564  |            7  |              0  |                    73  |           0  |           2  |  00:01:13  |
|  Total          |          0.590  |         35.564  |            7  |              0  |                    73  |           0  |           3  |  00:01:13  |
-------------------------------------------------------------------------------------------------------------------------------------------------------------


Netlist sorting complete. Time (s): cpu = 00:00:00 ; elapsed = 00:00:00 . Memory (MB): peak = 3349.711 ; gain = 0.000 ; free physical = 1168 ; free virtual = 14945
Ending Physical Synthesis Task | Checksum: 162693816

Time (s): cpu = 00:03:15 ; elapsed = 00:01:15 . Memory (MB): peak = 3349.711 ; gain = 0.000 ; free physical = 1166 ; free virtual = 14945
INFO: [Common 17-83] Releasing license: Implementation
528 Infos, 56 Warnings, 0 Critical Warnings and 0 Errors encountered.
phys_opt_design completed successfully
phys_opt_design: Time (s): cpu = 00:03:20 ; elapsed = 00:01:17 . Memory (MB): peak = 3349.711 ; gain = 0.000 ; free physical = 1166 ; free virtual = 14947
INFO: [Timing 38-480] Writing timing data to binary archive.
Write ShapeDB Complete: Time (s): cpu = 00:00:00.18 ; elapsed = 00:00:00.07 . Memory (MB): peak = 3349.711 ; gain = 0.000 ; free physical = 1166 ; free virtual = 14951
Wrote PlaceDB: Time (s): cpu = 00:00:03 ; elapsed = 00:00:01 . Memory (MB): peak = 3349.711 ; gain = 0.000 ; free physical = 1140 ; free virtual = 14954
Wrote PulsedLatchDB: Time (s): cpu = 00:00:00 ; elapsed = 00:00:00 . Memory (MB): peak = 3349.711 ; gain = 0.000 ; free physical = 1140 ; free virtual = 14954
Writing XDEF routing.
Writing XDEF routing logical nets.
Writing XDEF routing special nets.
Wrote RouteStorage: Time (s): cpu = 00:00:00.07 ; elapsed = 00:00:00.04 . Memory (MB): peak = 3349.711 ; gain = 0.000 ; free physical = 1140 ; free virtual = 14954
Wrote Netlist Cache: Time (s): cpu = 00:00:00.06 ; elapsed = 00:00:00.03 . Memory (MB): peak = 3349.711 ; gain = 0.000 ; free physical = 1140 ; free virtual = 14956
Wrote Device Cache: Time (s): cpu = 00:00:00.04 ; elapsed = 00:00:00.02 . Memory (MB): peak = 3349.711 ; gain = 0.000 ; free physical = 1140 ; free virtual = 14957
Write Physdb Complete: Time (s): cpu = 00:00:03 ; elapsed = 00:00:01 . Memory (MB): peak = 3349.711 ; gain = 0.000 ; free physical = 1140 ; free virtual = 14957
INFO: [Common 17-1381] The checkpoint '/home/zkarim28/Meng/MEng_ZYBO/hdmi_driver/Zybo-Z7-HW/Zybo-Z7-HW.runs/impl_1/design_1_wrapper_physopt.dcp' has been generated.
Command: route_design
Attempting to get a license for feature 'Implementation' and/or device 'xc7z010'
INFO: [Common 17-349] Got license for feature 'Implementation' and/or device 'xc7z010'
INFO: [DRC 23-27] Running DRC with 4 threads
INFO: [Vivado_Tcl 4-198] DRC finished with 0 Errors
INFO: [Vivado_Tcl 4-199] Please refer to the DRC report (report_drc) for more information.
Running DRC as a precondition to command route_design
INFO: [DRC 23-27] Running DRC with 4 threads
INFO: [Vivado_Tcl 4-198] DRC finished with 0 Errors
INFO: [Vivado_Tcl 4-199] Please refer to the DRC report (report_drc) for more information.


Starting Routing Task
INFO: [Route 35-254] Multithreading enabled for route_design using a maximum of 4 CPUs

Phase 1 Build RT Design
Checksum: PlaceDB: aae79b1 ConstDB: 0 ShapeSum: 9f19f6f4 RouteDB: 6998572b
Post Restoration Checksum: NetGraph: 80e6d4db | NumContArr: ff339e73 | Constraints: c2a8fa9d | Timing: c2a8fa9d
Phase 1 Build RT Design | Checksum: 3056c6888

Time (s): cpu = 00:00:16 ; elapsed = 00:00:11 . Memory (MB): peak = 3349.711 ; gain = 0.000 ; free physical = 1198 ; free virtual = 14933

Phase 2 Router Initialization

Phase 2.1 Fix Topology Constraints
Phase 2.1 Fix Topology Constraints | Checksum: 3056c6888

Time (s): cpu = 00:00:16 ; elapsed = 00:00:11 . Memory (MB): peak = 3349.711 ; gain = 0.000 ; free physical = 1198 ; free virtual = 14933

Phase 2.2 Pre Route Cleanup
Phase 2.2 Pre Route Cleanup | Checksum: 3056c6888

Time (s): cpu = 00:00:16 ; elapsed = 00:00:11 . Memory (MB): peak = 3349.711 ; gain = 0.000 ; free physical = 1198 ; free virtual = 14933
 Number of Nodes with overlaps = 0

Phase 2.3 Update Timing
Phase 2.3 Update Timing | Checksum: 208ef70b7

Time (s): cpu = 00:00:26 ; elapsed = 00:00:17 . Memory (MB): peak = 3349.711 ; gain = 0.000 ; free physical = 1089 ; free virtual = 14797
INFO: [Route 35-416] Intermediate Timing Summary | WNS=-6.305 | TNS=-719.558| WHS=-0.358 | THS=-153.808|


Phase 2.4 Update Timing for Bus Skew

Phase 2.4.1 Update Timing
Phase 2.4.1 Update Timing | Checksum: 221c2f90c

Time (s): cpu = 00:00:31 ; elapsed = 00:00:20 . Memory (MB): peak = 3349.711 ; gain = 0.000 ; free physical = 917 ; free virtual = 14643
INFO: [Route 35-416] Intermediate Timing Summary | WNS=-6.305 | TNS=-710.794| WHS=-0.201 | THS=-2.645 |

Phase 2.4 Update Timing for Bus Skew | Checksum: 2255081b9

Time (s): cpu = 00:00:31 ; elapsed = 00:00:20 . Memory (MB): peak = 3349.711 ; gain = 0.000 ; free physical = 916 ; free virtual = 14644

Router Utilization Summary
  Global Vertical Routing Utilization    = 0.00253378 %
  Global Horizontal Routing Utilization  = 0.000459559 %
  Routable Net Status*
  *Does not include unroutable nets such as driverless and loadless.
  Run report_route_status for detailed report.
  Number of Failed Nets               = 14704
    (Failed Nets is the sum of unrouted and partially routed nets)
  Number of Unrouted Nets             = 14704
  Number of Partially Routed Nets     = 0
  Number of Node Overlaps             = 0

Phase 2 Router Initialization | Checksum: 1ff38a322

Time (s): cpu = 00:00:32 ; elapsed = 00:00:21 . Memory (MB): peak = 3349.711 ; gain = 0.000 ; free physical = 906 ; free virtual = 14637

Phase 3 Global Routing
Phase 3 Global Routing | Checksum: 1ff38a322

Time (s): cpu = 00:00:32 ; elapsed = 00:00:21 . Memory (MB): peak = 3349.711 ; gain = 0.000 ; free physical = 906 ; free virtual = 14637

Phase 4 Initial Routing

Phase 4.1 Initial Net Routing Pass
Phase 4.1 Initial Net Routing Pass | Checksum: 2563a7393

Time (s): cpu = 00:00:37 ; elapsed = 00:00:25 . Memory (MB): peak = 3349.711 ; gain = 0.000 ; free physical = 917 ; free virtual = 14658
Phase 4 Initial Routing | Checksum: 2563a7393

Time (s): cpu = 00:00:37 ; elapsed = 00:00:25 . Memory (MB): peak = 3349.711 ; gain = 0.000 ; free physical = 917 ; free virtual = 14658

Phase 5 Rip-up And Reroute

Phase 5.1 Global Iteration 0
 Number of Nodes with overlaps = 2318
 Number of Nodes with overlaps = 826
 Number of Nodes with overlaps = 371
 Number of Nodes with overlaps = 155
 Number of Nodes with overlaps = 61
 Number of Nodes with overlaps = 14
 Number of Nodes with overlaps = 18
 Number of Nodes with overlaps = 2
 Number of Nodes with overlaps = 1
 Number of Nodes with overlaps = 3
 Number of Nodes with overlaps = 2
 Number of Nodes with overlaps = 0
INFO: [Route 35-416] Intermediate Timing Summary | WNS=-7.066 | TNS=-786.295| WHS=N/A    | THS=N/A    |

Phase 5.1 Global Iteration 0 | Checksum: 2a3c632f0

Time (s): cpu = 00:01:15 ; elapsed = 00:00:45 . Memory (MB): peak = 3349.711 ; gain = 0.000 ; free physical = 926 ; free virtual = 14669

Phase 5.2 Global Iteration 1
 Number of Nodes with overlaps = 755
 Number of Nodes with overlaps = 236
 Number of Nodes with overlaps = 67
 Number of Nodes with overlaps = 48
 Number of Nodes with overlaps = 32
 Number of Nodes with overlaps = 11
 Number of Nodes with overlaps = 2
 Number of Nodes with overlaps = 0
INFO: [Route 35-416] Intermediate Timing Summary | WNS=-7.003 | TNS=-782.214| WHS=N/A    | THS=N/A    |

Phase 5.2 Global Iteration 1 | Checksum: 1ede69c3e

Time (s): cpu = 00:01:37 ; elapsed = 00:00:59 . Memory (MB): peak = 3349.711 ; gain = 0.000 ; free physical = 935 ; free virtual = 14678

Phase 5.3 Global Iteration 2
 Number of Nodes with overlaps = 789
 Number of Nodes with overlaps = 315
 Number of Nodes with overlaps = 69
 Number of Nodes with overlaps = 14
 Number of Nodes with overlaps = 11
 Number of Nodes with overlaps = 7
 Number of Nodes with overlaps = 3
 Number of Nodes with overlaps = 3
 Number of Nodes with overlaps = 3
 Number of Nodes with overlaps = 0
INFO: [Route 35-416] Intermediate Timing Summary | WNS=-6.934 | TNS=-788.284| WHS=N/A    | THS=N/A    |

Phase 5.3 Global Iteration 2 | Checksum: 220549f95

Time (s): cpu = 00:02:07 ; elapsed = 00:01:21 . Memory (MB): peak = 3349.711 ; gain = 0.000 ; free physical = 613 ; free virtual = 14474

Phase 5.4 Global Iteration 3
 Number of Nodes with overlaps = 726
 Number of Nodes with overlaps = 177
 Number of Nodes with overlaps = 74
 Number of Nodes with overlaps = 41
 Number of Nodes with overlaps = 25
 Number of Nodes with overlaps = 15
 Number of Nodes with overlaps = 16
 Number of Nodes with overlaps = 16
 Number of Nodes with overlaps = 11
 Number of Nodes with overlaps = 3
 Number of Nodes with overlaps = 2
 Number of Nodes with overlaps = 3
 Number of Nodes with overlaps = 1
 Number of Nodes with overlaps = 0
INFO: [Route 35-416] Intermediate Timing Summary | WNS=-6.876 | TNS=-779.759| WHS=N/A    | THS=N/A    |

Phase 5.4 Global Iteration 3 | Checksum: 2e0a43c6e

Time (s): cpu = 00:02:41 ; elapsed = 00:01:46 . Memory (MB): peak = 3349.711 ; gain = 0.000 ; free physical = 569 ; free virtual = 14505
Phase 5 Rip-up And Reroute | Checksum: 2e0a43c6e

Time (s): cpu = 00:02:41 ; elapsed = 00:01:46 . Memory (MB): peak = 3349.711 ; gain = 0.000 ; free physical = 569 ; free virtual = 14505

Phase 6 Delay and Skew Optimization

Phase 6.1 Delay CleanUp

Phase 6.1.1 Update Timing
Phase 6.1.1 Update Timing | Checksum: 282c5c725

Time (s): cpu = 00:02:43 ; elapsed = 00:01:47 . Memory (MB): peak = 3349.711 ; gain = 0.000 ; free physical = 570 ; free virtual = 14506
INFO: [Route 35-416] Intermediate Timing Summary | WNS=-6.822 | TNS=-767.963| WHS=N/A    | THS=N/A    |

 Number of Nodes with overlaps = 0
Phase 6.1 Delay CleanUp | Checksum: 1d55a6764

Time (s): cpu = 00:02:44 ; elapsed = 00:01:47 . Memory (MB): peak = 3349.711 ; gain = 0.000 ; free physical = 607 ; free virtual = 14509

Phase 6.2 Clock Skew Optimization
Phase 6.2 Clock Skew Optimization | Checksum: 1d55a6764

Time (s): cpu = 00:02:44 ; elapsed = 00:01:47 . Memory (MB): peak = 3349.711 ; gain = 0.000 ; free physical = 607 ; free virtual = 14509
Phase 6 Delay and Skew Optimization | Checksum: 1d55a6764

Time (s): cpu = 00:02:44 ; elapsed = 00:01:47 . Memory (MB): peak = 3349.711 ; gain = 0.000 ; free physical = 607 ; free virtual = 14509

Phase 7 Post Hold Fix

Phase 7.1 Hold Fix Iter
INFO: [Route 35-416] Intermediate Timing Summary | WNS=-6.812 | TNS=-766.825| WHS=0.023  | THS=0.000  |

Phase 7.1 Hold Fix Iter | Checksum: 1ee36cd96

Time (s): cpu = 00:02:47 ; elapsed = 00:01:48 . Memory (MB): peak = 3349.711 ; gain = 0.000 ; free physical = 607 ; free virtual = 14509
Phase 7 Post Hold Fix | Checksum: 1ee36cd96

Time (s): cpu = 00:02:47 ; elapsed = 00:01:48 . Memory (MB): peak = 3349.711 ; gain = 0.000 ; free physical = 607 ; free virtual = 14509

Phase 8 Route finalize

Router Utilization Summary
  Global Vertical Routing Utilization    = 7.36163 %
  Global Horizontal Routing Utilization  = 9.68842 %
  Routable Net Status*
  *Does not include unroutable nets such as driverless and loadless.
  Run report_route_status for detailed report.
  Number of Failed Nets               = 0
    (Failed Nets is the sum of unrouted and partially routed nets)
  Number of Unrouted Nets             = 0
  Number of Partially Routed Nets     = 0
  Number of Node Overlaps             = 0


--GLOBAL Congestion:
Utilization threshold used for congestion level computation: 0.85
Congestion Report
North Dir 1x1 Area, Max Cong = 56.7568%, No Congested Regions.
South Dir 1x1 Area, Max Cong = 68.4685%, No Congested Regions.
East Dir 1x1 Area, Max Cong = 75%, No Congested Regions.
West Dir 1x1 Area, Max Cong = 69.1176%, No Congested Regions.

------------------------------
Reporting congestion hotspots
------------------------------
Direction: North
----------------
Congested clusters found at Level 0
Effective congestion level: 0 Aspect Ratio: 1 Sparse Ratio: 0
Direction: South
----------------
Congested clusters found at Level 0
Effective congestion level: 0 Aspect Ratio: 1 Sparse Ratio: 0
Direction: East
----------------
Congested clusters found at Level 0
Effective congestion level: 0 Aspect Ratio: 1 Sparse Ratio: 0
Direction: West
----------------
Congested clusters found at Level 0
Effective congestion level: 0 Aspect Ratio: 1 Sparse Ratio: 0

Phase 8 Route finalize | Checksum: 1ee36cd96

Time (s): cpu = 00:02:47 ; elapsed = 00:01:48 . Memory (MB): peak = 3349.711 ; gain = 0.000 ; free physical = 607 ; free virtual = 14509

Phase 9 Verifying routed nets

 Verification completed successfully
Phase 9 Verifying routed nets | Checksum: 1ee36cd96

Time (s): cpu = 00:02:47 ; elapsed = 00:01:48 . Memory (MB): peak = 3349.711 ; gain = 0.000 ; free physical = 607 ; free virtual = 14509

Phase 10 Depositing Routes
Phase 10 Depositing Routes | Checksum: 1d7ef497e

Time (s): cpu = 00:02:48 ; elapsed = 00:01:49 . Memory (MB): peak = 3349.711 ; gain = 0.000 ; free physical = 607 ; free virtual = 14508

Phase 11 Post Process Routing
Phase 11 Post Process Routing | Checksum: 1d7ef497e

Time (s): cpu = 00:02:48 ; elapsed = 00:01:49 . Memory (MB): peak = 3349.711 ; gain = 0.000 ; free physical = 607 ; free virtual = 14508

Phase 12 Post Router Timing
INFO: [Route 35-57] Estimated Timing Summary | WNS=-6.812 | TNS=-766.825| WHS=0.023  | THS=0.000  |

WARNING: [Route 35-328] Router estimated timing not met.
Resolution: For a complete and accurate timing signoff, report_timing_summary must be run after route_design. Alternatively, route_design can be run with the -timing_summary option to enable a complete timing signoff at the end of route_design.
Phase 12 Post Router Timing | Checksum: 1d7ef497e

Time (s): cpu = 00:02:48 ; elapsed = 00:01:49 . Memory (MB): peak = 3349.711 ; gain = 0.000 ; free physical = 607 ; free virtual = 14508
Total Elapsed time in route_design: 109.05 secs

Phase 13 Post-Route Event Processing
Phase 13 Post-Route Event Processing | Checksum: 10509865b

Time (s): cpu = 00:02:48 ; elapsed = 00:01:49 . Memory (MB): peak = 3349.711 ; gain = 0.000 ; free physical = 607 ; free virtual = 14508
INFO: [Route 35-16] Router Completed Successfully
Ending Routing Task | Checksum: 10509865b

Time (s): cpu = 00:02:48 ; elapsed = 00:01:49 . Memory (MB): peak = 3349.711 ; gain = 0.000 ; free physical = 607 ; free virtual = 14508

Routing Is Done.
INFO: [Common 17-83] Releasing license: Implementation
549 Infos, 57 Warnings, 0 Critical Warnings and 0 Errors encountered.
route_design completed successfully
route_design: Time (s): cpu = 00:02:54 ; elapsed = 00:01:52 . Memory (MB): peak = 3349.711 ; gain = 0.000 ; free physical = 607 ; free virtual = 14508
INFO: [Vivado 12-24828] Executing command : report_drc -file design_1_wrapper_drc_routed.rpt -pb design_1_wrapper_drc_routed.pb -rpx design_1_wrapper_drc_routed.rpx
Command: report_drc -file design_1_wrapper_drc_routed.rpt -pb design_1_wrapper_drc_routed.pb -rpx design_1_wrapper_drc_routed.rpx
INFO: [IP_Flow 19-1839] IP Catalog is up to date.
INFO: [DRC 23-27] Running DRC with 4 threads
INFO: [Vivado_Tcl 2-168] The results of DRC are in file /home/zkarim28/Meng/MEng_ZYBO/hdmi_driver/Zybo-Z7-HW/Zybo-Z7-HW.runs/impl_1/design_1_wrapper_drc_routed.rpt.
report_drc completed successfully
INFO: [Vivado 12-24828] Executing command : report_methodology -file design_1_wrapper_methodology_drc_routed.rpt -pb design_1_wrapper_methodology_drc_routed.pb -rpx design_1_wrapper_methodology_drc_routed.rpx
Command: report_methodology -file design_1_wrapper_methodology_drc_routed.rpt -pb design_1_wrapper_methodology_drc_routed.pb -rpx design_1_wrapper_methodology_drc_routed.rpx
INFO: [Timing 38-35] Done setting XDC timing constraints.
INFO: [DRC 23-133] Running Methodology with 4 threads
INFO: [Vivado_Tcl 2-1520] The results of Report Methodology are in file /home/zkarim28/Meng/MEng_ZYBO/hdmi_driver/Zybo-Z7-HW/Zybo-Z7-HW.runs/impl_1/design_1_wrapper_methodology_drc_routed.rpt.
report_methodology completed successfully
report_methodology: Time (s): cpu = 00:00:16 ; elapsed = 00:00:06 . Memory (MB): peak = 3381.711 ; gain = 0.000 ; free physical = 630 ; free virtual = 14505
INFO: [Vivado 12-24828] Executing command : report_timing_summary -max_paths 10 -report_unconstrained -file design_1_wrapper_timing_summary_routed.rpt -pb design_1_wrapper_timing_summary_routed.pb -rpx design_1_wrapper_timing_summary_routed.rpx -warn_on_violation 
INFO: [Timing 38-35] Done setting XDC timing constraints.
INFO: [Timing 38-91] UpdateTimingParams: Speed grade: -1, Delay Type: min_max.
INFO: [Timing 38-191] Multithreading enabled for timing update using a maximum of 4 CPUs
CRITICAL WARNING: [Timing 38-282] The design failed to meet the timing requirements. Please see the timing summary report for details on the timing violations.
WARNING: [Timing 38-436] There are set_bus_skew constraint(s) in this design. Please run report_bus_skew to ensure that bus skew requirements are met.
INFO: [Vivado 12-24838] Running report commands "report_bus_skew, report_incremental_reuse, report_route_status" in parallel.
Running report generation with 3 threads.
INFO: [Vivado 12-24828] Executing command : report_incremental_reuse -file design_1_wrapper_incremental_reuse_routed.rpt
INFO: [Vivado_Tcl 4-1062] Incremental flow is disabled. No incremental reuse Info to report.
INFO: [Vivado 12-24828] Executing command : report_bus_skew -warn_on_violation -file design_1_wrapper_bus_skew_routed.rpt -pb design_1_wrapper_bus_skew_routed.pb -rpx design_1_wrapper_bus_skew_routed.rpx
INFO: [Timing 38-91] UpdateTimingParams: Speed grade: -1, Delay Type: min_max.
INFO: [Timing 38-191] Multithreading enabled for timing update using a maximum of 4 CPUs
INFO: [Vivado 12-24828] Executing command : report_route_status -file design_1_wrapper_route_status.rpt -pb design_1_wrapper_route_status.pb
INFO: [Vivado 12-24828] Executing command : report_power -file design_1_wrapper_power_routed.rpt -pb design_1_wrapper_power_summary_routed.pb -rpx design_1_wrapper_power_routed.rpx
Command: report_power -file design_1_wrapper_power_routed.rpt -pb design_1_wrapper_power_summary_routed.pb -rpx design_1_wrapper_power_routed.rpx
Running Vector-less Activity Propagation...

Finished Running Vector-less Activity Propagation
WARNING: [Power 33-332] Found switching activity that implies high-fanout reset nets being asserted for excessive periods of time which may result in inaccurate power analysis.
Resolution: To review and fix problems, please run Power Constraints Advisor in the GUI from Tools > Power Constraints Advisor or run report_power with the -advisory option to generate a text report.
569 Infos, 59 Warnings, 1 Critical Warnings and 0 Errors encountered.
report_power completed successfully
INFO: [Vivado 12-24828] Executing command : report_clock_utilization -file design_1_wrapper_clock_utilization_routed.rpt
WARNING: [Device 21-9320] Failed to find the Oracle tile group with name 'HSR_BOUNDARY_TOP'. This is required for Clock regions and Virtual grid.
WARNING: [Device 21-2174] Failed to initialize Virtual grid.
generate_parallel_reports: Time (s): cpu = 00:00:37 ; elapsed = 00:00:15 . Memory (MB): peak = 3381.711 ; gain = 32.000 ; free physical = 492 ; free virtual = 14467
INFO: [Timing 38-480] Writing timing data to binary archive.
Write ShapeDB Complete: Time (s): cpu = 00:00:00.26 ; elapsed = 00:00:00.08 . Memory (MB): peak = 3381.711 ; gain = 0.000 ; free physical = 481 ; free virtual = 14460
Wrote PlaceDB: Time (s): cpu = 00:00:03 ; elapsed = 00:00:01 . Memory (MB): peak = 3381.711 ; gain = 0.000 ; free physical = 485 ; free virtual = 14447
Wrote PulsedLatchDB: Time (s): cpu = 00:00:00 ; elapsed = 00:00:00 . Memory (MB): peak = 3381.711 ; gain = 0.000 ; free physical = 485 ; free virtual = 14447
Writing XDEF routing.
Writing XDEF routing logical nets.
Writing XDEF routing special nets.
Wrote RouteStorage: Time (s): cpu = 00:00:00.34 ; elapsed = 00:00:00.22 . Memory (MB): peak = 3381.711 ; gain = 0.000 ; free physical = 483 ; free virtual = 14447
Wrote Netlist Cache: Time (s): cpu = 00:00:00.02 ; elapsed = 00:00:00.03 . Memory (MB): peak = 3381.711 ; gain = 0.000 ; free physical = 480 ; free virtual = 14446
Wrote Device Cache: Time (s): cpu = 00:00:00.01 ; elapsed = 00:00:00.01 . Memory (MB): peak = 3381.711 ; gain = 0.000 ; free physical = 480 ; free virtual = 14446
Write Physdb Complete: Time (s): cpu = 00:00:04 ; elapsed = 00:00:02 . Memory (MB): peak = 3381.711 ; gain = 0.000 ; free physical = 480 ; free virtual = 14446
INFO: [Common 17-1381] The checkpoint '/home/zkarim28/Meng/MEng_ZYBO/hdmi_driver/Zybo-Z7-HW/Zybo-Z7-HW.runs/impl_1/design_1_wrapper_routed.dcp' has been generated.
INFO: [Memdata 28-208] The XPM instance: <design_1_i/v_axi4s_vid_out_0/inst/COUPLER_INST/generate_async_fifo.FIFO_INST/XPM_FIFO_ASYNC_INST/gnuram_async_fifo.xpm_fifo_base_inst/gen_sdpram.xpm_memory_base_inst> is part of IP: <design_1_i/v_axi4s_vid_out_0>. This XPM instance will be excluded from the .mmi because updatemem is prohibited from making changes to an XPM that is part of an IP.
INFO: [Memdata 28-167] Found XPM memory block design_1_i/axi_vdma_0/U0/I_PRMRY_DATAMOVER/GEN_S2MM_FULL.I_S2MM_FULL_WRAPPER/GEN_ENABLE_INDET_BTT_SF.I_INDET_BTT/I_XD_FIFO/NON_BLK_MEM.I_SYNC_FIFOGEN_FIFO/xpm_fifo_instance.xpm_fifo_sync_inst/xpm_fifo_base_inst/gen_sdpram.xpm_memory_base_inst with a P_MEMORY_PRIMITIVE property set to auto. A value of block is required. You will not be able to use the updatemem program to update the bitstream with new data for the design_1_i/axi_vdma_0/U0/I_PRMRY_DATAMOVER/GEN_S2MM_FULL.I_S2MM_FULL_WRAPPER/GEN_ENABLE_INDET_BTT_SF.I_INDET_BTT/I_XD_FIFO/NON_BLK_MEM.I_SYNC_FIFOGEN_FIFO/xpm_fifo_instance.xpm_fifo_sync_inst/xpm_fifo_base_inst/gen_sdpram.xpm_memory_base_inst block.
INFO: [Memdata 28-208] The XPM instance: <design_1_i/axi_vdma_0/U0/I_PRMRY_DATAMOVER/GEN_S2MM_FULL.I_S2MM_FULL_WRAPPER/GEN_ENABLE_INDET_BTT_SF.I_INDET_BTT/I_DATA_FIFO/BLK_MEM.I_SYNC_FIFOGEN_FIFO/xpm_fifo_instance.xpm_fifo_sync_inst/xpm_fifo_base_inst/gen_sdpram.xpm_memory_base_inst> is part of IP: <design_1_i/axi_vdma_0>. This XPM instance will be excluded from the .mmi because updatemem is prohibited from making changes to an XPM that is part of an IP.
INFO: [Memdata 28-208] The XPM instance: <design_1_i/axi_vdma_0/U0/I_PRMRY_DATAMOVER/GEN_MM2S_FULL.I_MM2S_FULL_WRAPPER/GEN_INCLUDE_MM2S_SF.I_RD_SF/I_DATA_FIFO/BLK_MEM.I_SYNC_FIFOGEN_FIFO/xpm_fifo_instance.xpm_fifo_sync_inst/xpm_fifo_base_inst/gen_sdpram.xpm_memory_base_inst> is part of IP: <design_1_i/axi_vdma_0>. This XPM instance will be excluded from the .mmi because updatemem is prohibited from making changes to an XPM that is part of an IP.
INFO: [Memdata 28-208] The XPM instance: <design_1_i/axi_vdma_0/U0/GEN_SPRT_FOR_MM2S.MM2S_LINEBUFFER_I/GEN_LINEBUF_NO_SOF.GEN_LINEBUFFER.GEN_SYNC_FIFO.I_LINEBUFFER_FIFO/xpm_fifo_sync_inst/xpm_fifo_base_inst/gen_sdpram.xpm_memory_base_inst> is part of IP: <design_1_i/axi_vdma_0>. This XPM instance will be excluded from the .mmi because updatemem is prohibited from making changes to an XPM that is part of an IP.
Command: write_bitstream -force design_1_wrapper.bit
Attempting to get a license for feature 'Implementation' and/or device 'xc7z010'
INFO: [Common 17-349] Got license for feature 'Implementation' and/or device 'xc7z010'
Running DRC as a precondition to command write_bitstream
INFO: [IP_Flow 19-1839] IP Catalog is up to date.
INFO: [DRC 23-27] Running DRC with 4 threads
WARNING: [DRC DPIP-1] Input pipelining: DSP design_1_i/lorenz_dda_driver_0/inst/solver_i/mult_bz_i/mult_out input design_1_i/lorenz_dda_driver_0/inst/solver_i/mult_bz_i/mult_out/B[17:0] is not pipelined. Pipelining DSP48 input will improve performance.
WARNING: [DRC DPIP-1] Input pipelining: DSP design_1_i/lorenz_dda_driver_0/inst/solver_i/mult_bz_i/mult_out__0 input design_1_i/lorenz_dda_driver_0/inst/solver_i/mult_bz_i/mult_out__0/A[29:0] is not pipelined. Pipelining DSP48 input will improve performance.
WARNING: [DRC DPIP-1] Input pipelining: DSP design_1_i/lorenz_dda_driver_0/inst/solver_i/mult_dx/mult_out input design_1_i/lorenz_dda_driver_0/inst/solver_i/mult_dx/mult_out/A[29:0] is not pipelined. Pipelining DSP48 input will improve performance.
WARNING: [DRC DPIP-1] Input pipelining: DSP design_1_i/lorenz_dda_driver_0/inst/solver_i/mult_dx/mult_out__0 input design_1_i/lorenz_dda_driver_0/inst/solver_i/mult_dx/mult_out__0/B[17:0] is not pipelined. Pipelining DSP48 input will improve performance.
WARNING: [DRC DPIP-1] Input pipelining: DSP design_1_i/lorenz_dda_driver_0/inst/solver_i/mult_dx/mult_out__1 input design_1_i/lorenz_dda_driver_0/inst/solver_i/mult_dx/mult_out__1/B[17:0] is not pipelined. Pipelining DSP48 input will improve performance.
WARNING: [DRC DPIP-1] Input pipelining: DSP design_1_i/lorenz_dda_driver_0/inst/solver_i/mult_xrhoz_i/mult_out input design_1_i/lorenz_dda_driver_0/inst/solver_i/mult_xrhoz_i/mult_out/A[29:0] is not pipelined. Pipelining DSP48 input will improve performance.
WARNING: [DRC DPIP-1] Input pipelining: DSP design_1_i/lorenz_dda_driver_0/inst/solver_i/mult_xrhoz_i/mult_out input design_1_i/lorenz_dda_driver_0/inst/solver_i/mult_xrhoz_i/mult_out/B[17:0] is not pipelined. Pipelining DSP48 input will improve performance.
WARNING: [DRC DPIP-1] Input pipelining: DSP design_1_i/lorenz_dda_driver_0/inst/solver_i/mult_xrhoz_i/mult_out__0 input design_1_i/lorenz_dda_driver_0/inst/solver_i/mult_xrhoz_i/mult_out__0/A[29:0] is not pipelined. Pipelining DSP48 input will improve performance.
WARNING: [DRC DPIP-1] Input pipelining: DSP design_1_i/lorenz_dda_driver_0/inst/solver_i/mult_xrhoz_i/mult_out__0 input design_1_i/lorenz_dda_driver_0/inst/solver_i/mult_xrhoz_i/mult_out__0/B[17:0] is not pipelined. Pipelining DSP48 input will improve performance.
WARNING: [DRC DPIP-1] Input pipelining: DSP design_1_i/lorenz_dda_driver_0/inst/solver_i/mult_xrhoz_i/mult_out__1 input design_1_i/lorenz_dda_driver_0/inst/solver_i/mult_xrhoz_i/mult_out__1/A[29:0] is not pipelined. Pipelining DSP48 input will improve performance.
WARNING: [DRC DPIP-1] Input pipelining: DSP design_1_i/lorenz_dda_driver_0/inst/solver_i/mult_xrhoz_i/mult_out__1 input design_1_i/lorenz_dda_driver_0/inst/solver_i/mult_xrhoz_i/mult_out__1/B[17:0] is not pipelined. Pipelining DSP48 input will improve performance.
WARNING: [DRC DPIP-1] Input pipelining: DSP design_1_i/lorenz_dda_driver_0/inst/solver_i/mult_xy_i/mult_out input design_1_i/lorenz_dda_driver_0/inst/solver_i/mult_xy_i/mult_out/A[29:0] is not pipelined. Pipelining DSP48 input will improve performance.
WARNING: [DRC DPIP-1] Input pipelining: DSP design_1_i/lorenz_dda_driver_0/inst/solver_i/mult_xy_i/mult_out input design_1_i/lorenz_dda_driver_0/inst/solver_i/mult_xy_i/mult_out/B[17:0] is not pipelined. Pipelining DSP48 input will improve performance.
WARNING: [DRC DPIP-1] Input pipelining: DSP design_1_i/lorenz_dda_driver_0/inst/solver_i/mult_xy_i/mult_out__0 input design_1_i/lorenz_dda_driver_0/inst/solver_i/mult_xy_i/mult_out__0/A[29:0] is not pipelined. Pipelining DSP48 input will improve performance.
WARNING: [DRC DPIP-1] Input pipelining: DSP design_1_i/lorenz_dda_driver_0/inst/solver_i/mult_xy_i/mult_out__0 input design_1_i/lorenz_dda_driver_0/inst/solver_i/mult_xy_i/mult_out__0/B[17:0] is not pipelined. Pipelining DSP48 input will improve performance.
WARNING: [DRC DPIP-1] Input pipelining: DSP design_1_i/lorenz_dda_driver_0/inst/solver_i/mult_xy_i/mult_out__1 input design_1_i/lorenz_dda_driver_0/inst/solver_i/mult_xy_i/mult_out__1/A[29:0] is not pipelined. Pipelining DSP48 input will improve performance.
WARNING: [DRC DPIP-1] Input pipelining: DSP design_1_i/lorenz_dda_driver_0/inst/solver_i/mult_xy_i/mult_out__1 input design_1_i/lorenz_dda_driver_0/inst/solver_i/mult_xy_i/mult_out__1/B[17:0] is not pipelined. Pipelining DSP48 input will improve performance.
WARNING: [DRC DPOP-1] PREG Output pipelining: DSP design_1_i/lorenz_dda_driver_0/inst/solver_i/mult_bz_i/mult_out output design_1_i/lorenz_dda_driver_0/inst/solver_i/mult_bz_i/mult_out/P[47:0] is not pipelined (PREG=0). Pipelining the DSP48 output will improve performance and often saves power so it is suggested whenever possible to fully pipeline this function.  If this DSP48 function was inferred, it is suggested to describe an additional register stage after this function.  If the DSP48 was instantiated in the design, it is suggested to set the PREG attribute to 1.
WARNING: [DRC DPOP-1] PREG Output pipelining: DSP design_1_i/lorenz_dda_driver_0/inst/solver_i/mult_bz_i/mult_out__0 output design_1_i/lorenz_dda_driver_0/inst/solver_i/mult_bz_i/mult_out__0/P[47:0] is not pipelined (PREG=0). Pipelining the DSP48 output will improve performance and often saves power so it is suggested whenever possible to fully pipeline this function.  If this DSP48 function was inferred, it is suggested to describe an additional register stage after this function.  If the DSP48 was instantiated in the design, it is suggested to set the PREG attribute to 1.
WARNING: [DRC DPOP-1] PREG Output pipelining: DSP design_1_i/lorenz_dda_driver_0/inst/solver_i/mult_bz_i/mult_out__1 output design_1_i/lorenz_dda_driver_0/inst/solver_i/mult_bz_i/mult_out__1/P[47:0] is not pipelined (PREG=0). Pipelining the DSP48 output will improve performance and often saves power so it is suggested whenever possible to fully pipeline this function.  If this DSP48 function was inferred, it is suggested to describe an additional register stage after this function.  If the DSP48 was instantiated in the design, it is suggested to set the PREG attribute to 1.
WARNING: [DRC DPOP-1] PREG Output pipelining: DSP design_1_i/lorenz_dda_driver_0/inst/solver_i/mult_dx/mult_out output design_1_i/lorenz_dda_driver_0/inst/solver_i/mult_dx/mult_out/P[47:0] is not pipelined (PREG=0). Pipelining the DSP48 output will improve performance and often saves power so it is suggested whenever possible to fully pipeline this function.  If this DSP48 function was inferred, it is suggested to describe an additional register stage after this function.  If the DSP48 was instantiated in the design, it is suggested to set the PREG attribute to 1.
WARNING: [DRC DPOP-1] PREG Output pipelining: DSP design_1_i/lorenz_dda_driver_0/inst/solver_i/mult_dx/mult_out__0 output design_1_i/lorenz_dda_driver_0/inst/solver_i/mult_dx/mult_out__0/P[47:0] is not pipelined (PREG=0). Pipelining the DSP48 output will improve performance and often saves power so it is suggested whenever possible to fully pipeline this function.  If this DSP48 function was inferred, it is suggested to describe an additional register stage after this function.  If the DSP48 was instantiated in the design, it is suggested to set the PREG attribute to 1.
WARNING: [DRC DPOP-1] PREG Output pipelining: DSP design_1_i/lorenz_dda_driver_0/inst/solver_i/mult_dx/mult_out__1 output design_1_i/lorenz_dda_driver_0/inst/solver_i/mult_dx/mult_out__1/P[47:0] is not pipelined (PREG=0). Pipelining the DSP48 output will improve performance and often saves power so it is suggested whenever possible to fully pipeline this function.  If this DSP48 function was inferred, it is suggested to describe an additional register stage after this function.  If the DSP48 was instantiated in the design, it is suggested to set the PREG attribute to 1.
WARNING: [DRC DPOP-1] PREG Output pipelining: DSP design_1_i/lorenz_dda_driver_0/inst/solver_i/mult_xrhoz_i/mult_out output design_1_i/lorenz_dda_driver_0/inst/solver_i/mult_xrhoz_i/mult_out/P[47:0] is not pipelined (PREG=0). Pipelining the DSP48 output will improve performance and often saves power so it is suggested whenever possible to fully pipeline this function.  If this DSP48 function was inferred, it is suggested to describe an additional register stage after this function.  If the DSP48 was instantiated in the design, it is suggested to set the PREG attribute to 1.
WARNING: [DRC DPOP-1] PREG Output pipelining: DSP design_1_i/lorenz_dda_driver_0/inst/solver_i/mult_xrhoz_i/mult_out__0 output design_1_i/lorenz_dda_driver_0/inst/solver_i/mult_xrhoz_i/mult_out__0/P[47:0] is not pipelined (PREG=0). Pipelining the DSP48 output will improve performance and often saves power so it is suggested whenever possible to fully pipeline this function.  If this DSP48 function was inferred, it is suggested to describe an additional register stage after this function.  If the DSP48 was instantiated in the design, it is suggested to set the PREG attribute to 1.
WARNING: [DRC DPOP-1] PREG Output pipelining: DSP design_1_i/lorenz_dda_driver_0/inst/solver_i/mult_xrhoz_i/mult_out__1 output design_1_i/lorenz_dda_driver_0/inst/solver_i/mult_xrhoz_i/mult_out__1/P[47:0] is not pipelined (PREG=0). Pipelining the DSP48 output will improve performance and often saves power so it is suggested whenever possible to fully pipeline this function.  If this DSP48 function was inferred, it is suggested to describe an additional register stage after this function.  If the DSP48 was instantiated in the design, it is suggested to set the PREG attribute to 1.
WARNING: [DRC DPOP-1] PREG Output pipelining: DSP design_1_i/lorenz_dda_driver_0/inst/solver_i/mult_xy_i/mult_out output design_1_i/lorenz_dda_driver_0/inst/solver_i/mult_xy_i/mult_out/P[47:0] is not pipelined (PREG=0). Pipelining the DSP48 output will improve performance and often saves power so it is suggested whenever possible to fully pipeline this function.  If this DSP48 function was inferred, it is suggested to describe an additional register stage after this function.  If the DSP48 was instantiated in the design, it is suggested to set the PREG attribute to 1.
WARNING: [DRC DPOP-1] PREG Output pipelining: DSP design_1_i/lorenz_dda_driver_0/inst/solver_i/mult_xy_i/mult_out__0 output design_1_i/lorenz_dda_driver_0/inst/solver_i/mult_xy_i/mult_out__0/P[47:0] is not pipelined (PREG=0). Pipelining the DSP48 output will improve performance and often saves power so it is suggested whenever possible to fully pipeline this function.  If this DSP48 function was inferred, it is suggested to describe an additional register stage after this function.  If the DSP48 was instantiated in the design, it is suggested to set the PREG attribute to 1.
WARNING: [DRC DPOP-1] PREG Output pipelining: DSP design_1_i/lorenz_dda_driver_0/inst/solver_i/mult_xy_i/mult_out__1 output design_1_i/lorenz_dda_driver_0/inst/solver_i/mult_xy_i/mult_out__1/P[47:0] is not pipelined (PREG=0). Pipelining the DSP48 output will improve performance and often saves power so it is suggested whenever possible to fully pipeline this function.  If this DSP48 function was inferred, it is suggested to describe an additional register stage after this function.  If the DSP48 was instantiated in the design, it is suggested to set the PREG attribute to 1.
WARNING: [DRC DPOP-2] MREG Output pipelining: DSP design_1_i/lorenz_dda_driver_0/inst/solver_i/mult_bz_i/mult_out multiplier stage design_1_i/lorenz_dda_driver_0/inst/solver_i/mult_bz_i/mult_out/P[47:0] is not pipelined (MREG=0). Pipelining the multiplier function will improve performance and will save significant power so it is suggested whenever possible to fully pipeline this function.  If this multiplier was inferred, it is suggested to describe an additional register stage after this function.  If there is no registered adder/accumulator following the multiply function, two pipeline stages are suggested to allow both the MREG and PREG registers to be used.  If the DSP48 was instantiated in the design, it is suggested to set both the MREG and PREG attributes to 1 when performing multiply functions.
WARNING: [DRC DPOP-2] MREG Output pipelining: DSP design_1_i/lorenz_dda_driver_0/inst/solver_i/mult_bz_i/mult_out__0 multiplier stage design_1_i/lorenz_dda_driver_0/inst/solver_i/mult_bz_i/mult_out__0/P[47:0] is not pipelined (MREG=0). Pipelining the multiplier function will improve performance and will save significant power so it is suggested whenever possible to fully pipeline this function.  If this multiplier was inferred, it is suggested to describe an additional register stage after this function.  If there is no registered adder/accumulator following the multiply function, two pipeline stages are suggested to allow both the MREG and PREG registers to be used.  If the DSP48 was instantiated in the design, it is suggested to set both the MREG and PREG attributes to 1 when performing multiply functions.
WARNING: [DRC DPOP-2] MREG Output pipelining: DSP design_1_i/lorenz_dda_driver_0/inst/solver_i/mult_bz_i/mult_out__1 multiplier stage design_1_i/lorenz_dda_driver_0/inst/solver_i/mult_bz_i/mult_out__1/P[47:0] is not pipelined (MREG=0). Pipelining the multiplier function will improve performance and will save significant power so it is suggested whenever possible to fully pipeline this function.  If this multiplier was inferred, it is suggested to describe an additional register stage after this function.  If there is no registered adder/accumulator following the multiply function, two pipeline stages are suggested to allow both the MREG and PREG registers to be used.  If the DSP48 was instantiated in the design, it is suggested to set both the MREG and PREG attributes to 1 when performing multiply functions.
WARNING: [DRC DPOP-2] MREG Output pipelining: DSP design_1_i/lorenz_dda_driver_0/inst/solver_i/mult_dx/mult_out multiplier stage design_1_i/lorenz_dda_driver_0/inst/solver_i/mult_dx/mult_out/P[47:0] is not pipelined (MREG=0). Pipelining the multiplier function will improve performance and will save significant power so it is suggested whenever possible to fully pipeline this function.  If this multiplier was inferred, it is suggested to describe an additional register stage after this function.  If there is no registered adder/accumulator following the multiply function, two pipeline stages are suggested to allow both the MREG and PREG registers to be used.  If the DSP48 was instantiated in the design, it is suggested to set both the MREG and PREG attributes to 1 when performing multiply functions.
WARNING: [DRC DPOP-2] MREG Output pipelining: DSP design_1_i/lorenz_dda_driver_0/inst/solver_i/mult_dx/mult_out__0 multiplier stage design_1_i/lorenz_dda_driver_0/inst/solver_i/mult_dx/mult_out__0/P[47:0] is not pipelined (MREG=0). Pipelining the multiplier function will improve performance and will save significant power so it is suggested whenever possible to fully pipeline this function.  If this multiplier was inferred, it is suggested to describe an additional register stage after this function.  If there is no registered adder/accumulator following the multiply function, two pipeline stages are suggested to allow both the MREG and PREG registers to be used.  If the DSP48 was instantiated in the design, it is suggested to set both the MREG and PREG attributes to 1 when performing multiply functions.
WARNING: [DRC DPOP-2] MREG Output pipelining: DSP design_1_i/lorenz_dda_driver_0/inst/solver_i/mult_dx/mult_out__1 multiplier stage design_1_i/lorenz_dda_driver_0/inst/solver_i/mult_dx/mult_out__1/P[47:0] is not pipelined (MREG=0). Pipelining the multiplier function will improve performance and will save significant power so it is suggested whenever possible to fully pipeline this function.  If this multiplier was inferred, it is suggested to describe an additional register stage after this function.  If there is no registered adder/accumulator following the multiply function, two pipeline stages are suggested to allow both the MREG and PREG registers to be used.  If the DSP48 was instantiated in the design, it is suggested to set both the MREG and PREG attributes to 1 when performing multiply functions.
WARNING: [DRC DPOP-2] MREG Output pipelining: DSP design_1_i/lorenz_dda_driver_0/inst/solver_i/mult_xrhoz_i/mult_out multiplier stage design_1_i/lorenz_dda_driver_0/inst/solver_i/mult_xrhoz_i/mult_out/P[47:0] is not pipelined (MREG=0). Pipelining the multiplier function will improve performance and will save significant power so it is suggested whenever possible to fully pipeline this function.  If this multiplier was inferred, it is suggested to describe an additional register stage after this function.  If there is no registered adder/accumulator following the multiply function, two pipeline stages are suggested to allow both the MREG and PREG registers to be used.  If the DSP48 was instantiated in the design, it is suggested to set both the MREG and PREG attributes to 1 when performing multiply functions.
WARNING: [DRC DPOP-2] MREG Output pipelining: DSP design_1_i/lorenz_dda_driver_0/inst/solver_i/mult_xrhoz_i/mult_out__0 multiplier stage design_1_i/lorenz_dda_driver_0/inst/solver_i/mult_xrhoz_i/mult_out__0/P[47:0] is not pipelined (MREG=0). Pipelining the multiplier function will improve performance and will save significant power so it is suggested whenever possible to fully pipeline this function.  If this multiplier was inferred, it is suggested to describe an additional register stage after this function.  If there is no registered adder/accumulator following the multiply function, two pipeline stages are suggested to allow both the MREG and PREG registers to be used.  If the DSP48 was instantiated in the design, it is suggested to set both the MREG and PREG attributes to 1 when performing multiply functions.
WARNING: [DRC DPOP-2] MREG Output pipelining: DSP design_1_i/lorenz_dda_driver_0/inst/solver_i/mult_xrhoz_i/mult_out__1 multiplier stage design_1_i/lorenz_dda_driver_0/inst/solver_i/mult_xrhoz_i/mult_out__1/P[47:0] is not pipelined (MREG=0). Pipelining the multiplier function will improve performance and will save significant power so it is suggested whenever possible to fully pipeline this function.  If this multiplier was inferred, it is suggested to describe an additional register stage after this function.  If there is no registered adder/accumulator following the multiply function, two pipeline stages are suggested to allow both the MREG and PREG registers to be used.  If the DSP48 was instantiated in the design, it is suggested to set both the MREG and PREG attributes to 1 when performing multiply functions.
WARNING: [DRC DPOP-2] MREG Output pipelining: DSP design_1_i/lorenz_dda_driver_0/inst/solver_i/mult_xy_i/mult_out multiplier stage design_1_i/lorenz_dda_driver_0/inst/solver_i/mult_xy_i/mult_out/P[47:0] is not pipelined (MREG=0). Pipelining the multiplier function will improve performance and will save significant power so it is suggested whenever possible to fully pipeline this function.  If this multiplier was inferred, it is suggested to describe an additional register stage after this function.  If there is no registered adder/accumulator following the multiply function, two pipeline stages are suggested to allow both the MREG and PREG registers to be used.  If the DSP48 was instantiated in the design, it is suggested to set both the MREG and PREG attributes to 1 when performing multiply functions.
WARNING: [DRC DPOP-2] MREG Output pipelining: DSP design_1_i/lorenz_dda_driver_0/inst/solver_i/mult_xy_i/mult_out__0 multiplier stage design_1_i/lorenz_dda_driver_0/inst/solver_i/mult_xy_i/mult_out__0/P[47:0] is not pipelined (MREG=0). Pipelining the multiplier function will improve performance and will save significant power so it is suggested whenever possible to fully pipeline this function.  If this multiplier was inferred, it is suggested to describe an additional register stage after this function.  If there is no registered adder/accumulator following the multiply function, two pipeline stages are suggested to allow both the MREG and PREG registers to be used.  If the DSP48 was instantiated in the design, it is suggested to set both the MREG and PREG attributes to 1 when performing multiply functions.
WARNING: [DRC DPOP-2] MREG Output pipelining: DSP design_1_i/lorenz_dda_driver_0/inst/solver_i/mult_xy_i/mult_out__1 multiplier stage design_1_i/lorenz_dda_driver_0/inst/solver_i/mult_xy_i/mult_out__1/P[47:0] is not pipelined (MREG=0). Pipelining the multiplier function will improve performance and will save significant power so it is suggested whenever possible to fully pipeline this function.  If this multiplier was inferred, it is suggested to describe an additional register stage after this function.  If there is no registered adder/accumulator following the multiply function, two pipeline stages are suggested to allow both the MREG and PREG registers to be used.  If the DSP48 was instantiated in the design, it is suggested to set both the MREG and PREG attributes to 1 when performing multiply functions.
WARNING: [DRC PDCN-1569] LUT equation term check: Used physical LUT pin 'A1' of cell design_1_i/axi_interconnect_hp0/m00_couplers/auto_pc/inst/gen_axi4_axi3.axi3_conv_inst/USE_WRITE.write_addr_inst/USE_BURSTS.cmd_queue/inst/fifo_gen_inst/inst_fifo_gen/gconvfifo.rf/grf.rf/gntv_or_sync_fifo.gl0.rd/gr1.gr1_int.rfwft/gpregsm1.user_valid_i_1 (pin design_1_i/axi_interconnect_hp0/m00_couplers/auto_pc/inst/gen_axi4_axi3.axi3_conv_inst/USE_WRITE.write_addr_inst/USE_BURSTS.cmd_queue/inst/fifo_gen_inst/inst_fifo_gen/gconvfifo.rf/grf.rf/gntv_or_sync_fifo.gl0.rd/gr1.gr1_int.rfwft/gpregsm1.user_valid_i_1/I1) is not included in the LUT equation: 'O6=(A2)+((~A2)*(~A5)*A3)'. If this cell is a user instantiated LUT in the design, please remove connectivity to the pin or change the equation and/or INIT string of the LUT to prevent this issue. If the cell is inferred or IP created LUT, please regenerate the IP and/or resynthesize the design to attempt to correct the issue.
WARNING: [DRC PDCN-1569] LUT equation term check: Used physical LUT pin 'A2' of cell design_1_i/axi_interconnect_hp0/m00_couplers/auto_pc/inst/gen_axi4_axi3.axi3_conv_inst/USE_READ.USE_SPLIT_R.read_addr_inst/USE_R_CHANNEL.cmd_queue/inst/fifo_gen_inst/inst_fifo_gen/gconvfifo.rf/grf.rf/gntv_or_sync_fifo.gl0.rd/gr1.gr1_int.rfwft/gpregsm1.user_valid_i_1 (pin design_1_i/axi_interconnect_hp0/m00_couplers/auto_pc/inst/gen_axi4_axi3.axi3_conv_inst/USE_READ.USE_SPLIT_R.read_addr_inst/USE_R_CHANNEL.cmd_queue/inst/fifo_gen_inst/inst_fifo_gen/gconvfifo.rf/grf.rf/gntv_or_sync_fifo.gl0.rd/gr1.gr1_int.rfwft/gpregsm1.user_valid_i_1/I1) is not included in the LUT equation: 'O6=(A5)+((~A5)*(~A6)*A3)'. If this cell is a user instantiated LUT in the design, please remove connectivity to the pin or change the equation and/or INIT string of the LUT to prevent this issue. If the cell is inferred or IP created LUT, please regenerate the IP and/or resynthesize the design to attempt to correct the issue.
WARNING: [DRC PDCN-1569] LUT equation term check: Used physical LUT pin 'A2' of cell design_1_i/axi_interconnect_hp0/m00_couplers/auto_pc/inst/gen_axi4_axi3.axi3_conv_inst/USE_WRITE.write_addr_inst/USE_B_CHANNEL.cmd_b_queue/inst/fifo_gen_inst/inst_fifo_gen/gconvfifo.rf/grf.rf/gntv_or_sync_fifo.gl0.rd/gr1.gr1_int.rfwft/gpregsm1.user_valid_i_1 (pin design_1_i/axi_interconnect_hp0/m00_couplers/auto_pc/inst/gen_axi4_axi3.axi3_conv_inst/USE_WRITE.write_addr_inst/USE_B_CHANNEL.cmd_b_queue/inst/fifo_gen_inst/inst_fifo_gen/gconvfifo.rf/grf.rf/gntv_or_sync_fifo.gl0.rd/gr1.gr1_int.rfwft/gpregsm1.user_valid_i_1/I1) is not included in the LUT equation: 'O6=(A1)+((~A1)*(~A6)*A4)'. If this cell is a user instantiated LUT in the design, please remove connectivity to the pin or change the equation and/or INIT string of the LUT to prevent this issue. If the cell is inferred or IP created LUT, please regenerate the IP and/or resynthesize the design to attempt to correct the issue.
WARNING: [DRC RTSTAT-10] No routable loads: 33 net(s) have no routable loads. The problem bus(es) and/or net(s) are design_1_i/axi_interconnect_hp0/m00_couplers/auto_pc/inst/gen_axi4_axi3.axi3_conv_inst/USE_READ.USE_SPLIT_R.read_addr_inst/USE_R_CHANNEL.cmd_queue/inst/fifo_gen_inst/inst_fifo_gen/gconvfifo.rf/grf.rf/gntv_or_sync_fifo.gl0.rd/gr1.gr1_int.rfwft/aempty_fwft_i, design_1_i/axi_interconnect_hp0/m00_couplers/auto_pc/inst/gen_axi4_axi3.axi3_conv_inst/USE_WRITE.write_addr_inst/USE_BURSTS.cmd_queue/inst/fifo_gen_inst/inst_fifo_gen/gconvfifo.rf/grf.rf/gntv_or_sync_fifo.gl0.rd/gr1.gr1_int.rfwft/aempty_fwft_i, design_1_i/axi_interconnect_hp0/m00_couplers/auto_pc/inst/gen_axi4_axi3.axi3_conv_inst/USE_WRITE.write_addr_inst/USE_B_CHANNEL.cmd_b_queue/inst/fifo_gen_inst/inst_fifo_gen/gconvfifo.rf/grf.rf/gntv_or_sync_fifo.gl0.rd/gr1.gr1_int.rfwft/aempty_fwft_i, design_1_i/axi_interconnect_hp0/m00_couplers/auto_pc/inst/gen_axi4_axi3.axi3_conv_inst/USE_WRITE.write_addr_inst/USE_BURSTS.cmd_queue/inst/fifo_gen_inst/inst_fifo_gen/gconvfifo.rf/grf.rf/rstblk/ngwrdrst.grst.rd_rst_reg[2:0], design_1_i/axi_interconnect_hp0/m00_couplers/auto_pc/inst/gen_axi4_axi3.axi3_conv_inst/USE_WRITE.write_addr_inst/USE_B_CHANNEL.cmd_b_queue/inst/fifo_gen_inst/inst_fifo_gen/gconvfifo.rf/grf.rf/rstblk/ngwrdrst.grst.rd_rst_reg[2:0], design_1_i/axi_interconnect_hp0/m00_couplers/auto_pc/inst/gen_axi4_axi3.axi3_conv_inst/USE_READ.USE_SPLIT_R.read_addr_inst/USE_R_CHANNEL.cmd_queue/inst/fifo_gen_inst/inst_fifo_gen/gconvfifo.rf/grf.rf/rstblk/ngwrdrst.grst.rd_rst_reg[2:0], design_1_i/axi_interconnect_hp0/m00_couplers/auto_pc/inst/gen_axi4_axi3.axi3_conv_inst/USE_READ.USE_SPLIT_R.read_addr_inst/USE_R_CHANNEL.cmd_queue/inst/fifo_gen_inst/inst_fifo_gen/gconvfifo.rf/grf.rf/rstblk/ngwrdrst.grst.wr_rst_reg[2:0], design_1_i/axi_interconnect_hp0/m00_couplers/auto_pc/inst/gen_axi4_axi3.axi3_conv_inst/USE_WRITE.write_addr_inst/USE_B_CHANNEL.cmd_b_queue/inst/fifo_gen_inst/inst_fifo_gen/gconvfifo.rf/grf.rf/rstblk/ngwrdrst.grst.wr_rst_reg[2:0], design_1_i/axi_interconnect_hp0/m00_couplers/auto_pc/inst/gen_axi4_axi3.axi3_conv_inst/USE_WRITE.write_addr_inst/USE_BURSTS.cmd_queue/inst/fifo_gen_inst/inst_fifo_gen/gconvfifo.rf/grf.rf/rstblk/ngwrdrst.grst.wr_rst_reg[2:0], design_1_i/axi_interconnect_hp0/m00_couplers/auto_pc/inst/gen_axi4_axi3.axi3_conv_inst/USE_WRITE.write_addr_inst/USE_B_CHANNEL.cmd_b_queue/inst/fifo_gen_inst/inst_fifo_gen/gconvfifo.rf/grf.rf/gntv_or_sync_fifo.gl0.wr/gwss.wsts/ram_afull_fb, design_1_i/axi_interconnect_hp0/m00_couplers/auto_pc/inst/gen_axi4_axi3.axi3_conv_inst/USE_READ.USE_SPLIT_R.read_addr_inst/USE_R_CHANNEL.cmd_queue/inst/fifo_gen_inst/inst_fifo_gen/gconvfifo.rf/grf.rf/gntv_or_sync_fifo.gl0.wr/gwss.wsts/ram_afull_fb, design_1_i/axi_interconnect_hp0/m00_couplers/auto_pc/inst/gen_axi4_axi3.axi3_conv_inst/USE_WRITE.write_addr_inst/USE_BURSTS.cmd_queue/inst/fifo_gen_inst/inst_fifo_gen/gconvfifo.rf/grf.rf/gntv_or_sync_fifo.gl0.wr/gwss.wsts/ram_afull_fb, design_1_i/axi_interconnect_hp0/m00_couplers/auto_pc/inst/gen_axi4_axi3.axi3_conv_inst/USE_WRITE.write_addr_inst/USE_B_CHANNEL.cmd_b_queue/inst/fifo_gen_inst/inst_fifo_gen/gconvfifo.rf/grf.rf/gntv_or_sync_fifo.gl0.wr/gwss.wsts/ram_afull_i, design_1_i/axi_interconnect_hp0/m00_couplers/auto_pc/inst/gen_axi4_axi3.axi3_conv_inst/USE_WRITE.write_addr_inst/USE_BURSTS.cmd_queue/inst/fifo_gen_inst/inst_fifo_gen/gconvfifo.rf/grf.rf/gntv_or_sync_fifo.gl0.wr/gwss.wsts/ram_afull_i, design_1_i/axi_interconnect_hp0/m00_couplers/auto_pc/inst/gen_axi4_axi3.axi3_conv_inst/USE_READ.USE_SPLIT_R.read_addr_inst/USE_R_CHANNEL.cmd_queue/inst/fifo_gen_inst/inst_fifo_gen/gconvfifo.rf/grf.rf/gntv_or_sync_fifo.gl0.wr/gwss.wsts/ram_afull_i... and (the first 15 of 21 listed).
INFO: [DRC REQP-165] writefirst: Synchronous clocking is detected for BRAM (design_1_i/axi_vdma_0/U0/I_PRMRY_DATAMOVER/GEN_MM2S_FULL.I_MM2S_FULL_WRAPPER/GEN_INCLUDE_MM2S_SF.I_RD_SF/I_DATA_FIFO/BLK_MEM.I_SYNC_FIFOGEN_FIFO/xpm_fifo_instance.xpm_fifo_sync_inst/xpm_fifo_base_inst/gen_sdpram.xpm_memory_base_inst/gen_wr_a.gen_word_narrow.mem_reg_1) in SDP mode with WRITE_FIRST write-mode. This is the preferred mode for best power characteristics, however it may exhibit address collisions if the same address appears on both read and write ports resulting in unknown or corrupted read data. It is suggested to confirm via simulation that an address collision never occurs and if so it is suggested to try and avoid this situation. If address collisions cannot be avoided, the write-mode may be set to READ_FIRST which guarantees that the read data is the prior contents of the memory at the cost of additional power in the design. See the FPGA Memory Resources User Guide for additional information.
INFO: [DRC REQP-165] writefirst: Synchronous clocking is detected for BRAM (design_1_i/axi_vdma_0/U0/I_PRMRY_DATAMOVER/GEN_S2MM_FULL.I_S2MM_FULL_WRAPPER/GEN_ENABLE_INDET_BTT_SF.I_INDET_BTT/I_DATA_FIFO/BLK_MEM.I_SYNC_FIFOGEN_FIFO/xpm_fifo_instance.xpm_fifo_sync_inst/xpm_fifo_base_inst/gen_sdpram.xpm_memory_base_inst/gen_wr_a.gen_word_narrow.mem_reg_1) in SDP mode with WRITE_FIRST write-mode. This is the preferred mode for best power characteristics, however it may exhibit address collisions if the same address appears on both read and write ports resulting in unknown or corrupted read data. It is suggested to confirm via simulation that an address collision never occurs and if so it is suggested to try and avoid this situation. If address collisions cannot be avoided, the write-mode may be set to READ_FIRST which guarantees that the read data is the prior contents of the memory at the cost of additional power in the design. See the FPGA Memory Resources User Guide for additional information.
INFO: [DRC REQP-181] writefirst: Synchronous clocking is detected for BRAM (design_1_i/axi_vdma_0/U0/I_PRMRY_DATAMOVER/GEN_MM2S_FULL.I_MM2S_FULL_WRAPPER/GEN_INCLUDE_MM2S_SF.I_RD_SF/I_DATA_FIFO/BLK_MEM.I_SYNC_FIFOGEN_FIFO/xpm_fifo_instance.xpm_fifo_sync_inst/xpm_fifo_base_inst/gen_sdpram.xpm_memory_base_inst/gen_wr_a.gen_word_narrow.mem_reg_0) in SDP mode with WRITE_FIRST write-mode. This is the preferred mode for best power characteristics, however it may exhibit address collisions if the same address appears on both read and write ports resulting in unknown or corrupted read data. It is suggested to confirm via simulation that an address collision never occurs and if so it is suggested to try and avoid this situation. If address collisions cannot be avoided, the write-mode may be set to READ_FIRST which guarantees that the read data is the prior contents of the memory at the cost of additional power in the design. See the FPGA Memory Resources User Guide for additional information.
INFO: [DRC REQP-181] writefirst: Synchronous clocking is detected for BRAM (design_1_i/axi_vdma_0/U0/I_PRMRY_DATAMOVER/GEN_S2MM_FULL.I_S2MM_FULL_WRAPPER/GEN_ENABLE_INDET_BTT_SF.I_INDET_BTT/I_DATA_FIFO/BLK_MEM.I_SYNC_FIFOGEN_FIFO/xpm_fifo_instance.xpm_fifo_sync_inst/xpm_fifo_base_inst/gen_sdpram.xpm_memory_base_inst/gen_wr_a.gen_word_narrow.mem_reg_0) in SDP mode with WRITE_FIRST write-mode. This is the preferred mode for best power characteristics, however it may exhibit address collisions if the same address appears on both read and write ports resulting in unknown or corrupted read data. It is suggested to confirm via simulation that an address collision never occurs and if so it is suggested to try and avoid this situation. If address collisions cannot be avoided, the write-mode may be set to READ_FIRST which guarantees that the read data is the prior contents of the memory at the cost of additional power in the design. See the FPGA Memory Resources User Guide for additional information.
INFO: [Vivado 12-3199] DRC finished with 0 Errors, 45 Warnings, 4 Advisories
INFO: [Vivado 12-3200] Please refer to the DRC report (report_drc) for more information.
INFO: [Designutils 20-2272] Running write_bitstream with 4 threads.
Loading data files...
Loading site data...
Loading route data...
Processing options...
Creating bitmap...
Creating bitstream...
Writing bitstream ./design_1_wrapper.bit...
INFO: [Vivado 12-1842] Bitgen Completed Successfully.
INFO: [Project 1-1876] WebTalk data collection is mandatory when using a ULT device. To see the specific WebTalk data collected for your design, open the usage_statistics_webtalk.html or usage_statistics_webtalk.xml file in the implementation directory.
INFO: [Common 17-83] Releasing license: Implementation
590 Infos, 106 Warnings, 1 Critical Warnings and 0 Errors encountered.
write_bitstream completed successfully
write_bitstream: Time (s): cpu = 00:00:29 ; elapsed = 00:00:24 . Memory (MB): peak = 3691.488 ; gain = 309.777 ; free physical = 384 ; free virtual = 14119
INFO: [Common 17-206] Exiting Vivado at Fri Sep 18 00:08:56 2026...
