Copyright 1986-2022 Xilinx, Inc. All Rights Reserved. Copyright 2022-2024 Advanced Micro Devices, Inc. All Rights Reserved.
--------------------------------------------------------------------------------------------------------------------------------------------------------------------------------------
| Tool Version : Vivado v.2024.1 (lin64) Build 5076996 Wed May 22 18:36:09 MDT 2024
| Date         : Sat Sep 19 17:09:40 2026
| Host         : dhcp-vl2042-15607.redrover.cornell.edu running 64-bit unknown
| Command      : report_methodology -file design_1_wrapper_methodology_drc_routed.rpt -pb design_1_wrapper_methodology_drc_routed.pb -rpx design_1_wrapper_methodology_drc_routed.rpx
| Design       : design_1_wrapper
| Device       : xc7z010clg400-1
| Speed File   : -1
| Design State : Fully Routed
--------------------------------------------------------------------------------------------------------------------------------------------------------------------------------------

Report Methodology

Table of Contents
-----------------
1. REPORT SUMMARY
2. REPORT DETAILS

1. REPORT SUMMARY
-----------------
            Netlist: netlist
          Floorplan: design_1
      Design limits: <entire design considered>
             Max violations: <unlimited>
             Violations found: 228
+-----------+----------+---------------------------------------------+------------+
| Rule      | Severity | Description                                 | Violations |
+-----------+----------+---------------------------------------------+------------+
| LUTAR-1   | Warning  | LUT drives async reset alert                | 3          |
| TIMING-9  | Warning  | Unknown CDC Logic                           | 1          |
| TIMING-16 | Warning  | Large setup violation                       | 217        |
| TIMING-18 | Warning  | Missing input or output delay               | 4          |
| ULMTCS-1  | Warning  | Control Sets use limits recommend reduction | 1          |
| XDCB-5    | Warning  | Runtime inefficient way to find pin objects | 2          |
+-----------+----------+---------------------------------------------+------------+

2. REPORT DETAILS
-----------------
LUTAR-1#1 Warning
LUT drives async reset alert  
LUT cell design_1_i/axi_interconnect_hp0/m00_couplers/auto_pc/inst/gen_axi4_axi3.axi3_conv_inst/USE_READ.USE_SPLIT_R.read_addr_inst/USE_R_CHANNEL.cmd_queue/inst/fifo_gen_inst/inst_fifo_gen/gconvfifo.rf/grf.rf/rstblk/gpregsm1.curr_fwft_state[1]_i_2, with 2 or more inputs, drives asynchronous preset/clear pin(s) design_1_i/axi_interconnect_hp0/m00_couplers/auto_pc/inst/gen_axi4_axi3.axi3_conv_inst/USE_READ.USE_SPLIT_R.read_addr_inst/USE_R_CHANNEL.cmd_queue/inst/fifo_gen_inst/inst_fifo_gen/gconvfifo.rf/grf.rf/gntv_or_sync_fifo.gl0.rd/rpntr/gc0.count_reg[2]/CLR,
design_1_i/axi_interconnect_hp0/m00_couplers/auto_pc/inst/gen_axi4_axi3.axi3_conv_inst/USE_READ.USE_SPLIT_R.read_addr_inst/USE_R_CHANNEL.cmd_queue/inst/fifo_gen_inst/inst_fifo_gen/gconvfifo.rf/grf.rf/gntv_or_sync_fifo.gl0.rd/rpntr/gc0.count_reg[3]/CLR,
design_1_i/axi_interconnect_hp0/m00_couplers/auto_pc/inst/gen_axi4_axi3.axi3_conv_inst/USE_READ.USE_SPLIT_R.read_addr_inst/USE_R_CHANNEL.cmd_queue/inst/fifo_gen_inst/inst_fifo_gen/gconvfifo.rf/grf.rf/gntv_or_sync_fifo.gl0.rd/rpntr/gc0.count_reg[4]/CLR,
design_1_i/axi_interconnect_hp0/m00_couplers/auto_pc/inst/gen_axi4_axi3.axi3_conv_inst/USE_READ.USE_SPLIT_R.read_addr_inst/USE_R_CHANNEL.cmd_queue/inst/fifo_gen_inst/inst_fifo_gen/gconvfifo.rf/grf.rf/gntv_or_sync_fifo.gl0.wr/gwss.wsts/ram_full_fb_i_reg/CLR,
design_1_i/axi_interconnect_hp0/m00_couplers/auto_pc/inst/gen_axi4_axi3.axi3_conv_inst/USE_READ.USE_SPLIT_R.read_addr_inst/USE_R_CHANNEL.cmd_queue/inst/fifo_gen_inst/inst_fifo_gen/gconvfifo.rf/grf.rf/gntv_or_sync_fifo.gl0.wr/gwss.wsts/ram_full_i_reg/CLR,
design_1_i/axi_interconnect_hp0/m00_couplers/auto_pc/inst/gen_axi4_axi3.axi3_conv_inst/USE_READ.USE_SPLIT_R.read_addr_inst/USE_R_CHANNEL.cmd_queue/inst/fifo_gen_inst/inst_fifo_gen/gconvfifo.rf/grf.rf/gntv_or_sync_fifo.gl0.wr/wpntr/gcc0.gc0.count_d1_reg[0]/CLR,
design_1_i/axi_interconnect_hp0/m00_couplers/auto_pc/inst/gen_axi4_axi3.axi3_conv_inst/USE_READ.USE_SPLIT_R.read_addr_inst/USE_R_CHANNEL.cmd_queue/inst/fifo_gen_inst/inst_fifo_gen/gconvfifo.rf/grf.rf/gntv_or_sync_fifo.gl0.wr/wpntr/gcc0.gc0.count_d1_reg[1]/CLR,
design_1_i/axi_interconnect_hp0/m00_couplers/auto_pc/inst/gen_axi4_axi3.axi3_conv_inst/USE_READ.USE_SPLIT_R.read_addr_inst/USE_R_CHANNEL.cmd_queue/inst/fifo_gen_inst/inst_fifo_gen/gconvfifo.rf/grf.rf/gntv_or_sync_fifo.gl0.wr/wpntr/gcc0.gc0.count_d1_reg[2]/CLR,
design_1_i/axi_interconnect_hp0/m00_couplers/auto_pc/inst/gen_axi4_axi3.axi3_conv_inst/USE_READ.USE_SPLIT_R.read_addr_inst/USE_R_CHANNEL.cmd_queue/inst/fifo_gen_inst/inst_fifo_gen/gconvfifo.rf/grf.rf/gntv_or_sync_fifo.gl0.wr/wpntr/gcc0.gc0.count_d1_reg[3]/CLR,
design_1_i/axi_interconnect_hp0/m00_couplers/auto_pc/inst/gen_axi4_axi3.axi3_conv_inst/USE_READ.USE_SPLIT_R.read_addr_inst/USE_R_CHANNEL.cmd_queue/inst/fifo_gen_inst/inst_fifo_gen/gconvfifo.rf/grf.rf/gntv_or_sync_fifo.gl0.wr/wpntr/gcc0.gc0.count_d1_reg[4]/CLR,
design_1_i/axi_interconnect_hp0/m00_couplers/auto_pc/inst/gen_axi4_axi3.axi3_conv_inst/USE_READ.USE_SPLIT_R.read_addr_inst/USE_R_CHANNEL.cmd_queue/inst/fifo_gen_inst/inst_fifo_gen/gconvfifo.rf/grf.rf/gntv_or_sync_fifo.gl0.wr/wpntr/gcc0.gc0.count_reg[0]/PRE,
design_1_i/axi_interconnect_hp0/m00_couplers/auto_pc/inst/gen_axi4_axi3.axi3_conv_inst/USE_READ.USE_SPLIT_R.read_addr_inst/USE_R_CHANNEL.cmd_queue/inst/fifo_gen_inst/inst_fifo_gen/gconvfifo.rf/grf.rf/gntv_or_sync_fifo.gl0.wr/wpntr/gcc0.gc0.count_reg[1]/CLR,
design_1_i/axi_interconnect_hp0/m00_couplers/auto_pc/inst/gen_axi4_axi3.axi3_conv_inst/USE_READ.USE_SPLIT_R.read_addr_inst/USE_R_CHANNEL.cmd_queue/inst/fifo_gen_inst/inst_fifo_gen/gconvfifo.rf/grf.rf/gntv_or_sync_fifo.gl0.wr/wpntr/gcc0.gc0.count_reg[2]/CLR,
design_1_i/axi_interconnect_hp0/m00_couplers/auto_pc/inst/gen_axi4_axi3.axi3_conv_inst/USE_READ.USE_SPLIT_R.read_addr_inst/USE_R_CHANNEL.cmd_queue/inst/fifo_gen_inst/inst_fifo_gen/gconvfifo.rf/grf.rf/gntv_or_sync_fifo.gl0.wr/wpntr/gcc0.gc0.count_reg[3]/CLR,
design_1_i/axi_interconnect_hp0/m00_couplers/auto_pc/inst/gen_axi4_axi3.axi3_conv_inst/USE_READ.USE_SPLIT_R.read_addr_inst/USE_R_CHANNEL.cmd_queue/inst/fifo_gen_inst/inst_fifo_gen/gconvfifo.rf/grf.rf/gntv_or_sync_fifo.gl0.wr/wpntr/gcc0.gc0.count_reg[4]/CLR
 (the first 15 of 32 listed). The LUT may glitch and trigger an unexpected reset, even if it is a properly timed path.
Related violations: <none>

LUTAR-1#2 Warning
LUT drives async reset alert  
LUT cell design_1_i/axi_interconnect_hp0/m00_couplers/auto_pc/inst/gen_axi4_axi3.axi3_conv_inst/USE_WRITE.write_addr_inst/USE_BURSTS.cmd_queue/inst/fifo_gen_inst/inst_fifo_gen/gconvfifo.rf/grf.rf/rstblk/gpregsm1.curr_fwft_state[1]_i_2, with 2 or more inputs, drives asynchronous preset/clear pin(s) design_1_i/axi_interconnect_hp0/m00_couplers/auto_pc/inst/gen_axi4_axi3.axi3_conv_inst/USE_WRITE.write_addr_inst/USE_BURSTS.cmd_queue/inst/fifo_gen_inst/inst_fifo_gen/gconvfifo.rf/grf.rf/gntv_or_sync_fifo.gl0.rd/rpntr/gc0.count_reg[2]/CLR,
design_1_i/axi_interconnect_hp0/m00_couplers/auto_pc/inst/gen_axi4_axi3.axi3_conv_inst/USE_WRITE.write_addr_inst/USE_BURSTS.cmd_queue/inst/fifo_gen_inst/inst_fifo_gen/gconvfifo.rf/grf.rf/gntv_or_sync_fifo.gl0.rd/rpntr/gc0.count_reg[3]/CLR,
design_1_i/axi_interconnect_hp0/m00_couplers/auto_pc/inst/gen_axi4_axi3.axi3_conv_inst/USE_WRITE.write_addr_inst/USE_BURSTS.cmd_queue/inst/fifo_gen_inst/inst_fifo_gen/gconvfifo.rf/grf.rf/gntv_or_sync_fifo.gl0.rd/rpntr/gc0.count_reg[4]/CLR,
design_1_i/axi_interconnect_hp0/m00_couplers/auto_pc/inst/gen_axi4_axi3.axi3_conv_inst/USE_WRITE.write_addr_inst/USE_BURSTS.cmd_queue/inst/fifo_gen_inst/inst_fifo_gen/gconvfifo.rf/grf.rf/gntv_or_sync_fifo.gl0.wr/gwss.wsts/ram_full_fb_i_reg/CLR,
design_1_i/axi_interconnect_hp0/m00_couplers/auto_pc/inst/gen_axi4_axi3.axi3_conv_inst/USE_WRITE.write_addr_inst/USE_BURSTS.cmd_queue/inst/fifo_gen_inst/inst_fifo_gen/gconvfifo.rf/grf.rf/gntv_or_sync_fifo.gl0.wr/gwss.wsts/ram_full_i_reg/CLR,
design_1_i/axi_interconnect_hp0/m00_couplers/auto_pc/inst/gen_axi4_axi3.axi3_conv_inst/USE_WRITE.write_addr_inst/USE_BURSTS.cmd_queue/inst/fifo_gen_inst/inst_fifo_gen/gconvfifo.rf/grf.rf/gntv_or_sync_fifo.gl0.wr/wpntr/gcc0.gc0.count_d1_reg[0]/CLR,
design_1_i/axi_interconnect_hp0/m00_couplers/auto_pc/inst/gen_axi4_axi3.axi3_conv_inst/USE_WRITE.write_addr_inst/USE_BURSTS.cmd_queue/inst/fifo_gen_inst/inst_fifo_gen/gconvfifo.rf/grf.rf/gntv_or_sync_fifo.gl0.wr/wpntr/gcc0.gc0.count_d1_reg[1]/CLR,
design_1_i/axi_interconnect_hp0/m00_couplers/auto_pc/inst/gen_axi4_axi3.axi3_conv_inst/USE_WRITE.write_addr_inst/USE_BURSTS.cmd_queue/inst/fifo_gen_inst/inst_fifo_gen/gconvfifo.rf/grf.rf/gntv_or_sync_fifo.gl0.wr/wpntr/gcc0.gc0.count_d1_reg[2]/CLR,
design_1_i/axi_interconnect_hp0/m00_couplers/auto_pc/inst/gen_axi4_axi3.axi3_conv_inst/USE_WRITE.write_addr_inst/USE_BURSTS.cmd_queue/inst/fifo_gen_inst/inst_fifo_gen/gconvfifo.rf/grf.rf/gntv_or_sync_fifo.gl0.wr/wpntr/gcc0.gc0.count_d1_reg[3]/CLR,
design_1_i/axi_interconnect_hp0/m00_couplers/auto_pc/inst/gen_axi4_axi3.axi3_conv_inst/USE_WRITE.write_addr_inst/USE_BURSTS.cmd_queue/inst/fifo_gen_inst/inst_fifo_gen/gconvfifo.rf/grf.rf/gntv_or_sync_fifo.gl0.wr/wpntr/gcc0.gc0.count_d1_reg[4]/CLR,
design_1_i/axi_interconnect_hp0/m00_couplers/auto_pc/inst/gen_axi4_axi3.axi3_conv_inst/USE_WRITE.write_addr_inst/USE_BURSTS.cmd_queue/inst/fifo_gen_inst/inst_fifo_gen/gconvfifo.rf/grf.rf/gntv_or_sync_fifo.gl0.wr/wpntr/gcc0.gc0.count_reg[0]/PRE,
design_1_i/axi_interconnect_hp0/m00_couplers/auto_pc/inst/gen_axi4_axi3.axi3_conv_inst/USE_WRITE.write_addr_inst/USE_BURSTS.cmd_queue/inst/fifo_gen_inst/inst_fifo_gen/gconvfifo.rf/grf.rf/gntv_or_sync_fifo.gl0.wr/wpntr/gcc0.gc0.count_reg[1]/CLR,
design_1_i/axi_interconnect_hp0/m00_couplers/auto_pc/inst/gen_axi4_axi3.axi3_conv_inst/USE_WRITE.write_addr_inst/USE_BURSTS.cmd_queue/inst/fifo_gen_inst/inst_fifo_gen/gconvfifo.rf/grf.rf/gntv_or_sync_fifo.gl0.wr/wpntr/gcc0.gc0.count_reg[2]/CLR,
design_1_i/axi_interconnect_hp0/m00_couplers/auto_pc/inst/gen_axi4_axi3.axi3_conv_inst/USE_WRITE.write_addr_inst/USE_BURSTS.cmd_queue/inst/fifo_gen_inst/inst_fifo_gen/gconvfifo.rf/grf.rf/gntv_or_sync_fifo.gl0.wr/wpntr/gcc0.gc0.count_reg[3]/CLR,
design_1_i/axi_interconnect_hp0/m00_couplers/auto_pc/inst/gen_axi4_axi3.axi3_conv_inst/USE_WRITE.write_addr_inst/USE_BURSTS.cmd_queue/inst/fifo_gen_inst/inst_fifo_gen/gconvfifo.rf/grf.rf/gntv_or_sync_fifo.gl0.wr/wpntr/gcc0.gc0.count_reg[4]/CLR
 (the first 15 of 32 listed). The LUT may glitch and trigger an unexpected reset, even if it is a properly timed path.
Related violations: <none>

LUTAR-1#3 Warning
LUT drives async reset alert  
LUT cell design_1_i/axi_interconnect_hp0/m00_couplers/auto_pc/inst/gen_axi4_axi3.axi3_conv_inst/USE_WRITE.write_addr_inst/USE_B_CHANNEL.cmd_b_queue/inst/fifo_gen_inst/inst_fifo_gen/gconvfifo.rf/grf.rf/rstblk/gpregsm1.curr_fwft_state[1]_i_2, with 2 or more inputs, drives asynchronous preset/clear pin(s) design_1_i/axi_interconnect_hp0/m00_couplers/auto_pc/inst/gen_axi4_axi3.axi3_conv_inst/USE_WRITE.write_addr_inst/USE_B_CHANNEL.cmd_b_queue/inst/fifo_gen_inst/inst_fifo_gen/gconvfifo.rf/grf.rf/gntv_or_sync_fifo.gl0.rd/rpntr/gc0.count_reg[2]/CLR,
design_1_i/axi_interconnect_hp0/m00_couplers/auto_pc/inst/gen_axi4_axi3.axi3_conv_inst/USE_WRITE.write_addr_inst/USE_B_CHANNEL.cmd_b_queue/inst/fifo_gen_inst/inst_fifo_gen/gconvfifo.rf/grf.rf/gntv_or_sync_fifo.gl0.rd/rpntr/gc0.count_reg[3]/CLR,
design_1_i/axi_interconnect_hp0/m00_couplers/auto_pc/inst/gen_axi4_axi3.axi3_conv_inst/USE_WRITE.write_addr_inst/USE_B_CHANNEL.cmd_b_queue/inst/fifo_gen_inst/inst_fifo_gen/gconvfifo.rf/grf.rf/gntv_or_sync_fifo.gl0.rd/rpntr/gc0.count_reg[4]/CLR,
design_1_i/axi_interconnect_hp0/m00_couplers/auto_pc/inst/gen_axi4_axi3.axi3_conv_inst/USE_WRITE.write_addr_inst/USE_B_CHANNEL.cmd_b_queue/inst/fifo_gen_inst/inst_fifo_gen/gconvfifo.rf/grf.rf/gntv_or_sync_fifo.gl0.wr/gwss.wsts/ram_full_fb_i_reg/CLR,
design_1_i/axi_interconnect_hp0/m00_couplers/auto_pc/inst/gen_axi4_axi3.axi3_conv_inst/USE_WRITE.write_addr_inst/USE_B_CHANNEL.cmd_b_queue/inst/fifo_gen_inst/inst_fifo_gen/gconvfifo.rf/grf.rf/gntv_or_sync_fifo.gl0.wr/gwss.wsts/ram_full_i_reg/CLR,
design_1_i/axi_interconnect_hp0/m00_couplers/auto_pc/inst/gen_axi4_axi3.axi3_conv_inst/USE_WRITE.write_addr_inst/USE_B_CHANNEL.cmd_b_queue/inst/fifo_gen_inst/inst_fifo_gen/gconvfifo.rf/grf.rf/gntv_or_sync_fifo.gl0.wr/wpntr/gcc0.gc0.count_d1_reg[0]/CLR,
design_1_i/axi_interconnect_hp0/m00_couplers/auto_pc/inst/gen_axi4_axi3.axi3_conv_inst/USE_WRITE.write_addr_inst/USE_B_CHANNEL.cmd_b_queue/inst/fifo_gen_inst/inst_fifo_gen/gconvfifo.rf/grf.rf/gntv_or_sync_fifo.gl0.wr/wpntr/gcc0.gc0.count_d1_reg[1]/CLR,
design_1_i/axi_interconnect_hp0/m00_couplers/auto_pc/inst/gen_axi4_axi3.axi3_conv_inst/USE_WRITE.write_addr_inst/USE_B_CHANNEL.cmd_b_queue/inst/fifo_gen_inst/inst_fifo_gen/gconvfifo.rf/grf.rf/gntv_or_sync_fifo.gl0.wr/wpntr/gcc0.gc0.count_d1_reg[2]/CLR,
design_1_i/axi_interconnect_hp0/m00_couplers/auto_pc/inst/gen_axi4_axi3.axi3_conv_inst/USE_WRITE.write_addr_inst/USE_B_CHANNEL.cmd_b_queue/inst/fifo_gen_inst/inst_fifo_gen/gconvfifo.rf/grf.rf/gntv_or_sync_fifo.gl0.wr/wpntr/gcc0.gc0.count_d1_reg[3]/CLR,
design_1_i/axi_interconnect_hp0/m00_couplers/auto_pc/inst/gen_axi4_axi3.axi3_conv_inst/USE_WRITE.write_addr_inst/USE_B_CHANNEL.cmd_b_queue/inst/fifo_gen_inst/inst_fifo_gen/gconvfifo.rf/grf.rf/gntv_or_sync_fifo.gl0.wr/wpntr/gcc0.gc0.count_d1_reg[4]/CLR,
design_1_i/axi_interconnect_hp0/m00_couplers/auto_pc/inst/gen_axi4_axi3.axi3_conv_inst/USE_WRITE.write_addr_inst/USE_B_CHANNEL.cmd_b_queue/inst/fifo_gen_inst/inst_fifo_gen/gconvfifo.rf/grf.rf/gntv_or_sync_fifo.gl0.wr/wpntr/gcc0.gc0.count_reg[0]/PRE,
design_1_i/axi_interconnect_hp0/m00_couplers/auto_pc/inst/gen_axi4_axi3.axi3_conv_inst/USE_WRITE.write_addr_inst/USE_B_CHANNEL.cmd_b_queue/inst/fifo_gen_inst/inst_fifo_gen/gconvfifo.rf/grf.rf/gntv_or_sync_fifo.gl0.wr/wpntr/gcc0.gc0.count_reg[1]/CLR,
design_1_i/axi_interconnect_hp0/m00_couplers/auto_pc/inst/gen_axi4_axi3.axi3_conv_inst/USE_WRITE.write_addr_inst/USE_B_CHANNEL.cmd_b_queue/inst/fifo_gen_inst/inst_fifo_gen/gconvfifo.rf/grf.rf/gntv_or_sync_fifo.gl0.wr/wpntr/gcc0.gc0.count_reg[2]/CLR,
design_1_i/axi_interconnect_hp0/m00_couplers/auto_pc/inst/gen_axi4_axi3.axi3_conv_inst/USE_WRITE.write_addr_inst/USE_B_CHANNEL.cmd_b_queue/inst/fifo_gen_inst/inst_fifo_gen/gconvfifo.rf/grf.rf/gntv_or_sync_fifo.gl0.wr/wpntr/gcc0.gc0.count_reg[3]/CLR,
design_1_i/axi_interconnect_hp0/m00_couplers/auto_pc/inst/gen_axi4_axi3.axi3_conv_inst/USE_WRITE.write_addr_inst/USE_B_CHANNEL.cmd_b_queue/inst/fifo_gen_inst/inst_fifo_gen/gconvfifo.rf/grf.rf/gntv_or_sync_fifo.gl0.wr/wpntr/gcc0.gc0.count_reg[4]/CLR
 (the first 15 of 32 listed). The LUT may glitch and trigger an unexpected reset, even if it is a properly timed path.
Related violations: <none>

TIMING-9#1 Warning
Unknown CDC Logic  
One or more asynchronous Clock Domain Crossing has been detected between 2 clock domains through a set_false_path or a set_clock_groups or set_max_delay -datapath_only constraint but no double-registers logic synchronizer has been found on the side of the capture clock. It is recommended to run report_cdc for a complete and detailed CDC coverage. Please consider using XPM_CDC to avoid Critical severities
Related violations: <none>

TIMING-16#1 Warning
Large setup violation  
There is a large setup violation of -1.132 ns between design_1_i/lorenz_reader_0/inst/solver_i/integrator_x/v1_reg[1]/C (clocked by clk_fpga_0) and design_1_i/lorenz_reader_0/inst/solver_i/integrator_x/v1_reg[18]/D (clocked by clk_fpga_0). Large setup violations at the end of those stages might be difficult to fix during the post-placement implementation flow and could be the result of non-optimal XDC constraints or non-optimal design architecture
Related violations: <none>

TIMING-16#2 Warning
Large setup violation  
There is a large setup violation of -1.181 ns between design_1_i/lorenz_reader_0/inst/solver_i/integrator_x/v1_reg[1]/C (clocked by clk_fpga_0) and design_1_i/lorenz_reader_0/inst/solver_i/multiplier_y/mult_out__1/A[2] (clocked by clk_fpga_0). Large setup violations at the end of those stages might be difficult to fix during the post-placement implementation flow and could be the result of non-optimal XDC constraints or non-optimal design architecture
Related violations: <none>

TIMING-16#3 Warning
Large setup violation  
There is a large setup violation of -1.197 ns between design_1_i/lorenz_reader_0/inst/solver_i/integrator_x/v1_reg[1]/C (clocked by clk_fpga_0) and design_1_i/lorenz_reader_0/inst/solver_i/integrator_x/v1_reg[19]/D (clocked by clk_fpga_0). Large setup violations at the end of those stages might be difficult to fix during the post-placement implementation flow and could be the result of non-optimal XDC constraints or non-optimal design architecture
Related violations: <none>

TIMING-16#4 Warning
Large setup violation  
There is a large setup violation of -1.275 ns between design_1_i/lorenz_reader_0/inst/solver_i/integrator_x/v1_reg[1]/C (clocked by clk_fpga_0) and design_1_i/lorenz_reader_0/inst/solver_i/multiplier_y/mult_out__1/A[1] (clocked by clk_fpga_0). Large setup violations at the end of those stages might be difficult to fix during the post-placement implementation flow and could be the result of non-optimal XDC constraints or non-optimal design architecture
Related violations: <none>

TIMING-16#5 Warning
Large setup violation  
There is a large setup violation of -1.330 ns between design_1_i/lorenz_reader_0/inst/solver_i/integrator_x/v1_reg[1]/C (clocked by clk_fpga_0) and design_1_i/lorenz_reader_0/inst/solver_i/multiplier_y/mult_out__0/A[2] (clocked by clk_fpga_0). Large setup violations at the end of those stages might be difficult to fix during the post-placement implementation flow and could be the result of non-optimal XDC constraints or non-optimal design architecture
Related violations: <none>

TIMING-16#6 Warning
Large setup violation  
There is a large setup violation of -1.331 ns between design_1_i/lorenz_reader_0/inst/solver_i/integrator_x/v1_reg[1]/C (clocked by clk_fpga_0) and design_1_i/lorenz_reader_0/inst/solver_i/multiplier_y/mult_out__1/A[0] (clocked by clk_fpga_0). Large setup violations at the end of those stages might be difficult to fix during the post-placement implementation flow and could be the result of non-optimal XDC constraints or non-optimal design architecture
Related violations: <none>

TIMING-16#7 Warning
Large setup violation  
There is a large setup violation of -1.348 ns between design_1_i/lorenz_reader_0/inst/solver_i/integrator_x/v1_reg[1]/C (clocked by clk_fpga_0) and design_1_i/lorenz_reader_0/inst/solver_i/multiplier_y/mult_out__0/A[0] (clocked by clk_fpga_0). Large setup violations at the end of those stages might be difficult to fix during the post-placement implementation flow and could be the result of non-optimal XDC constraints or non-optimal design architecture
Related violations: <none>

TIMING-16#8 Warning
Large setup violation  
There is a large setup violation of -1.372 ns between design_1_i/lorenz_reader_0/inst/solver_i/integrator_x/v1_reg[1]/C (clocked by clk_fpga_0) and design_1_i/lorenz_reader_0/inst/solver_i/multiplier_z1/mult_out__1/A[2] (clocked by clk_fpga_0). Large setup violations at the end of those stages might be difficult to fix during the post-placement implementation flow and could be the result of non-optimal XDC constraints or non-optimal design architecture
Related violations: <none>

TIMING-16#9 Warning
Large setup violation  
There is a large setup violation of -1.374 ns between design_1_i/lorenz_reader_0/inst/solver_i/integrator_x/v1_reg[1]/C (clocked by clk_fpga_0) and design_1_i/lorenz_reader_0/inst/solver_i/multiplier_z1/mult_out__0/A[2] (clocked by clk_fpga_0). Large setup violations at the end of those stages might be difficult to fix during the post-placement implementation flow and could be the result of non-optimal XDC constraints or non-optimal design architecture
Related violations: <none>

TIMING-16#10 Warning
Large setup violation  
There is a large setup violation of -1.378 ns between design_1_i/lorenz_reader_0/inst/solver_i/integrator_x/v1_reg[1]/C (clocked by clk_fpga_0) and design_1_i/lorenz_reader_0/inst/solver_i/multiplier_y/mult_out__0/A[1] (clocked by clk_fpga_0). Large setup violations at the end of those stages might be difficult to fix during the post-placement implementation flow and could be the result of non-optimal XDC constraints or non-optimal design architecture
Related violations: <none>

TIMING-16#11 Warning
Large setup violation  
There is a large setup violation of -1.394 ns between design_1_i/lorenz_reader_0/inst/solver_i/integrator_x/v1_reg[1]/C (clocked by clk_fpga_0) and design_1_i/lorenz_reader_0/inst/solver_i/multiplier_z1/mult_out__1/A[0] (clocked by clk_fpga_0). Large setup violations at the end of those stages might be difficult to fix during the post-placement implementation flow and could be the result of non-optimal XDC constraints or non-optimal design architecture
Related violations: <none>

TIMING-16#12 Warning
Large setup violation  
There is a large setup violation of -1.396 ns between design_1_i/lorenz_reader_0/inst/solver_i/integrator_x/v1_reg[1]/C (clocked by clk_fpga_0) and design_1_i/lorenz_reader_0/inst/solver_i/multiplier_z1/mult_out__0/A[0] (clocked by clk_fpga_0). Large setup violations at the end of those stages might be difficult to fix during the post-placement implementation flow and could be the result of non-optimal XDC constraints or non-optimal design architecture
Related violations: <none>

TIMING-16#13 Warning
Large setup violation  
There is a large setup violation of -1.401 ns between design_1_i/lorenz_reader_0/inst/solver_i/integrator_x/v1_reg[1]/C (clocked by clk_fpga_0) and design_1_i/lorenz_reader_0/inst/solver_i/multiplier_y/mult_out__0/A[7] (clocked by clk_fpga_0). Large setup violations at the end of those stages might be difficult to fix during the post-placement implementation flow and could be the result of non-optimal XDC constraints or non-optimal design architecture
Related violations: <none>

TIMING-16#14 Warning
Large setup violation  
There is a large setup violation of -1.431 ns between design_1_i/lorenz_reader_0/inst/solver_i/integrator_x/v1_reg[1]/C (clocked by clk_fpga_0) and design_1_i/lorenz_reader_0/inst/solver_i/multiplier_y/mult_out__1/A[7] (clocked by clk_fpga_0). Large setup violations at the end of those stages might be difficult to fix during the post-placement implementation flow and could be the result of non-optimal XDC constraints or non-optimal design architecture
Related violations: <none>

TIMING-16#15 Warning
Large setup violation  
There is a large setup violation of -1.452 ns between design_1_i/lorenz_reader_0/inst/solver_i/integrator_x/v1_reg[1]/C (clocked by clk_fpga_0) and design_1_i/lorenz_reader_0/inst/solver_i/multiplier_y/mult_out__1/A[3] (clocked by clk_fpga_0). Large setup violations at the end of those stages might be difficult to fix during the post-placement implementation flow and could be the result of non-optimal XDC constraints or non-optimal design architecture
Related violations: <none>

TIMING-16#16 Warning
Large setup violation  
There is a large setup violation of -1.460 ns between design_1_i/lorenz_reader_0/inst/solver_i/integrator_x/v1_reg[1]/C (clocked by clk_fpga_0) and design_1_i/lorenz_reader_0/inst/solver_i/multiplier_z1/mult_out__1/A[1] (clocked by clk_fpga_0). Large setup violations at the end of those stages might be difficult to fix during the post-placement implementation flow and could be the result of non-optimal XDC constraints or non-optimal design architecture
Related violations: <none>

TIMING-16#17 Warning
Large setup violation  
There is a large setup violation of -1.462 ns between design_1_i/lorenz_reader_0/inst/solver_i/integrator_x/v1_reg[1]/C (clocked by clk_fpga_0) and design_1_i/lorenz_reader_0/inst/solver_i/multiplier_z1/mult_out__0/A[1] (clocked by clk_fpga_0). Large setup violations at the end of those stages might be difficult to fix during the post-placement implementation flow and could be the result of non-optimal XDC constraints or non-optimal design architecture
Related violations: <none>

TIMING-16#18 Warning
Large setup violation  
There is a large setup violation of -1.536 ns between design_1_i/lorenz_reader_0/inst/solver_i/integrator_x/v1_reg[1]/C (clocked by clk_fpga_0) and design_1_i/lorenz_reader_0/inst/solver_i/integrator_x/v1_reg[20]/D (clocked by clk_fpga_0). Large setup violations at the end of those stages might be difficult to fix during the post-placement implementation flow and could be the result of non-optimal XDC constraints or non-optimal design architecture
Related violations: <none>

TIMING-16#19 Warning
Large setup violation  
There is a large setup violation of -1.571 ns between design_1_i/lorenz_reader_0/inst/solver_i/integrator_x/v1_reg[1]/C (clocked by clk_fpga_0) and design_1_i/lorenz_reader_0/inst/solver_i/integrator_x/v1_reg[22]/D (clocked by clk_fpga_0). Large setup violations at the end of those stages might be difficult to fix during the post-placement implementation flow and could be the result of non-optimal XDC constraints or non-optimal design architecture
Related violations: <none>

TIMING-16#20 Warning
Large setup violation  
There is a large setup violation of -1.578 ns between design_1_i/lorenz_reader_0/inst/solver_i/integrator_x/v1_reg[1]/C (clocked by clk_fpga_0) and design_1_i/lorenz_reader_0/inst/solver_i/multiplier_z1/mult_out__1/A[7] (clocked by clk_fpga_0). Large setup violations at the end of those stages might be difficult to fix during the post-placement implementation flow and could be the result of non-optimal XDC constraints or non-optimal design architecture
Related violations: <none>

TIMING-16#21 Warning
Large setup violation  
There is a large setup violation of -1.580 ns between design_1_i/lorenz_reader_0/inst/solver_i/integrator_x/v1_reg[1]/C (clocked by clk_fpga_0) and design_1_i/lorenz_reader_0/inst/solver_i/multiplier_z1/mult_out__0/A[7] (clocked by clk_fpga_0). Large setup violations at the end of those stages might be difficult to fix during the post-placement implementation flow and could be the result of non-optimal XDC constraints or non-optimal design architecture
Related violations: <none>

TIMING-16#22 Warning
Large setup violation  
There is a large setup violation of -1.595 ns between design_1_i/lorenz_reader_0/inst/solver_i/integrator_x/v1_reg[1]/C (clocked by clk_fpga_0) and design_1_i/lorenz_reader_0/inst/solver_i/multiplier_y/mult_out__0/A[3] (clocked by clk_fpga_0). Large setup violations at the end of those stages might be difficult to fix during the post-placement implementation flow and could be the result of non-optimal XDC constraints or non-optimal design architecture
Related violations: <none>

TIMING-16#23 Warning
Large setup violation  
There is a large setup violation of -1.614 ns between design_1_i/lorenz_reader_0/inst/solver_i/integrator_x/v1_reg[1]/C (clocked by clk_fpga_0) and design_1_i/lorenz_reader_0/inst/solver_i/multiplier_y/mult_out__1/A[4] (clocked by clk_fpga_0). Large setup violations at the end of those stages might be difficult to fix during the post-placement implementation flow and could be the result of non-optimal XDC constraints or non-optimal design architecture
Related violations: <none>

TIMING-16#24 Warning
Large setup violation  
There is a large setup violation of -1.616 ns between design_1_i/lorenz_reader_0/inst/solver_i/integrator_x/v1_reg[1]/C (clocked by clk_fpga_0) and design_1_i/lorenz_reader_0/inst/solver_i/multiplier_y/mult_out__1/A[6] (clocked by clk_fpga_0). Large setup violations at the end of those stages might be difficult to fix during the post-placement implementation flow and could be the result of non-optimal XDC constraints or non-optimal design architecture
Related violations: <none>

TIMING-16#25 Warning
Large setup violation  
There is a large setup violation of -1.633 ns between design_1_i/lorenz_reader_0/inst/solver_i/integrator_x/v1_reg[1]/C (clocked by clk_fpga_0) and design_1_i/lorenz_reader_0/inst/solver_i/multiplier_y/mult_out__1/A[5] (clocked by clk_fpga_0). Large setup violations at the end of those stages might be difficult to fix during the post-placement implementation flow and could be the result of non-optimal XDC constraints or non-optimal design architecture
Related violations: <none>

TIMING-16#26 Warning
Large setup violation  
There is a large setup violation of -1.636 ns between design_1_i/lorenz_reader_0/inst/solver_i/integrator_x/v1_reg[1]/C (clocked by clk_fpga_0) and design_1_i/lorenz_reader_0/inst/solver_i/integrator_x/v1_reg[23]/D (clocked by clk_fpga_0). Large setup violations at the end of those stages might be difficult to fix during the post-placement implementation flow and could be the result of non-optimal XDC constraints or non-optimal design architecture
Related violations: <none>

TIMING-16#27 Warning
Large setup violation  
There is a large setup violation of -1.640 ns between design_1_i/lorenz_reader_0/inst/solver_i/integrator_x/v1_reg[1]/C (clocked by clk_fpga_0) and design_1_i/lorenz_reader_0/inst/solver_i/integrator_x/v1_reg[21]/D (clocked by clk_fpga_0). Large setup violations at the end of those stages might be difficult to fix during the post-placement implementation flow and could be the result of non-optimal XDC constraints or non-optimal design architecture
Related violations: <none>

TIMING-16#28 Warning
Large setup violation  
There is a large setup violation of -1.640 ns between design_1_i/lorenz_reader_0/inst/solver_i/integrator_x/v1_reg[1]/C (clocked by clk_fpga_0) and design_1_i/lorenz_reader_0/inst/solver_i/multiplier_y/mult_out__0/A[4] (clocked by clk_fpga_0). Large setup violations at the end of those stages might be difficult to fix during the post-placement implementation flow and could be the result of non-optimal XDC constraints or non-optimal design architecture
Related violations: <none>

TIMING-16#29 Warning
Large setup violation  
There is a large setup violation of -1.648 ns between design_1_i/lorenz_reader_0/inst/solver_i/integrator_x/v1_reg[1]/C (clocked by clk_fpga_0) and design_1_i/lorenz_reader_0/inst/solver_i/multiplier_z1/mult_out__1/A[3] (clocked by clk_fpga_0). Large setup violations at the end of those stages might be difficult to fix during the post-placement implementation flow and could be the result of non-optimal XDC constraints or non-optimal design architecture
Related violations: <none>

TIMING-16#30 Warning
Large setup violation  
There is a large setup violation of -1.650 ns between design_1_i/lorenz_reader_0/inst/solver_i/integrator_x/v1_reg[1]/C (clocked by clk_fpga_0) and design_1_i/lorenz_reader_0/inst/solver_i/multiplier_z1/mult_out__0/A[3] (clocked by clk_fpga_0). Large setup violations at the end of those stages might be difficult to fix during the post-placement implementation flow and could be the result of non-optimal XDC constraints or non-optimal design architecture
Related violations: <none>

TIMING-16#31 Warning
Large setup violation  
There is a large setup violation of -1.665 ns between design_1_i/lorenz_reader_0/inst/solver_i/integrator_x/v1_reg[1]/C (clocked by clk_fpga_0) and design_1_i/lorenz_reader_0/inst/solver_i/multiplier_y/mult_out__0/A[6] (clocked by clk_fpga_0). Large setup violations at the end of those stages might be difficult to fix during the post-placement implementation flow and could be the result of non-optimal XDC constraints or non-optimal design architecture
Related violations: <none>

TIMING-16#32 Warning
Large setup violation  
There is a large setup violation of -1.749 ns between design_1_i/lorenz_reader_0/inst/solver_i/integrator_x/v1_reg[1]/C (clocked by clk_fpga_0) and design_1_i/lorenz_reader_0/inst/solver_i/integrator_x/v1_reg[24]/D (clocked by clk_fpga_0). Large setup violations at the end of those stages might be difficult to fix during the post-placement implementation flow and could be the result of non-optimal XDC constraints or non-optimal design architecture
Related violations: <none>

TIMING-16#33 Warning
Large setup violation  
There is a large setup violation of -1.779 ns between design_1_i/lorenz_reader_0/inst/solver_i/integrator_x/v1_reg[1]/C (clocked by clk_fpga_0) and design_1_i/lorenz_reader_0/inst/solver_i/multiplier_y/mult_out__0/A[5] (clocked by clk_fpga_0). Large setup violations at the end of those stages might be difficult to fix during the post-placement implementation flow and could be the result of non-optimal XDC constraints or non-optimal design architecture
Related violations: <none>

TIMING-16#34 Warning
Large setup violation  
There is a large setup violation of -1.782 ns between design_1_i/lorenz_reader_0/inst/solver_i/integrator_x/v1_reg[1]/C (clocked by clk_fpga_0) and design_1_i/lorenz_reader_0/inst/solver_i/multiplier_z1/mult_out__1/A[6] (clocked by clk_fpga_0). Large setup violations at the end of those stages might be difficult to fix during the post-placement implementation flow and could be the result of non-optimal XDC constraints or non-optimal design architecture
Related violations: <none>

TIMING-16#35 Warning
Large setup violation  
There is a large setup violation of -1.784 ns between design_1_i/lorenz_reader_0/inst/solver_i/integrator_x/v1_reg[1]/C (clocked by clk_fpga_0) and design_1_i/lorenz_reader_0/inst/solver_i/multiplier_z1/mult_out__0/A[6] (clocked by clk_fpga_0). Large setup violations at the end of those stages might be difficult to fix during the post-placement implementation flow and could be the result of non-optimal XDC constraints or non-optimal design architecture
Related violations: <none>

TIMING-16#36 Warning
Large setup violation  
There is a large setup violation of -1.801 ns between design_1_i/lorenz_reader_0/inst/solver_i/integrator_x/v1_reg[1]/C (clocked by clk_fpga_0) and design_1_i/lorenz_reader_0/inst/solver_i/multiplier_z1/mult_out__1/A[4] (clocked by clk_fpga_0). Large setup violations at the end of those stages might be difficult to fix during the post-placement implementation flow and could be the result of non-optimal XDC constraints or non-optimal design architecture
Related violations: <none>

TIMING-16#37 Warning
Large setup violation  
There is a large setup violation of -1.803 ns between design_1_i/lorenz_reader_0/inst/solver_i/integrator_x/v1_reg[1]/C (clocked by clk_fpga_0) and design_1_i/lorenz_reader_0/inst/solver_i/multiplier_z1/mult_out__0/A[4] (clocked by clk_fpga_0). Large setup violations at the end of those stages might be difficult to fix during the post-placement implementation flow and could be the result of non-optimal XDC constraints or non-optimal design architecture
Related violations: <none>

TIMING-16#38 Warning
Large setup violation  
There is a large setup violation of -1.853 ns between design_1_i/lorenz_reader_0/inst/solver_i/integrator_x/v1_reg[1]/C (clocked by clk_fpga_0) and design_1_i/lorenz_reader_0/inst/solver_i/integrator_x/v1_reg[25]/D (clocked by clk_fpga_0). Large setup violations at the end of those stages might be difficult to fix during the post-placement implementation flow and could be the result of non-optimal XDC constraints or non-optimal design architecture
Related violations: <none>

TIMING-16#39 Warning
Large setup violation  
There is a large setup violation of -1.854 ns between design_1_i/lorenz_reader_0/inst/solver_i/integrator_x/v1_reg[1]/C (clocked by clk_fpga_0) and design_1_i/lorenz_reader_0/inst/solver_i/integrator_x/v1_reg[26]/D (clocked by clk_fpga_0). Large setup violations at the end of those stages might be difficult to fix during the post-placement implementation flow and could be the result of non-optimal XDC constraints or non-optimal design architecture
Related violations: <none>

TIMING-16#40 Warning
Large setup violation  
There is a large setup violation of -1.927 ns between design_1_i/lorenz_reader_0/inst/solver_i/integrator_x/v1_reg[1]/C (clocked by clk_fpga_0) and design_1_i/lorenz_reader_0/inst/solver_i/multiplier_z1/mult_out__1/A[5] (clocked by clk_fpga_0). Large setup violations at the end of those stages might be difficult to fix during the post-placement implementation flow and could be the result of non-optimal XDC constraints or non-optimal design architecture
Related violations: <none>

TIMING-16#41 Warning
Large setup violation  
There is a large setup violation of -1.929 ns between design_1_i/lorenz_reader_0/inst/solver_i/integrator_x/v1_reg[1]/C (clocked by clk_fpga_0) and design_1_i/lorenz_reader_0/inst/solver_i/multiplier_z1/mult_out__0/A[5] (clocked by clk_fpga_0). Large setup violations at the end of those stages might be difficult to fix during the post-placement implementation flow and could be the result of non-optimal XDC constraints or non-optimal design architecture
Related violations: <none>

TIMING-16#42 Warning
Large setup violation  
There is a large setup violation of -1.970 ns between design_1_i/lorenz_reader_0/inst/solver_i/integrator_x/v1_reg[1]/C (clocked by clk_fpga_0) and design_1_i/lorenz_reader_0/inst/solver_i/multiplier_y/mult_out__0/A[8] (clocked by clk_fpga_0). Large setup violations at the end of those stages might be difficult to fix during the post-placement implementation flow and could be the result of non-optimal XDC constraints or non-optimal design architecture
Related violations: <none>

TIMING-16#43 Warning
Large setup violation  
There is a large setup violation of -2.007 ns between design_1_i/lorenz_reader_0/inst/solver_i/integrator_x/v1_reg[1]/C (clocked by clk_fpga_0) and design_1_i/lorenz_reader_0/inst/solver_i/multiplier_y/mult_out__1/A[8] (clocked by clk_fpga_0). Large setup violations at the end of those stages might be difficult to fix during the post-placement implementation flow and could be the result of non-optimal XDC constraints or non-optimal design architecture
Related violations: <none>

TIMING-16#44 Warning
Large setup violation  
There is a large setup violation of -2.019 ns between design_1_i/lorenz_reader_0/inst/solver_i/integrator_x/v1_reg[1]/C (clocked by clk_fpga_0) and design_1_i/lorenz_reader_0/inst/solver_i/multiplier_z1/mult_out__1/A[8] (clocked by clk_fpga_0). Large setup violations at the end of those stages might be difficult to fix during the post-placement implementation flow and could be the result of non-optimal XDC constraints or non-optimal design architecture
Related violations: <none>

TIMING-16#45 Warning
Large setup violation  
There is a large setup violation of -2.021 ns between design_1_i/lorenz_reader_0/inst/solver_i/integrator_x/v1_reg[1]/C (clocked by clk_fpga_0) and design_1_i/lorenz_reader_0/inst/solver_i/multiplier_z1/mult_out__0/A[8] (clocked by clk_fpga_0). Large setup violations at the end of those stages might be difficult to fix during the post-placement implementation flow and could be the result of non-optimal XDC constraints or non-optimal design architecture
Related violations: <none>

TIMING-16#46 Warning
Large setup violation  
There is a large setup violation of -2.330 ns between design_1_i/lorenz_reader_0/inst/solver_i/integrator_x/v1_reg[1]/C (clocked by clk_fpga_0) and design_1_i/lorenz_reader_0/inst/solver_i/multiplier_y/mult_out__1/A[9] (clocked by clk_fpga_0). Large setup violations at the end of those stages might be difficult to fix during the post-placement implementation flow and could be the result of non-optimal XDC constraints or non-optimal design architecture
Related violations: <none>

TIMING-16#47 Warning
Large setup violation  
There is a large setup violation of -2.396 ns between design_1_i/lorenz_reader_0/inst/solver_i/integrator_x/v1_reg[1]/C (clocked by clk_fpga_0) and design_1_i/lorenz_reader_0/inst/solver_i/multiplier_z1/mult_out__1/A[9] (clocked by clk_fpga_0). Large setup violations at the end of those stages might be difficult to fix during the post-placement implementation flow and could be the result of non-optimal XDC constraints or non-optimal design architecture
Related violations: <none>

TIMING-16#48 Warning
Large setup violation  
There is a large setup violation of -2.398 ns between design_1_i/lorenz_reader_0/inst/solver_i/integrator_x/v1_reg[1]/C (clocked by clk_fpga_0) and design_1_i/lorenz_reader_0/inst/solver_i/multiplier_z1/mult_out__0/A[9] (clocked by clk_fpga_0). Large setup violations at the end of those stages might be difficult to fix during the post-placement implementation flow and could be the result of non-optimal XDC constraints or non-optimal design architecture
Related violations: <none>

TIMING-16#49 Warning
Large setup violation  
There is a large setup violation of -2.476 ns between design_1_i/lorenz_reader_0/inst/solver_i/integrator_x/v1_reg[1]/C (clocked by clk_fpga_0) and design_1_i/lorenz_reader_0/inst/solver_i/multiplier_y/mult_out__0/A[9] (clocked by clk_fpga_0). Large setup violations at the end of those stages might be difficult to fix during the post-placement implementation flow and could be the result of non-optimal XDC constraints or non-optimal design architecture
Related violations: <none>

TIMING-16#50 Warning
Large setup violation  
There is a large setup violation of -2.502 ns between design_1_i/lorenz_reader_0/inst/solver_i/integrator_y/mult_out_i_2__1_psdsp/C (clocked by clk_fpga_0) and design_1_i/lorenz_reader_0/inst/solver_i/integrator_z/v1_reg[0]/D (clocked by clk_fpga_0). Large setup violations at the end of those stages might be difficult to fix during the post-placement implementation flow and could be the result of non-optimal XDC constraints or non-optimal design architecture
Related violations: <none>

TIMING-16#51 Warning
Large setup violation  
There is a large setup violation of -2.507 ns between design_1_i/lorenz_reader_0/inst/solver_i/integrator_y/mult_out_i_2__1_psdsp/C (clocked by clk_fpga_0) and design_1_i/lorenz_reader_0/inst/solver_i/integrator_z/v1_reg[0]_replica_1/D (clocked by clk_fpga_0). Large setup violations at the end of those stages might be difficult to fix during the post-placement implementation flow and could be the result of non-optimal XDC constraints or non-optimal design architecture
Related violations: <none>

TIMING-16#52 Warning
Large setup violation  
There is a large setup violation of -2.669 ns between design_1_i/lorenz_reader_0/inst/solver_i/integrator_x/v1_reg[1]/C (clocked by clk_fpga_0) and design_1_i/lorenz_reader_0/inst/solver_i/multiplier_y/mult_out__1/A[10] (clocked by clk_fpga_0). Large setup violations at the end of those stages might be difficult to fix during the post-placement implementation flow and could be the result of non-optimal XDC constraints or non-optimal design architecture
Related violations: <none>

TIMING-16#53 Warning
Large setup violation  
There is a large setup violation of -2.686 ns between design_1_i/lorenz_reader_0/inst/solver_i/integrator_x/v1_reg[1]/C (clocked by clk_fpga_0) and design_1_i/lorenz_reader_0/inst/solver_i/multiplier_y/mult_out__0/A[11] (clocked by clk_fpga_0). Large setup violations at the end of those stages might be difficult to fix during the post-placement implementation flow and could be the result of non-optimal XDC constraints or non-optimal design architecture
Related violations: <none>

TIMING-16#54 Warning
Large setup violation  
There is a large setup violation of -2.688 ns between design_1_i/lorenz_reader_0/inst/solver_i/integrator_z/v1_reg[6]/C (clocked by clk_fpga_0) and design_1_i/lorenz_reader_0/inst/solver_i/integrator_y/v1_reg[0]/D (clocked by clk_fpga_0). Large setup violations at the end of those stages might be difficult to fix during the post-placement implementation flow and could be the result of non-optimal XDC constraints or non-optimal design architecture
Related violations: <none>

TIMING-16#55 Warning
Large setup violation  
There is a large setup violation of -2.702 ns between design_1_i/lorenz_reader_0/inst/solver_i/integrator_y/mult_out_i_2__1_psdsp/C (clocked by clk_fpga_0) and design_1_i/lorenz_reader_0/inst/solver_i/integrator_z/v1_reg[0]_replica/D (clocked by clk_fpga_0). Large setup violations at the end of those stages might be difficult to fix during the post-placement implementation flow and could be the result of non-optimal XDC constraints or non-optimal design architecture
Related violations: <none>

TIMING-16#56 Warning
Large setup violation  
There is a large setup violation of -2.704 ns between design_1_i/lorenz_reader_0/inst/solver_i/integrator_y/mult_out_i_2__1_psdsp/C (clocked by clk_fpga_0) and design_1_i/lorenz_reader_0/inst/solver_i/integrator_z/v1_reg[1]/D (clocked by clk_fpga_0). Large setup violations at the end of those stages might be difficult to fix during the post-placement implementation flow and could be the result of non-optimal XDC constraints or non-optimal design architecture
Related violations: <none>

TIMING-16#57 Warning
Large setup violation  
There is a large setup violation of -2.769 ns between design_1_i/lorenz_reader_0/inst/solver_i/integrator_y/mult_out_i_2__1_psdsp/C (clocked by clk_fpga_0) and design_1_i/lorenz_reader_0/inst/solver_i/integrator_z/v1_reg[12]/D (clocked by clk_fpga_0). Large setup violations at the end of those stages might be difficult to fix during the post-placement implementation flow and could be the result of non-optimal XDC constraints or non-optimal design architecture
Related violations: <none>

TIMING-16#58 Warning
Large setup violation  
There is a large setup violation of -2.793 ns between design_1_i/lorenz_reader_0/inst/solver_i/integrator_x/v1_reg[1]/C (clocked by clk_fpga_0) and design_1_i/lorenz_reader_0/inst/solver_i/multiplier_y/mult_out__1/A[11] (clocked by clk_fpga_0). Large setup violations at the end of those stages might be difficult to fix during the post-placement implementation flow and could be the result of non-optimal XDC constraints or non-optimal design architecture
Related violations: <none>

TIMING-16#59 Warning
Large setup violation  
There is a large setup violation of -2.819 ns between design_1_i/lorenz_reader_0/inst/solver_i/integrator_x/v1_reg[1]/C (clocked by clk_fpga_0) and design_1_i/lorenz_reader_0/inst/solver_i/multiplier_y/mult_out__0/A[10] (clocked by clk_fpga_0). Large setup violations at the end of those stages might be difficult to fix during the post-placement implementation flow and could be the result of non-optimal XDC constraints or non-optimal design architecture
Related violations: <none>

TIMING-16#60 Warning
Large setup violation  
There is a large setup violation of -2.847 ns between design_1_i/lorenz_reader_0/inst/solver_i/integrator_x/v1_reg[1]/C (clocked by clk_fpga_0) and design_1_i/lorenz_reader_0/inst/solver_i/multiplier_z1/mult_out__1/A[10] (clocked by clk_fpga_0). Large setup violations at the end of those stages might be difficult to fix during the post-placement implementation flow and could be the result of non-optimal XDC constraints or non-optimal design architecture
Related violations: <none>

TIMING-16#61 Warning
Large setup violation  
There is a large setup violation of -2.849 ns between design_1_i/lorenz_reader_0/inst/solver_i/integrator_x/v1_reg[1]/C (clocked by clk_fpga_0) and design_1_i/lorenz_reader_0/inst/solver_i/multiplier_z1/mult_out__0/A[10] (clocked by clk_fpga_0). Large setup violations at the end of those stages might be difficult to fix during the post-placement implementation flow and could be the result of non-optimal XDC constraints or non-optimal design architecture
Related violations: <none>

TIMING-16#62 Warning
Large setup violation  
There is a large setup violation of -2.852 ns between design_1_i/lorenz_reader_0/inst/solver_i/integrator_x/v1_reg[1]/C (clocked by clk_fpga_0) and design_1_i/lorenz_reader_0/inst/solver_i/multiplier_z1/mult_out__1/A[11] (clocked by clk_fpga_0). Large setup violations at the end of those stages might be difficult to fix during the post-placement implementation flow and could be the result of non-optimal XDC constraints or non-optimal design architecture
Related violations: <none>

TIMING-16#63 Warning
Large setup violation  
There is a large setup violation of -2.854 ns between design_1_i/lorenz_reader_0/inst/solver_i/integrator_x/v1_reg[1]/C (clocked by clk_fpga_0) and design_1_i/lorenz_reader_0/inst/solver_i/multiplier_z1/mult_out__0/A[11] (clocked by clk_fpga_0). Large setup violations at the end of those stages might be difficult to fix during the post-placement implementation flow and could be the result of non-optimal XDC constraints or non-optimal design architecture
Related violations: <none>

TIMING-16#64 Warning
Large setup violation  
There is a large setup violation of -2.865 ns between design_1_i/lorenz_reader_0/inst/solver_i/integrator_z/v1_reg[6]/C (clocked by clk_fpga_0) and design_1_i/lorenz_reader_0/inst/solver_i/integrator_y/v1_reg[1]/D (clocked by clk_fpga_0). Large setup violations at the end of those stages might be difficult to fix during the post-placement implementation flow and could be the result of non-optimal XDC constraints or non-optimal design architecture
Related violations: <none>

TIMING-16#65 Warning
Large setup violation  
There is a large setup violation of -2.891 ns between design_1_i/lorenz_reader_0/inst/solver_i/integrator_y/mult_out_i_2__1_psdsp/C (clocked by clk_fpga_0) and design_1_i/lorenz_reader_0/inst/solver_i/integrator_z/v1_reg[13]/D (clocked by clk_fpga_0). Large setup violations at the end of those stages might be difficult to fix during the post-placement implementation flow and could be the result of non-optimal XDC constraints or non-optimal design architecture
Related violations: <none>

TIMING-16#66 Warning
Large setup violation  
There is a large setup violation of -2.974 ns between design_1_i/lorenz_reader_0/inst/solver_i/integrator_x/v1_reg[1]/C (clocked by clk_fpga_0) and design_1_i/lorenz_reader_0/inst/solver_i/multiplier_y/mult_out__1/A[14] (clocked by clk_fpga_0). Large setup violations at the end of those stages might be difficult to fix during the post-placement implementation flow and could be the result of non-optimal XDC constraints or non-optimal design architecture
Related violations: <none>

TIMING-16#67 Warning
Large setup violation  
There is a large setup violation of -3.014 ns between design_1_i/lorenz_reader_0/inst/solver_i/integrator_y/mult_out_i_2__1_psdsp/C (clocked by clk_fpga_0) and design_1_i/lorenz_reader_0/inst/solver_i/integrator_z/v1_reg[2]/D (clocked by clk_fpga_0). Large setup violations at the end of those stages might be difficult to fix during the post-placement implementation flow and could be the result of non-optimal XDC constraints or non-optimal design architecture
Related violations: <none>

TIMING-16#68 Warning
Large setup violation  
There is a large setup violation of -3.085 ns between design_1_i/lorenz_reader_0/inst/solver_i/integrator_y/mult_out_i_2__1_psdsp/C (clocked by clk_fpga_0) and design_1_i/lorenz_reader_0/inst/solver_i/integrator_z/v1_reg[3]/D (clocked by clk_fpga_0). Large setup violations at the end of those stages might be difficult to fix during the post-placement implementation flow and could be the result of non-optimal XDC constraints or non-optimal design architecture
Related violations: <none>

TIMING-16#69 Warning
Large setup violation  
There is a large setup violation of -3.130 ns between design_1_i/lorenz_reader_0/inst/solver_i/integrator_x/v1_reg[1]/C (clocked by clk_fpga_0) and design_1_i/lorenz_reader_0/inst/solver_i/multiplier_y/mult_out__0/A[12] (clocked by clk_fpga_0). Large setup violations at the end of those stages might be difficult to fix during the post-placement implementation flow and could be the result of non-optimal XDC constraints or non-optimal design architecture
Related violations: <none>

TIMING-16#70 Warning
Large setup violation  
There is a large setup violation of -3.153 ns between design_1_i/lorenz_reader_0/inst/solver_i/integrator_x/v1_reg[1]/C (clocked by clk_fpga_0) and design_1_i/lorenz_reader_0/inst/solver_i/multiplier_y/mult_out__0/A[15] (clocked by clk_fpga_0). Large setup violations at the end of those stages might be difficult to fix during the post-placement implementation flow and could be the result of non-optimal XDC constraints or non-optimal design architecture
Related violations: <none>

TIMING-16#71 Warning
Large setup violation  
There is a large setup violation of -3.154 ns between design_1_i/lorenz_reader_0/inst/solver_i/integrator_x/v1_reg[1]/C (clocked by clk_fpga_0) and design_1_i/lorenz_reader_0/inst/solver_i/multiplier_z1/mult_out__0/A[14] (clocked by clk_fpga_0). Large setup violations at the end of those stages might be difficult to fix during the post-placement implementation flow and could be the result of non-optimal XDC constraints or non-optimal design architecture
Related violations: <none>

TIMING-16#72 Warning
Large setup violation  
There is a large setup violation of -3.158 ns between design_1_i/lorenz_reader_0/inst/solver_i/integrator_x/v1_reg[1]/C (clocked by clk_fpga_0) and design_1_i/lorenz_reader_0/inst/solver_i/multiplier_y/mult_out__0/A[14] (clocked by clk_fpga_0). Large setup violations at the end of those stages might be difficult to fix during the post-placement implementation flow and could be the result of non-optimal XDC constraints or non-optimal design architecture
Related violations: <none>

TIMING-16#73 Warning
Large setup violation  
There is a large setup violation of -3.166 ns between design_1_i/lorenz_reader_0/inst/solver_i/integrator_x/v1_reg[1]/C (clocked by clk_fpga_0) and design_1_i/lorenz_reader_0/inst/solver_i/multiplier_z1/mult_out__1/A[14] (clocked by clk_fpga_0). Large setup violations at the end of those stages might be difficult to fix during the post-placement implementation flow and could be the result of non-optimal XDC constraints or non-optimal design architecture
Related violations: <none>

TIMING-16#74 Warning
Large setup violation  
There is a large setup violation of -3.168 ns between design_1_i/lorenz_reader_0/inst/solver_i/integrator_x/v1_reg[1]/C (clocked by clk_fpga_0) and design_1_i/lorenz_reader_0/inst/solver_i/multiplier_y/mult_out__1/A[15] (clocked by clk_fpga_0). Large setup violations at the end of those stages might be difficult to fix during the post-placement implementation flow and could be the result of non-optimal XDC constraints or non-optimal design architecture
Related violations: <none>

TIMING-16#75 Warning
Large setup violation  
There is a large setup violation of -3.176 ns between design_1_i/lorenz_reader_0/inst/solver_i/integrator_z/v1_reg[6]/C (clocked by clk_fpga_0) and design_1_i/lorenz_reader_0/inst/solver_i/integrator_y/v1_reg[2]/D (clocked by clk_fpga_0). Large setup violations at the end of those stages might be difficult to fix during the post-placement implementation flow and could be the result of non-optimal XDC constraints or non-optimal design architecture
Related violations: <none>

TIMING-16#76 Warning
Large setup violation  
There is a large setup violation of -3.194 ns between design_1_i/lorenz_reader_0/inst/solver_i/integrator_x/v1_reg[1]/C (clocked by clk_fpga_0) and design_1_i/lorenz_reader_0/inst/solver_i/multiplier_y/mult_out__1/A[13] (clocked by clk_fpga_0). Large setup violations at the end of those stages might be difficult to fix during the post-placement implementation flow and could be the result of non-optimal XDC constraints or non-optimal design architecture
Related violations: <none>

TIMING-16#77 Warning
Large setup violation  
There is a large setup violation of -3.197 ns between design_1_i/lorenz_reader_0/inst/solver_i/integrator_y/mult_out_i_2__1_psdsp/C (clocked by clk_fpga_0) and design_1_i/lorenz_reader_0/inst/solver_i/integrator_z/v1_reg[5]/D (clocked by clk_fpga_0). Large setup violations at the end of those stages might be difficult to fix during the post-placement implementation flow and could be the result of non-optimal XDC constraints or non-optimal design architecture
Related violations: <none>

TIMING-16#78 Warning
Large setup violation  
There is a large setup violation of -3.223 ns between design_1_i/lorenz_reader_0/inst/solver_i/integrator_x/v1_reg[1]/C (clocked by clk_fpga_0) and design_1_i/lorenz_reader_0/inst/solver_i/multiplier_y/mult_out__1/A[12] (clocked by clk_fpga_0). Large setup violations at the end of those stages might be difficult to fix during the post-placement implementation flow and could be the result of non-optimal XDC constraints or non-optimal design architecture
Related violations: <none>

TIMING-16#79 Warning
Large setup violation  
There is a large setup violation of -3.236 ns between design_1_i/lorenz_reader_0/inst/solver_i/integrator_z/v1_reg[6]/C (clocked by clk_fpga_0) and design_1_i/lorenz_reader_0/inst/solver_i/integrator_y/v1_reg[3]/D (clocked by clk_fpga_0). Large setup violations at the end of those stages might be difficult to fix during the post-placement implementation flow and could be the result of non-optimal XDC constraints or non-optimal design architecture
Related violations: <none>

TIMING-16#80 Warning
Large setup violation  
There is a large setup violation of -3.244 ns between design_1_i/lorenz_reader_0/inst/solver_i/integrator_y/mult_out_i_2__1_psdsp/C (clocked by clk_fpga_0) and design_1_i/lorenz_reader_0/inst/solver_i/integrator_z/v1_reg[14]/D (clocked by clk_fpga_0). Large setup violations at the end of those stages might be difficult to fix during the post-placement implementation flow and could be the result of non-optimal XDC constraints or non-optimal design architecture
Related violations: <none>

TIMING-16#81 Warning
Large setup violation  
There is a large setup violation of -3.252 ns between design_1_i/lorenz_reader_0/inst/solver_i/integrator_x/v1_reg[1]/C (clocked by clk_fpga_0) and design_1_i/lorenz_reader_0/inst/solver_i/multiplier_z1/mult_out/B[0] (clocked by clk_fpga_0). Large setup violations at the end of those stages might be difficult to fix during the post-placement implementation flow and could be the result of non-optimal XDC constraints or non-optimal design architecture
Related violations: <none>

TIMING-16#82 Warning
Large setup violation  
There is a large setup violation of -3.259 ns between design_1_i/lorenz_reader_0/inst/solver_i/integrator_x/v1_reg[1]/C (clocked by clk_fpga_0) and design_1_i/lorenz_reader_0/inst/solver_i/multiplier_z1/mult_out__1/A[13] (clocked by clk_fpga_0). Large setup violations at the end of those stages might be difficult to fix during the post-placement implementation flow and could be the result of non-optimal XDC constraints or non-optimal design architecture
Related violations: <none>

TIMING-16#83 Warning
Large setup violation  
There is a large setup violation of -3.261 ns between design_1_i/lorenz_reader_0/inst/solver_i/integrator_x/v1_reg[1]/C (clocked by clk_fpga_0) and design_1_i/lorenz_reader_0/inst/solver_i/multiplier_y/mult_out__0/A[13] (clocked by clk_fpga_0). Large setup violations at the end of those stages might be difficult to fix during the post-placement implementation flow and could be the result of non-optimal XDC constraints or non-optimal design architecture
Related violations: <none>

TIMING-16#84 Warning
Large setup violation  
There is a large setup violation of -3.261 ns between design_1_i/lorenz_reader_0/inst/solver_i/integrator_x/v1_reg[1]/C (clocked by clk_fpga_0) and design_1_i/lorenz_reader_0/inst/solver_i/multiplier_z1/mult_out__0/A[13] (clocked by clk_fpga_0). Large setup violations at the end of those stages might be difficult to fix during the post-placement implementation flow and could be the result of non-optimal XDC constraints or non-optimal design architecture
Related violations: <none>

TIMING-16#85 Warning
Large setup violation  
There is a large setup violation of -3.263 ns between design_1_i/lorenz_reader_0/inst/solver_i/integrator_x/v1_reg[1]/C (clocked by clk_fpga_0) and design_1_i/lorenz_reader_0/inst/solver_i/multiplier_z1/mult_out/B[10] (clocked by clk_fpga_0). Large setup violations at the end of those stages might be difficult to fix during the post-placement implementation flow and could be the result of non-optimal XDC constraints or non-optimal design architecture
Related violations: <none>

TIMING-16#86 Warning
Large setup violation  
There is a large setup violation of -3.263 ns between design_1_i/lorenz_reader_0/inst/solver_i/integrator_x/v1_reg[1]/C (clocked by clk_fpga_0) and design_1_i/lorenz_reader_0/inst/solver_i/multiplier_z1/mult_out/B[8] (clocked by clk_fpga_0). Large setup violations at the end of those stages might be difficult to fix during the post-placement implementation flow and could be the result of non-optimal XDC constraints or non-optimal design architecture
Related violations: <none>

TIMING-16#87 Warning
Large setup violation  
There is a large setup violation of -3.268 ns between design_1_i/lorenz_reader_0/inst/solver_i/integrator_x/v1_reg[1]/C (clocked by clk_fpga_0) and design_1_i/lorenz_reader_0/inst/solver_i/multiplier_z1/mult_out/B[12] (clocked by clk_fpga_0). Large setup violations at the end of those stages might be difficult to fix during the post-placement implementation flow and could be the result of non-optimal XDC constraints or non-optimal design architecture
Related violations: <none>

TIMING-16#88 Warning
Large setup violation  
There is a large setup violation of -3.268 ns between design_1_i/lorenz_reader_0/inst/solver_i/integrator_x/v1_reg[1]/C (clocked by clk_fpga_0) and design_1_i/lorenz_reader_0/inst/solver_i/multiplier_z1/mult_out/B[13] (clocked by clk_fpga_0). Large setup violations at the end of those stages might be difficult to fix during the post-placement implementation flow and could be the result of non-optimal XDC constraints or non-optimal design architecture
Related violations: <none>

TIMING-16#89 Warning
Large setup violation  
There is a large setup violation of -3.268 ns between design_1_i/lorenz_reader_0/inst/solver_i/integrator_x/v1_reg[1]/C (clocked by clk_fpga_0) and design_1_i/lorenz_reader_0/inst/solver_i/multiplier_z1/mult_out/B[14] (clocked by clk_fpga_0). Large setup violations at the end of those stages might be difficult to fix during the post-placement implementation flow and could be the result of non-optimal XDC constraints or non-optimal design architecture
Related violations: <none>

TIMING-16#90 Warning
Large setup violation  
There is a large setup violation of -3.268 ns between design_1_i/lorenz_reader_0/inst/solver_i/integrator_x/v1_reg[1]/C (clocked by clk_fpga_0) and design_1_i/lorenz_reader_0/inst/solver_i/multiplier_z1/mult_out/B[6] (clocked by clk_fpga_0). Large setup violations at the end of those stages might be difficult to fix during the post-placement implementation flow and could be the result of non-optimal XDC constraints or non-optimal design architecture
Related violations: <none>

TIMING-16#91 Warning
Large setup violation  
There is a large setup violation of -3.269 ns between design_1_i/lorenz_reader_0/inst/solver_i/integrator_x/v1_reg[1]/C (clocked by clk_fpga_0) and design_1_i/lorenz_reader_0/inst/solver_i/multiplier_z1/mult_out/B[9] (clocked by clk_fpga_0). Large setup violations at the end of those stages might be difficult to fix during the post-placement implementation flow and could be the result of non-optimal XDC constraints or non-optimal design architecture
Related violations: <none>

TIMING-16#92 Warning
Large setup violation  
There is a large setup violation of -3.278 ns between design_1_i/lorenz_reader_0/inst/solver_i/integrator_x/v1_reg[1]/C (clocked by clk_fpga_0) and design_1_i/lorenz_reader_0/inst/solver_i/multiplier_z1/mult_out/B[4] (clocked by clk_fpga_0). Large setup violations at the end of those stages might be difficult to fix during the post-placement implementation flow and could be the result of non-optimal XDC constraints or non-optimal design architecture
Related violations: <none>

TIMING-16#93 Warning
Large setup violation  
There is a large setup violation of -3.284 ns between design_1_i/lorenz_reader_0/inst/solver_i/integrator_x/v1_reg[1]/C (clocked by clk_fpga_0) and design_1_i/lorenz_reader_0/inst/solver_i/multiplier_z1/mult_out__0/A[15] (clocked by clk_fpga_0). Large setup violations at the end of those stages might be difficult to fix during the post-placement implementation flow and could be the result of non-optimal XDC constraints or non-optimal design architecture
Related violations: <none>

TIMING-16#94 Warning
Large setup violation  
There is a large setup violation of -3.304 ns between design_1_i/lorenz_reader_0/inst/solver_i/integrator_y/mult_out_i_2__1_psdsp/C (clocked by clk_fpga_0) and design_1_i/lorenz_reader_0/inst/solver_i/integrator_z/v1_reg[15]/D (clocked by clk_fpga_0). Large setup violations at the end of those stages might be difficult to fix during the post-placement implementation flow and could be the result of non-optimal XDC constraints or non-optimal design architecture
Related violations: <none>

TIMING-16#95 Warning
Large setup violation  
There is a large setup violation of -3.306 ns between design_1_i/lorenz_reader_0/inst/solver_i/integrator_x/v1_reg[1]/C (clocked by clk_fpga_0) and design_1_i/lorenz_reader_0/inst/solver_i/multiplier_z1/mult_out__1/A[15] (clocked by clk_fpga_0). Large setup violations at the end of those stages might be difficult to fix during the post-placement implementation flow and could be the result of non-optimal XDC constraints or non-optimal design architecture
Related violations: <none>

TIMING-16#96 Warning
Large setup violation  
There is a large setup violation of -3.325 ns between design_1_i/lorenz_reader_0/inst/solver_i/integrator_y/mult_out_i_2__1_psdsp/C (clocked by clk_fpga_0) and design_1_i/lorenz_reader_0/inst/solver_i/integrator_z/v1_reg[4]/D (clocked by clk_fpga_0). Large setup violations at the end of those stages might be difficult to fix during the post-placement implementation flow and could be the result of non-optimal XDC constraints or non-optimal design architecture
Related violations: <none>

TIMING-16#97 Warning
Large setup violation  
There is a large setup violation of -3.344 ns between design_1_i/lorenz_reader_0/inst/solver_i/integrator_x/v1_reg[1]/C (clocked by clk_fpga_0) and design_1_i/lorenz_reader_0/inst/solver_i/multiplier_z1/mult_out__1/A[12] (clocked by clk_fpga_0). Large setup violations at the end of those stages might be difficult to fix during the post-placement implementation flow and could be the result of non-optimal XDC constraints or non-optimal design architecture
Related violations: <none>

TIMING-16#98 Warning
Large setup violation  
There is a large setup violation of -3.371 ns between design_1_i/lorenz_reader_0/inst/solver_i/integrator_x/v1_reg[1]/C (clocked by clk_fpga_0) and design_1_i/lorenz_reader_0/inst/solver_i/multiplier_z1/mult_out__0/A[12] (clocked by clk_fpga_0). Large setup violations at the end of those stages might be difficult to fix during the post-placement implementation flow and could be the result of non-optimal XDC constraints or non-optimal design architecture
Related violations: <none>

TIMING-16#99 Warning
Large setup violation  
There is a large setup violation of -3.388 ns between design_1_i/lorenz_reader_0/inst/solver_i/integrator_x/v1_reg[1]/C (clocked by clk_fpga_0) and design_1_i/lorenz_reader_0/inst/solver_i/multiplier_z1/mult_out/B[16] (clocked by clk_fpga_0). Large setup violations at the end of those stages might be difficult to fix during the post-placement implementation flow and could be the result of non-optimal XDC constraints or non-optimal design architecture
Related violations: <none>

TIMING-16#100 Warning
Large setup violation  
There is a large setup violation of -3.388 ns between design_1_i/lorenz_reader_0/inst/solver_i/integrator_x/v1_reg[1]/C (clocked by clk_fpga_0) and design_1_i/lorenz_reader_0/inst/solver_i/multiplier_z1/mult_out/B[17] (clocked by clk_fpga_0). Large setup violations at the end of those stages might be difficult to fix during the post-placement implementation flow and could be the result of non-optimal XDC constraints or non-optimal design architecture
Related violations: <none>

TIMING-16#101 Warning
Large setup violation  
There is a large setup violation of -3.395 ns between design_1_i/lorenz_reader_0/inst/solver_i/integrator_y/mult_out_i_2__1_psdsp/C (clocked by clk_fpga_0) and design_1_i/lorenz_reader_0/inst/solver_i/integrator_z/v1_reg[6]/D (clocked by clk_fpga_0). Large setup violations at the end of those stages might be difficult to fix during the post-placement implementation flow and could be the result of non-optimal XDC constraints or non-optimal design architecture
Related violations: <none>

TIMING-16#102 Warning
Large setup violation  
There is a large setup violation of -3.400 ns between design_1_i/lorenz_reader_0/inst/solver_i/integrator_x/v1_reg[1]/C (clocked by clk_fpga_0) and design_1_i/lorenz_reader_0/inst/solver_i/multiplier_z1/mult_out/B[1] (clocked by clk_fpga_0). Large setup violations at the end of those stages might be difficult to fix during the post-placement implementation flow and could be the result of non-optimal XDC constraints or non-optimal design architecture
Related violations: <none>

TIMING-16#103 Warning
Large setup violation  
There is a large setup violation of -3.403 ns between design_1_i/lorenz_reader_0/inst/solver_i/integrator_x/v1_reg[1]/C (clocked by clk_fpga_0) and design_1_i/lorenz_reader_0/inst/solver_i/multiplier_y/mult_out__0/A[16] (clocked by clk_fpga_0). Large setup violations at the end of those stages might be difficult to fix during the post-placement implementation flow and could be the result of non-optimal XDC constraints or non-optimal design architecture
Related violations: <none>

TIMING-16#104 Warning
Large setup violation  
There is a large setup violation of -3.409 ns between design_1_i/lorenz_reader_0/inst/solver_i/integrator_x/v1_reg[1]/C (clocked by clk_fpga_0) and design_1_i/lorenz_reader_0/inst/solver_i/multiplier_z1/mult_out/B[5] (clocked by clk_fpga_0). Large setup violations at the end of those stages might be difficult to fix during the post-placement implementation flow and could be the result of non-optimal XDC constraints or non-optimal design architecture
Related violations: <none>

TIMING-16#105 Warning
Large setup violation  
There is a large setup violation of -3.417 ns between design_1_i/lorenz_reader_0/inst/solver_i/integrator_x/v1_reg[1]/C (clocked by clk_fpga_0) and design_1_i/lorenz_reader_0/inst/solver_i/multiplier_z1/mult_out/B[2] (clocked by clk_fpga_0). Large setup violations at the end of those stages might be difficult to fix during the post-placement implementation flow and could be the result of non-optimal XDC constraints or non-optimal design architecture
Related violations: <none>

TIMING-16#106 Warning
Large setup violation  
There is a large setup violation of -3.428 ns between design_1_i/lorenz_reader_0/inst/solver_i/integrator_x/v1_reg[1]/C (clocked by clk_fpga_0) and design_1_i/lorenz_reader_0/inst/solver_i/multiplier_z1/mult_out/B[7] (clocked by clk_fpga_0). Large setup violations at the end of those stages might be difficult to fix during the post-placement implementation flow and could be the result of non-optimal XDC constraints or non-optimal design architecture
Related violations: <none>

TIMING-16#107 Warning
Large setup violation  
There is a large setup violation of -3.431 ns between design_1_i/lorenz_reader_0/inst/solver_i/integrator_x/v1_reg[1]/C (clocked by clk_fpga_0) and design_1_i/lorenz_reader_0/inst/solver_i/integrator_x/mult_out_i_1__0_psdsp/D (clocked by clk_fpga_0). Large setup violations at the end of those stages might be difficult to fix during the post-placement implementation flow and could be the result of non-optimal XDC constraints or non-optimal design architecture
Related violations: <none>

TIMING-16#108 Warning
Large setup violation  
There is a large setup violation of -3.434 ns between design_1_i/lorenz_reader_0/inst/solver_i/integrator_y/mult_out_i_2__1_psdsp/C (clocked by clk_fpga_0) and design_1_i/lorenz_reader_0/inst/solver_i/integrator_z/v1_reg[7]/D (clocked by clk_fpga_0). Large setup violations at the end of those stages might be difficult to fix during the post-placement implementation flow and could be the result of non-optimal XDC constraints or non-optimal design architecture
Related violations: <none>

TIMING-16#109 Warning
Large setup violation  
There is a large setup violation of -3.435 ns between design_1_i/lorenz_reader_0/inst/solver_i/integrator_y/mult_out_i_2__1_psdsp/C (clocked by clk_fpga_0) and design_1_i/lorenz_reader_0/inst/solver_i/integrator_z/v1_reg[16]/D (clocked by clk_fpga_0). Large setup violations at the end of those stages might be difficult to fix during the post-placement implementation flow and could be the result of non-optimal XDC constraints or non-optimal design architecture
Related violations: <none>

TIMING-16#110 Warning
Large setup violation  
There is a large setup violation of -3.436 ns between design_1_i/lorenz_reader_0/inst/solver_i/integrator_x/v1_reg[1]/C (clocked by clk_fpga_0) and design_1_i/lorenz_reader_0/inst/solver_i/multiplier_y/mult_out__1/A[16] (clocked by clk_fpga_0). Large setup violations at the end of those stages might be difficult to fix during the post-placement implementation flow and could be the result of non-optimal XDC constraints or non-optimal design architecture
Related violations: <none>

TIMING-16#111 Warning
Large setup violation  
There is a large setup violation of -3.437 ns between design_1_i/lorenz_reader_0/inst/solver_i/integrator_x/v1_reg[1]/C (clocked by clk_fpga_0) and design_1_i/lorenz_reader_0/inst/solver_i/integrator_x/mult_out_i_2__0_psdsp/D (clocked by clk_fpga_0). Large setup violations at the end of those stages might be difficult to fix during the post-placement implementation flow and could be the result of non-optimal XDC constraints or non-optimal design architecture
Related violations: <none>

TIMING-16#112 Warning
Large setup violation  
There is a large setup violation of -3.451 ns between design_1_i/lorenz_reader_0/inst/solver_i/integrator_y/mult_out_i_2__1_psdsp/C (clocked by clk_fpga_0) and design_1_i/lorenz_reader_0/inst/solver_i/integrator_z/v1_reg[18]/D (clocked by clk_fpga_0). Large setup violations at the end of those stages might be difficult to fix during the post-placement implementation flow and could be the result of non-optimal XDC constraints or non-optimal design architecture
Related violations: <none>

TIMING-16#113 Warning
Large setup violation  
There is a large setup violation of -3.458 ns between design_1_i/lorenz_reader_0/inst/solver_i/integrator_x/v1_reg[1]/C (clocked by clk_fpga_0) and design_1_i/lorenz_reader_0/inst/solver_i/multiplier_z1/mult_out/B[11] (clocked by clk_fpga_0). Large setup violations at the end of those stages might be difficult to fix during the post-placement implementation flow and could be the result of non-optimal XDC constraints or non-optimal design architecture
Related violations: <none>

TIMING-16#114 Warning
Large setup violation  
There is a large setup violation of -3.458 ns between design_1_i/lorenz_reader_0/inst/solver_i/integrator_x/v1_reg[1]/C (clocked by clk_fpga_0) and design_1_i/lorenz_reader_0/inst/solver_i/multiplier_z1/mult_out/B[15] (clocked by clk_fpga_0). Large setup violations at the end of those stages might be difficult to fix during the post-placement implementation flow and could be the result of non-optimal XDC constraints or non-optimal design architecture
Related violations: <none>

TIMING-16#115 Warning
Large setup violation  
There is a large setup violation of -3.463 ns between design_1_i/lorenz_reader_0/inst/solver_i/integrator_z/v1_reg[6]/C (clocked by clk_fpga_0) and design_1_i/lorenz_reader_0/inst/solver_i/integrator_y/v1_reg[4]/D (clocked by clk_fpga_0). Large setup violations at the end of those stages might be difficult to fix during the post-placement implementation flow and could be the result of non-optimal XDC constraints or non-optimal design architecture
Related violations: <none>

TIMING-16#116 Warning
Large setup violation  
There is a large setup violation of -3.478 ns between design_1_i/lorenz_reader_0/inst/solver_i/integrator_x/v1_reg[1]/C (clocked by clk_fpga_0) and design_1_i/lorenz_reader_0/inst/solver_i/multiplier_z1/mult_out__1/A[16] (clocked by clk_fpga_0). Large setup violations at the end of those stages might be difficult to fix during the post-placement implementation flow and could be the result of non-optimal XDC constraints or non-optimal design architecture
Related violations: <none>

TIMING-16#117 Warning
Large setup violation  
There is a large setup violation of -3.497 ns between design_1_i/lorenz_reader_0/inst/solver_i/integrator_x/v1_reg[1]/C (clocked by clk_fpga_0) and design_1_i/lorenz_reader_0/inst/solver_i/multiplier_z1/mult_out__0/A[16] (clocked by clk_fpga_0). Large setup violations at the end of those stages might be difficult to fix during the post-placement implementation flow and could be the result of non-optimal XDC constraints or non-optimal design architecture
Related violations: <none>

TIMING-16#118 Warning
Large setup violation  
There is a large setup violation of -3.540 ns between design_1_i/lorenz_reader_0/inst/solver_i/integrator_y/mult_out_i_2__1_psdsp/C (clocked by clk_fpga_0) and design_1_i/lorenz_reader_0/inst/solver_i/integrator_z/v1_reg[12]_replica/D (clocked by clk_fpga_0). Large setup violations at the end of those stages might be difficult to fix during the post-placement implementation flow and could be the result of non-optimal XDC constraints or non-optimal design architecture
Related violations: <none>

TIMING-16#119 Warning
Large setup violation  
There is a large setup violation of -3.546 ns between design_1_i/lorenz_reader_0/inst/solver_i/integrator_y/mult_out_i_2__1_psdsp/C (clocked by clk_fpga_0) and design_1_i/lorenz_reader_0/inst/solver_i/integrator_z/v1_reg[17]/D (clocked by clk_fpga_0). Large setup violations at the end of those stages might be difficult to fix during the post-placement implementation flow and could be the result of non-optimal XDC constraints or non-optimal design architecture
Related violations: <none>

TIMING-16#120 Warning
Large setup violation  
There is a large setup violation of -3.548 ns between design_1_i/lorenz_reader_0/inst/solver_i/integrator_y/mult_out_i_2__1_psdsp/C (clocked by clk_fpga_0) and design_1_i/lorenz_reader_0/inst/solver_i/integrator_z/v1_reg[20]/D (clocked by clk_fpga_0). Large setup violations at the end of those stages might be difficult to fix during the post-placement implementation flow and could be the result of non-optimal XDC constraints or non-optimal design architecture
Related violations: <none>

TIMING-16#121 Warning
Large setup violation  
There is a large setup violation of -3.564 ns between design_1_i/lorenz_reader_0/inst/solver_i/integrator_y/mult_out_i_2__1_psdsp/C (clocked by clk_fpga_0) and design_1_i/lorenz_reader_0/inst/solver_i/integrator_z/v1_reg[22]/D (clocked by clk_fpga_0). Large setup violations at the end of those stages might be difficult to fix during the post-placement implementation flow and could be the result of non-optimal XDC constraints or non-optimal design architecture
Related violations: <none>

TIMING-16#122 Warning
Large setup violation  
There is a large setup violation of -3.574 ns between design_1_i/lorenz_reader_0/inst/solver_i/integrator_z/v1_reg[6]/C (clocked by clk_fpga_0) and design_1_i/lorenz_reader_0/inst/solver_i/integrator_y/v1_reg[5]/D (clocked by clk_fpga_0). Large setup violations at the end of those stages might be difficult to fix during the post-placement implementation flow and could be the result of non-optimal XDC constraints or non-optimal design architecture
Related violations: <none>

TIMING-16#123 Warning
Large setup violation  
There is a large setup violation of -3.607 ns between design_1_i/lorenz_reader_0/inst/solver_i/integrator_x/v1_reg[1]/C (clocked by clk_fpga_0) and design_1_i/lorenz_reader_0/inst/solver_i/multiplier_z1/mult_out/B[3] (clocked by clk_fpga_0). Large setup violations at the end of those stages might be difficult to fix during the post-placement implementation flow and could be the result of non-optimal XDC constraints or non-optimal design architecture
Related violations: <none>

TIMING-16#124 Warning
Large setup violation  
There is a large setup violation of -3.636 ns between design_1_i/lorenz_reader_0/inst/solver_i/integrator_z/v1_reg[6]/C (clocked by clk_fpga_0) and design_1_i/lorenz_reader_0/inst/solver_i/integrator_y/v1_reg[6]/D (clocked by clk_fpga_0). Large setup violations at the end of those stages might be difficult to fix during the post-placement implementation flow and could be the result of non-optimal XDC constraints or non-optimal design architecture
Related violations: <none>

TIMING-16#125 Warning
Large setup violation  
There is a large setup violation of -3.638 ns between design_1_i/lorenz_reader_0/inst/solver_i/integrator_y/mult_out_i_2__1_psdsp/C (clocked by clk_fpga_0) and design_1_i/lorenz_reader_0/inst/solver_i/integrator_z/v1_reg[23]/D (clocked by clk_fpga_0). Large setup violations at the end of those stages might be difficult to fix during the post-placement implementation flow and could be the result of non-optimal XDC constraints or non-optimal design architecture
Related violations: <none>

TIMING-16#126 Warning
Large setup violation  
There is a large setup violation of -3.659 ns between design_1_i/lorenz_reader_0/inst/solver_i/integrator_y/mult_out_i_2__1_psdsp/C (clocked by clk_fpga_0) and design_1_i/lorenz_reader_0/inst/solver_i/integrator_z/v1_reg[21]/D (clocked by clk_fpga_0). Large setup violations at the end of those stages might be difficult to fix during the post-placement implementation flow and could be the result of non-optimal XDC constraints or non-optimal design architecture
Related violations: <none>

TIMING-16#127 Warning
Large setup violation  
There is a large setup violation of -3.661 ns between design_1_i/lorenz_reader_0/inst/solver_i/integrator_y/mult_out_i_2__1_psdsp/C (clocked by clk_fpga_0) and design_1_i/lorenz_reader_0/inst/solver_i/integrator_z/v1_reg[24]/D (clocked by clk_fpga_0). Large setup violations at the end of those stages might be difficult to fix during the post-placement implementation flow and could be the result of non-optimal XDC constraints or non-optimal design architecture
Related violations: <none>

TIMING-16#128 Warning
Large setup violation  
There is a large setup violation of -3.665 ns between design_1_i/lorenz_reader_0/inst/solver_i/integrator_y/mult_out_i_2__1_psdsp/C (clocked by clk_fpga_0) and design_1_i/lorenz_reader_0/inst/solver_i/integrator_z/v1_reg[8]/D (clocked by clk_fpga_0). Large setup violations at the end of those stages might be difficult to fix during the post-placement implementation flow and could be the result of non-optimal XDC constraints or non-optimal design architecture
Related violations: <none>

TIMING-16#129 Warning
Large setup violation  
There is a large setup violation of -3.677 ns between design_1_i/lorenz_reader_0/inst/solver_i/integrator_y/mult_out_i_2__1_psdsp/C (clocked by clk_fpga_0) and design_1_i/lorenz_reader_0/inst/solver_i/integrator_z/v1_reg[26]/D (clocked by clk_fpga_0). Large setup violations at the end of those stages might be difficult to fix during the post-placement implementation flow and could be the result of non-optimal XDC constraints or non-optimal design architecture
Related violations: <none>

TIMING-16#130 Warning
Large setup violation  
There is a large setup violation of -3.682 ns between design_1_i/lorenz_reader_0/inst/solver_i/integrator_y/mult_out_i_2__1_psdsp/C (clocked by clk_fpga_0) and design_1_i/lorenz_reader_0/inst/solver_i/integrator_z/v1_reg[10]/D (clocked by clk_fpga_0). Large setup violations at the end of those stages might be difficult to fix during the post-placement implementation flow and could be the result of non-optimal XDC constraints or non-optimal design architecture
Related violations: <none>

TIMING-16#131 Warning
Large setup violation  
There is a large setup violation of -3.696 ns between design_1_i/lorenz_reader_0/inst/solver_i/integrator_z/v1_reg[6]/C (clocked by clk_fpga_0) and design_1_i/lorenz_reader_0/inst/solver_i/integrator_y/v1_reg[7]/D (clocked by clk_fpga_0). Large setup violations at the end of those stages might be difficult to fix during the post-placement implementation flow and could be the result of non-optimal XDC constraints or non-optimal design architecture
Related violations: <none>

TIMING-16#132 Warning
Large setup violation  
There is a large setup violation of -3.743 ns between design_1_i/lorenz_reader_0/inst/solver_i/integrator_y/mult_out_i_2__1_psdsp/C (clocked by clk_fpga_0) and design_1_i/lorenz_reader_0/inst/solver_i/integrator_z/v1_reg[9]/D (clocked by clk_fpga_0). Large setup violations at the end of those stages might be difficult to fix during the post-placement implementation flow and could be the result of non-optimal XDC constraints or non-optimal design architecture
Related violations: <none>

TIMING-16#133 Warning
Large setup violation  
There is a large setup violation of -3.769 ns between design_1_i/lorenz_reader_0/inst/solver_i/integrator_y/mult_out_i_2__1_psdsp/C (clocked by clk_fpga_0) and design_1_i/lorenz_reader_0/inst/solver_i/integrator_z/v1_reg[11]/D (clocked by clk_fpga_0). Large setup violations at the end of those stages might be difficult to fix during the post-placement implementation flow and could be the result of non-optimal XDC constraints or non-optimal design architecture
Related violations: <none>

TIMING-16#134 Warning
Large setup violation  
There is a large setup violation of -3.772 ns between design_1_i/lorenz_reader_0/inst/solver_i/integrator_y/mult_out_i_2__1_psdsp/C (clocked by clk_fpga_0) and design_1_i/lorenz_reader_0/inst/solver_i/integrator_z/v1_reg[25]/D (clocked by clk_fpga_0). Large setup violations at the end of those stages might be difficult to fix during the post-placement implementation flow and could be the result of non-optimal XDC constraints or non-optimal design architecture
Related violations: <none>

TIMING-16#135 Warning
Large setup violation  
There is a large setup violation of -3.828 ns between design_1_i/lorenz_reader_0/inst/solver_i/integrator_z/v1_reg[6]/C (clocked by clk_fpga_0) and design_1_i/lorenz_reader_0/inst/solver_i/integrator_y/v1_reg[8]/D (clocked by clk_fpga_0). Large setup violations at the end of those stages might be difficult to fix during the post-placement implementation flow and could be the result of non-optimal XDC constraints or non-optimal design architecture
Related violations: <none>

TIMING-16#136 Warning
Large setup violation  
There is a large setup violation of -3.932 ns between design_1_i/lorenz_reader_0/inst/solver_i/integrator_z/v1_reg[6]/C (clocked by clk_fpga_0) and design_1_i/lorenz_reader_0/inst/solver_i/integrator_y/v1_reg[10]/D (clocked by clk_fpga_0). Large setup violations at the end of those stages might be difficult to fix during the post-placement implementation flow and could be the result of non-optimal XDC constraints or non-optimal design architecture
Related violations: <none>

TIMING-16#137 Warning
Large setup violation  
There is a large setup violation of -3.939 ns between design_1_i/lorenz_reader_0/inst/solver_i/integrator_z/v1_reg[6]/C (clocked by clk_fpga_0) and design_1_i/lorenz_reader_0/inst/solver_i/integrator_y/v1_reg[9]/D (clocked by clk_fpga_0). Large setup violations at the end of those stages might be difficult to fix during the post-placement implementation flow and could be the result of non-optimal XDC constraints or non-optimal design architecture
Related violations: <none>

TIMING-16#138 Warning
Large setup violation  
There is a large setup violation of -3.992 ns between design_1_i/lorenz_reader_0/inst/solver_i/integrator_z/v1_reg[6]/C (clocked by clk_fpga_0) and design_1_i/lorenz_reader_0/inst/solver_i/integrator_y/v1_reg[11]/D (clocked by clk_fpga_0). Large setup violations at the end of those stages might be difficult to fix during the post-placement implementation flow and could be the result of non-optimal XDC constraints or non-optimal design architecture
Related violations: <none>

TIMING-16#139 Warning
Large setup violation  
There is a large setup violation of -4.041 ns between design_1_i/lorenz_reader_0/inst/solver_i/integrator_z/v1_reg[6]/C (clocked by clk_fpga_0) and design_1_i/lorenz_reader_0/inst/solver_i/integrator_y/mult_out_i_13__0_psdsp_1/D (clocked by clk_fpga_0). Large setup violations at the end of those stages might be difficult to fix during the post-placement implementation flow and could be the result of non-optimal XDC constraints or non-optimal design architecture
Related violations: <none>

TIMING-16#140 Warning
Large setup violation  
There is a large setup violation of -4.053 ns between design_1_i/lorenz_reader_0/inst/solver_i/integrator_z/v1_reg[6]/C (clocked by clk_fpga_0) and design_1_i/lorenz_reader_0/inst/solver_i/integrator_y/mult_out_i_17__0_psdsp_1/D (clocked by clk_fpga_0). Large setup violations at the end of those stages might be difficult to fix during the post-placement implementation flow and could be the result of non-optimal XDC constraints or non-optimal design architecture
Related violations: <none>

TIMING-16#141 Warning
Large setup violation  
There is a large setup violation of -4.123 ns between design_1_i/lorenz_reader_0/inst/solver_i/integrator_z/v1_reg[6]/C (clocked by clk_fpga_0) and design_1_i/lorenz_reader_0/inst/solver_i/integrator_y/v1_reg[12]/D (clocked by clk_fpga_0). Large setup violations at the end of those stages might be difficult to fix during the post-placement implementation flow and could be the result of non-optimal XDC constraints or non-optimal design architecture
Related violations: <none>

TIMING-16#142 Warning
Large setup violation  
There is a large setup violation of -4.139 ns between design_1_i/lorenz_reader_0/inst/solver_i/integrator_z/v1_reg[6]/C (clocked by clk_fpga_0) and design_1_i/lorenz_reader_0/inst/solver_i/integrator_y/v1_reg[14]/D (clocked by clk_fpga_0). Large setup violations at the end of those stages might be difficult to fix during the post-placement implementation flow and could be the result of non-optimal XDC constraints or non-optimal design architecture
Related violations: <none>

TIMING-16#143 Warning
Large setup violation  
There is a large setup violation of -4.194 ns between design_1_i/lorenz_reader_0/inst/solver_i/integrator_z/v1_reg[6]/C (clocked by clk_fpga_0) and design_1_i/lorenz_reader_0/inst/solver_i/integrator_y/mult_out_i_17__0_psdsp/D (clocked by clk_fpga_0). Large setup violations at the end of those stages might be difficult to fix during the post-placement implementation flow and could be the result of non-optimal XDC constraints or non-optimal design architecture
Related violations: <none>

TIMING-16#144 Warning
Large setup violation  
There is a large setup violation of -4.213 ns between design_1_i/lorenz_reader_0/inst/solver_i/integrator_z/v1_reg[6]/C (clocked by clk_fpga_0) and design_1_i/lorenz_reader_0/inst/solver_i/integrator_y/v1_reg[15]/D (clocked by clk_fpga_0). Large setup violations at the end of those stages might be difficult to fix during the post-placement implementation flow and could be the result of non-optimal XDC constraints or non-optimal design architecture
Related violations: <none>

TIMING-16#145 Warning
Large setup violation  
There is a large setup violation of -4.221 ns between design_1_i/lorenz_reader_0/inst/solver_i/integrator_y/mult_out_i_2__1_psdsp/C (clocked by clk_fpga_0) and design_1_i/lorenz_reader_0/inst/solver_i/multiplier_z2/mult_out__0/A[0] (clocked by clk_fpga_0). Large setup violations at the end of those stages might be difficult to fix during the post-placement implementation flow and could be the result of non-optimal XDC constraints or non-optimal design architecture
Related violations: <none>

TIMING-16#146 Warning
Large setup violation  
There is a large setup violation of -4.234 ns between design_1_i/lorenz_reader_0/inst/solver_i/integrator_z/v1_reg[6]/C (clocked by clk_fpga_0) and design_1_i/lorenz_reader_0/inst/solver_i/integrator_y/v1_reg[13]/D (clocked by clk_fpga_0). Large setup violations at the end of those stages might be difficult to fix during the post-placement implementation flow and could be the result of non-optimal XDC constraints or non-optimal design architecture
Related violations: <none>

TIMING-16#147 Warning
Large setup violation  
There is a large setup violation of -4.236 ns between design_1_i/lorenz_reader_0/inst/solver_i/integrator_z/v1_reg[6]/C (clocked by clk_fpga_0) and design_1_i/lorenz_reader_0/inst/solver_i/integrator_y/v1_reg[16]/D (clocked by clk_fpga_0). Large setup violations at the end of those stages might be difficult to fix during the post-placement implementation flow and could be the result of non-optimal XDC constraints or non-optimal design architecture
Related violations: <none>

TIMING-16#148 Warning
Large setup violation  
There is a large setup violation of -4.252 ns between design_1_i/lorenz_reader_0/inst/solver_i/integrator_z/v1_reg[6]/C (clocked by clk_fpga_0) and design_1_i/lorenz_reader_0/inst/solver_i/integrator_y/v1_reg[18]/D (clocked by clk_fpga_0). Large setup violations at the end of those stages might be difficult to fix during the post-placement implementation flow and could be the result of non-optimal XDC constraints or non-optimal design architecture
Related violations: <none>

TIMING-16#149 Warning
Large setup violation  
There is a large setup violation of -4.268 ns between design_1_i/lorenz_reader_0/inst/solver_i/integrator_y/mult_out_i_2__1_psdsp/C (clocked by clk_fpga_0) and design_1_i/lorenz_reader_0/inst/solver_i/multiplier_z2/mult_out__0/A[2] (clocked by clk_fpga_0). Large setup violations at the end of those stages might be difficult to fix during the post-placement implementation flow and could be the result of non-optimal XDC constraints or non-optimal design architecture
Related violations: <none>

TIMING-16#150 Warning
Large setup violation  
There is a large setup violation of -4.316 ns between design_1_i/lorenz_reader_0/inst/solver_i/integrator_y/mult_out_i_2__1_psdsp/C (clocked by clk_fpga_0) and design_1_i/lorenz_reader_0/inst/solver_i/multiplier_z2/mult_out__0/A[1] (clocked by clk_fpga_0). Large setup violations at the end of those stages might be difficult to fix during the post-placement implementation flow and could be the result of non-optimal XDC constraints or non-optimal design architecture
Related violations: <none>

TIMING-16#151 Warning
Large setup violation  
There is a large setup violation of -4.318 ns between design_1_i/lorenz_reader_0/inst/solver_i/integrator_y/mult_out_i_2__1_psdsp/C (clocked by clk_fpga_0) and design_1_i/lorenz_reader_0/inst/solver_i/multiplier_z2/mult_out__0/A[4] (clocked by clk_fpga_0). Large setup violations at the end of those stages might be difficult to fix during the post-placement implementation flow and could be the result of non-optimal XDC constraints or non-optimal design architecture
Related violations: <none>

TIMING-16#152 Warning
Large setup violation  
There is a large setup violation of -4.326 ns between design_1_i/lorenz_reader_0/inst/solver_i/integrator_z/v1_reg[6]/C (clocked by clk_fpga_0) and design_1_i/lorenz_reader_0/inst/solver_i/integrator_y/v1_reg[19]/D (clocked by clk_fpga_0). Large setup violations at the end of those stages might be difficult to fix during the post-placement implementation flow and could be the result of non-optimal XDC constraints or non-optimal design architecture
Related violations: <none>

TIMING-16#153 Warning
Large setup violation  
There is a large setup violation of -4.331 ns between design_1_i/lorenz_reader_0/inst/solver_i/integrator_z/v1_reg[6]/C (clocked by clk_fpga_0) and design_1_i/lorenz_reader_0/inst/solver_i/integrator_y/mult_out_i_16__0_psdsp_1/D (clocked by clk_fpga_0). Large setup violations at the end of those stages might be difficult to fix during the post-placement implementation flow and could be the result of non-optimal XDC constraints or non-optimal design architecture
Related violations: <none>

TIMING-16#154 Warning
Large setup violation  
There is a large setup violation of -4.347 ns between design_1_i/lorenz_reader_0/inst/solver_i/integrator_z/v1_reg[6]/C (clocked by clk_fpga_0) and design_1_i/lorenz_reader_0/inst/solver_i/integrator_y/v1_reg[17]/D (clocked by clk_fpga_0). Large setup violations at the end of those stages might be difficult to fix during the post-placement implementation flow and could be the result of non-optimal XDC constraints or non-optimal design architecture
Related violations: <none>

TIMING-16#155 Warning
Large setup violation  
There is a large setup violation of -4.349 ns between design_1_i/lorenz_reader_0/inst/solver_i/integrator_z/v1_reg[6]/C (clocked by clk_fpga_0) and design_1_i/lorenz_reader_0/inst/solver_i/integrator_y/v1_reg[20]/D (clocked by clk_fpga_0). Large setup violations at the end of those stages might be difficult to fix during the post-placement implementation flow and could be the result of non-optimal XDC constraints or non-optimal design architecture
Related violations: <none>

TIMING-16#156 Warning
Large setup violation  
There is a large setup violation of -4.365 ns between design_1_i/lorenz_reader_0/inst/solver_i/integrator_z/v1_reg[6]/C (clocked by clk_fpga_0) and design_1_i/lorenz_reader_0/inst/solver_i/integrator_y/v1_reg[22]/D (clocked by clk_fpga_0). Large setup violations at the end of those stages might be difficult to fix during the post-placement implementation flow and could be the result of non-optimal XDC constraints or non-optimal design architecture
Related violations: <none>

TIMING-16#157 Warning
Large setup violation  
There is a large setup violation of -4.370 ns between design_1_i/lorenz_reader_0/inst/solver_i/integrator_z/v1_reg[6]/C (clocked by clk_fpga_0) and design_1_i/lorenz_reader_0/inst/solver_i/integrator_y/mult_out_i_11__0_psdsp_1/D (clocked by clk_fpga_0). Large setup violations at the end of those stages might be difficult to fix during the post-placement implementation flow and could be the result of non-optimal XDC constraints or non-optimal design architecture
Related violations: <none>

TIMING-16#158 Warning
Large setup violation  
There is a large setup violation of -4.372 ns between design_1_i/lorenz_reader_0/inst/solver_i/integrator_y/mult_out_i_2__1_psdsp/C (clocked by clk_fpga_0) and design_1_i/lorenz_reader_0/inst/solver_i/integrator_z/v1_reg[19]/D (clocked by clk_fpga_0). Large setup violations at the end of those stages might be difficult to fix during the post-placement implementation flow and could be the result of non-optimal XDC constraints or non-optimal design architecture
Related violations: <none>

TIMING-16#159 Warning
Large setup violation  
There is a large setup violation of -4.383 ns between design_1_i/lorenz_reader_0/inst/solver_i/integrator_z/v1_reg[6]/C (clocked by clk_fpga_0) and design_1_i/lorenz_reader_0/inst/solver_i/integrator_y/mult_out_i_16__0_psdsp/D (clocked by clk_fpga_0). Large setup violations at the end of those stages might be difficult to fix during the post-placement implementation flow and could be the result of non-optimal XDC constraints or non-optimal design architecture
Related violations: <none>

TIMING-16#160 Warning
Large setup violation  
There is a large setup violation of -4.405 ns between design_1_i/lorenz_reader_0/inst/solver_i/integrator_z/v1_reg[6]/C (clocked by clk_fpga_0) and design_1_i/lorenz_reader_0/inst/solver_i/integrator_y/mult_out_i_12__0_psdsp_1/D (clocked by clk_fpga_0). Large setup violations at the end of those stages might be difficult to fix during the post-placement implementation flow and could be the result of non-optimal XDC constraints or non-optimal design architecture
Related violations: <none>

TIMING-16#161 Warning
Large setup violation  
There is a large setup violation of -4.406 ns between design_1_i/lorenz_reader_0/inst/solver_i/integrator_z/v1_reg[6]/C (clocked by clk_fpga_0) and design_1_i/lorenz_reader_0/inst/solver_i/integrator_y/mult_out_i_12__0_psdsp/D (clocked by clk_fpga_0). Large setup violations at the end of those stages might be difficult to fix during the post-placement implementation flow and could be the result of non-optimal XDC constraints or non-optimal design architecture
Related violations: <none>

TIMING-16#162 Warning
Large setup violation  
There is a large setup violation of -4.432 ns between design_1_i/lorenz_reader_0/inst/solver_i/integrator_y/mult_out_i_2__1_psdsp/C (clocked by clk_fpga_0) and design_1_i/lorenz_reader_0/inst/solver_i/multiplier_z2/mult_out__0/A[8] (clocked by clk_fpga_0). Large setup violations at the end of those stages might be difficult to fix during the post-placement implementation flow and could be the result of non-optimal XDC constraints or non-optimal design architecture
Related violations: <none>

TIMING-16#163 Warning
Large setup violation  
There is a large setup violation of -4.439 ns between design_1_i/lorenz_reader_0/inst/solver_i/integrator_z/v1_reg[6]/C (clocked by clk_fpga_0) and design_1_i/lorenz_reader_0/inst/solver_i/integrator_y/v1_reg[23]/D (clocked by clk_fpga_0). Large setup violations at the end of those stages might be difficult to fix during the post-placement implementation flow and could be the result of non-optimal XDC constraints or non-optimal design architecture
Related violations: <none>

TIMING-16#164 Warning
Large setup violation  
There is a large setup violation of -4.460 ns between design_1_i/lorenz_reader_0/inst/solver_i/integrator_z/v1_reg[6]/C (clocked by clk_fpga_0) and design_1_i/lorenz_reader_0/inst/solver_i/integrator_y/v1_reg[21]/D (clocked by clk_fpga_0). Large setup violations at the end of those stages might be difficult to fix during the post-placement implementation flow and could be the result of non-optimal XDC constraints or non-optimal design architecture
Related violations: <none>

TIMING-16#165 Warning
Large setup violation  
There is a large setup violation of -4.462 ns between design_1_i/lorenz_reader_0/inst/solver_i/integrator_z/v1_reg[6]/C (clocked by clk_fpga_0) and design_1_i/lorenz_reader_0/inst/solver_i/integrator_y/v1_reg[24]/D (clocked by clk_fpga_0). Large setup violations at the end of those stages might be difficult to fix during the post-placement implementation flow and could be the result of non-optimal XDC constraints or non-optimal design architecture
Related violations: <none>

TIMING-16#166 Warning
Large setup violation  
There is a large setup violation of -4.469 ns between design_1_i/lorenz_reader_0/inst/solver_i/integrator_y/mult_out_i_2__1_psdsp/C (clocked by clk_fpga_0) and design_1_i/lorenz_reader_0/inst/solver_i/multiplier_z2/mult_out__0/A[6] (clocked by clk_fpga_0). Large setup violations at the end of those stages might be difficult to fix during the post-placement implementation flow and could be the result of non-optimal XDC constraints or non-optimal design architecture
Related violations: <none>

TIMING-16#167 Warning
Large setup violation  
There is a large setup violation of -4.478 ns between design_1_i/lorenz_reader_0/inst/solver_i/integrator_z/v1_reg[6]/C (clocked by clk_fpga_0) and design_1_i/lorenz_reader_0/inst/solver_i/integrator_y/v1_reg[26]/D (clocked by clk_fpga_0). Large setup violations at the end of those stages might be difficult to fix during the post-placement implementation flow and could be the result of non-optimal XDC constraints or non-optimal design architecture
Related violations: <none>

TIMING-16#168 Warning
Large setup violation  
There is a large setup violation of -4.499 ns between design_1_i/lorenz_reader_0/inst/solver_i/integrator_z/v1_reg[6]/C (clocked by clk_fpga_0) and design_1_i/lorenz_reader_0/inst/solver_i/integrator_y/mult_out_i_10__0_psdsp_1/D (clocked by clk_fpga_0). Large setup violations at the end of those stages might be difficult to fix during the post-placement implementation flow and could be the result of non-optimal XDC constraints or non-optimal design architecture
Related violations: <none>

TIMING-16#169 Warning
Large setup violation  
There is a large setup violation of -4.512 ns between design_1_i/lorenz_reader_0/inst/solver_i/integrator_z/v1_reg[6]/C (clocked by clk_fpga_0) and design_1_i/lorenz_reader_0/inst/solver_i/integrator_y/mult_out_i_10__0_psdsp/D (clocked by clk_fpga_0). Large setup violations at the end of those stages might be difficult to fix during the post-placement implementation flow and could be the result of non-optimal XDC constraints or non-optimal design architecture
Related violations: <none>

TIMING-16#170 Warning
Large setup violation  
There is a large setup violation of -4.572 ns between design_1_i/lorenz_reader_0/inst/solver_i/integrator_y/mult_out_i_2__1_psdsp/C (clocked by clk_fpga_0) and design_1_i/lorenz_reader_0/inst/solver_i/integrator_z/mult_out_i_1_psdsp/D (clocked by clk_fpga_0). Large setup violations at the end of those stages might be difficult to fix during the post-placement implementation flow and could be the result of non-optimal XDC constraints or non-optimal design architecture
Related violations: <none>

TIMING-16#171 Warning
Large setup violation  
There is a large setup violation of -4.573 ns between design_1_i/lorenz_reader_0/inst/solver_i/integrator_z/v1_reg[6]/C (clocked by clk_fpga_0) and design_1_i/lorenz_reader_0/inst/solver_i/integrator_y/v1_reg[25]/D (clocked by clk_fpga_0). Large setup violations at the end of those stages might be difficult to fix during the post-placement implementation flow and could be the result of non-optimal XDC constraints or non-optimal design architecture
Related violations: <none>

TIMING-16#172 Warning
Large setup violation  
There is a large setup violation of -4.576 ns between design_1_i/lorenz_reader_0/inst/solver_i/integrator_y/mult_out_i_2__1_psdsp/C (clocked by clk_fpga_0) and design_1_i/lorenz_reader_0/inst/solver_i/multiplier_z2/mult_out__0/A[10] (clocked by clk_fpga_0). Large setup violations at the end of those stages might be difficult to fix during the post-placement implementation flow and could be the result of non-optimal XDC constraints or non-optimal design architecture
Related violations: <none>

TIMING-16#173 Warning
Large setup violation  
There is a large setup violation of -4.576 ns between design_1_i/lorenz_reader_0/inst/solver_i/integrator_y/mult_out_i_2__1_psdsp/C (clocked by clk_fpga_0) and design_1_i/lorenz_reader_0/inst/solver_i/multiplier_z2/mult_out__0/A[7] (clocked by clk_fpga_0). Large setup violations at the end of those stages might be difficult to fix during the post-placement implementation flow and could be the result of non-optimal XDC constraints or non-optimal design architecture
Related violations: <none>

TIMING-16#174 Warning
Large setup violation  
There is a large setup violation of -4.581 ns between design_1_i/lorenz_reader_0/inst/solver_i/integrator_y/mult_out_i_2__1_psdsp/C (clocked by clk_fpga_0) and design_1_i/lorenz_reader_0/inst/solver_i/integrator_z/mult_out_i_2_psdsp/D (clocked by clk_fpga_0). Large setup violations at the end of those stages might be difficult to fix during the post-placement implementation flow and could be the result of non-optimal XDC constraints or non-optimal design architecture
Related violations: <none>

TIMING-16#175 Warning
Large setup violation  
There is a large setup violation of -4.582 ns between design_1_i/lorenz_reader_0/inst/solver_i/integrator_z/v1_reg[6]/C (clocked by clk_fpga_0) and design_1_i/lorenz_reader_0/inst/solver_i/integrator_y/mult_out_i_15__0_psdsp/D (clocked by clk_fpga_0). Large setup violations at the end of those stages might be difficult to fix during the post-placement implementation flow and could be the result of non-optimal XDC constraints or non-optimal design architecture
Related violations: <none>

TIMING-16#176 Warning
Large setup violation  
There is a large setup violation of -4.589 ns between design_1_i/lorenz_reader_0/inst/solver_i/integrator_y/mult_out_i_2__1_psdsp/C (clocked by clk_fpga_0) and design_1_i/lorenz_reader_0/inst/solver_i/multiplier_z2/mult_out__0/A[5] (clocked by clk_fpga_0). Large setup violations at the end of those stages might be difficult to fix during the post-placement implementation flow and could be the result of non-optimal XDC constraints or non-optimal design architecture
Related violations: <none>

TIMING-16#177 Warning
Large setup violation  
There is a large setup violation of -4.597 ns between design_1_i/lorenz_reader_0/inst/solver_i/integrator_y/mult_out_i_2__1_psdsp/C (clocked by clk_fpga_0) and design_1_i/lorenz_reader_0/inst/solver_i/multiplier_z2/mult_out__0/A[11] (clocked by clk_fpga_0). Large setup violations at the end of those stages might be difficult to fix during the post-placement implementation flow and could be the result of non-optimal XDC constraints or non-optimal design architecture
Related violations: <none>

TIMING-16#178 Warning
Large setup violation  
There is a large setup violation of -4.598 ns between design_1_i/lorenz_reader_0/inst/solver_i/integrator_y/mult_out_i_2__1_psdsp/C (clocked by clk_fpga_0) and design_1_i/lorenz_reader_0/inst/solver_i/multiplier_z2/mult_out__0/A[12] (clocked by clk_fpga_0). Large setup violations at the end of those stages might be difficult to fix during the post-placement implementation flow and could be the result of non-optimal XDC constraints or non-optimal design architecture
Related violations: <none>

TIMING-16#179 Warning
Large setup violation  
There is a large setup violation of -4.618 ns between design_1_i/lorenz_reader_0/inst/solver_i/integrator_z/v1_reg[6]/C (clocked by clk_fpga_0) and design_1_i/lorenz_reader_0/inst/solver_i/integrator_y/mult_out_i_9__0_psdsp_1/D (clocked by clk_fpga_0). Large setup violations at the end of those stages might be difficult to fix during the post-placement implementation flow and could be the result of non-optimal XDC constraints or non-optimal design architecture
Related violations: <none>

TIMING-16#180 Warning
Large setup violation  
There is a large setup violation of -4.620 ns between design_1_i/lorenz_reader_0/inst/solver_i/integrator_y/mult_out_i_2__1_psdsp/C (clocked by clk_fpga_0) and design_1_i/lorenz_reader_0/inst/solver_i/multiplier_z2/mult_out__0/A[3] (clocked by clk_fpga_0). Large setup violations at the end of those stages might be difficult to fix during the post-placement implementation flow and could be the result of non-optimal XDC constraints or non-optimal design architecture
Related violations: <none>

TIMING-16#181 Warning
Large setup violation  
There is a large setup violation of -4.620 ns between design_1_i/lorenz_reader_0/inst/solver_i/integrator_z/v1_reg[6]/C (clocked by clk_fpga_0) and design_1_i/lorenz_reader_0/inst/solver_i/integrator_y/mult_out_i_14__0_psdsp/D (clocked by clk_fpga_0). Large setup violations at the end of those stages might be difficult to fix during the post-placement implementation flow and could be the result of non-optimal XDC constraints or non-optimal design architecture
Related violations: <none>

TIMING-16#182 Warning
Large setup violation  
There is a large setup violation of -4.650 ns between design_1_i/lorenz_reader_0/inst/solver_i/integrator_y/mult_out_i_2__1_psdsp/C (clocked by clk_fpga_0) and design_1_i/lorenz_reader_0/inst/solver_i/multiplier_z2/mult_out__0/A[15] (clocked by clk_fpga_0). Large setup violations at the end of those stages might be difficult to fix during the post-placement implementation flow and could be the result of non-optimal XDC constraints or non-optimal design architecture
Related violations: <none>

TIMING-16#183 Warning
Large setup violation  
There is a large setup violation of -4.673 ns between design_1_i/lorenz_reader_0/inst/solver_i/integrator_y/mult_out_i_2__1_psdsp/C (clocked by clk_fpga_0) and design_1_i/lorenz_reader_0/inst/solver_i/multiplier_z2/mult_out__0/A[9] (clocked by clk_fpga_0). Large setup violations at the end of those stages might be difficult to fix during the post-placement implementation flow and could be the result of non-optimal XDC constraints or non-optimal design architecture
Related violations: <none>

TIMING-16#184 Warning
Large setup violation  
There is a large setup violation of -4.677 ns between design_1_i/lorenz_reader_0/inst/solver_i/integrator_y/mult_out_i_2__1_psdsp/C (clocked by clk_fpga_0) and design_1_i/lorenz_reader_0/inst/solver_i/multiplier_z2/mult_out__0/A[13] (clocked by clk_fpga_0). Large setup violations at the end of those stages might be difficult to fix during the post-placement implementation flow and could be the result of non-optimal XDC constraints or non-optimal design architecture
Related violations: <none>

TIMING-16#185 Warning
Large setup violation  
There is a large setup violation of -4.684 ns between design_1_i/lorenz_reader_0/inst/solver_i/integrator_z/v1_reg[6]/C (clocked by clk_fpga_0) and design_1_i/lorenz_reader_0/inst/solver_i/integrator_y/mult_out_i_14__0_psdsp_1/D (clocked by clk_fpga_0). Large setup violations at the end of those stages might be difficult to fix during the post-placement implementation flow and could be the result of non-optimal XDC constraints or non-optimal design architecture
Related violations: <none>

TIMING-16#186 Warning
Large setup violation  
There is a large setup violation of -4.688 ns between design_1_i/lorenz_reader_0/inst/solver_i/integrator_z/v1_reg[6]/C (clocked by clk_fpga_0) and design_1_i/lorenz_reader_0/inst/solver_i/integrator_y/mult_out_i_8__0_psdsp_1/D (clocked by clk_fpga_0). Large setup violations at the end of those stages might be difficult to fix during the post-placement implementation flow and could be the result of non-optimal XDC constraints or non-optimal design architecture
Related violations: <none>

TIMING-16#187 Warning
Large setup violation  
There is a large setup violation of -4.698 ns between design_1_i/lorenz_reader_0/inst/solver_i/integrator_z/v1_reg[6]/C (clocked by clk_fpga_0) and design_1_i/lorenz_reader_0/inst/solver_i/integrator_y/mult_out_i_15__0_psdsp_1/D (clocked by clk_fpga_0). Large setup violations at the end of those stages might be difficult to fix during the post-placement implementation flow and could be the result of non-optimal XDC constraints or non-optimal design architecture
Related violations: <none>

TIMING-16#188 Warning
Large setup violation  
There is a large setup violation of -4.701 ns between design_1_i/lorenz_reader_0/inst/solver_i/integrator_z/v1_reg[6]/C (clocked by clk_fpga_0) and design_1_i/lorenz_reader_0/inst/solver_i/integrator_y/mult_out_i_8__0_psdsp/D (clocked by clk_fpga_0). Large setup violations at the end of those stages might be difficult to fix during the post-placement implementation flow and could be the result of non-optimal XDC constraints or non-optimal design architecture
Related violations: <none>

TIMING-16#189 Warning
Large setup violation  
There is a large setup violation of -4.726 ns between design_1_i/lorenz_reader_0/inst/solver_i/integrator_y/mult_out_i_2__1_psdsp/C (clocked by clk_fpga_0) and design_1_i/lorenz_reader_0/inst/solver_i/multiplier_z2/mult_out__0/A[14] (clocked by clk_fpga_0). Large setup violations at the end of those stages might be difficult to fix during the post-placement implementation flow and could be the result of non-optimal XDC constraints or non-optimal design architecture
Related violations: <none>

TIMING-16#190 Warning
Large setup violation  
There is a large setup violation of -4.775 ns between design_1_i/lorenz_reader_0/inst/solver_i/integrator_y/mult_out_i_2__1_psdsp/C (clocked by clk_fpga_0) and design_1_i/lorenz_reader_0/inst/solver_i/multiplier_z2/mult_out__0/A[16] (clocked by clk_fpga_0). Large setup violations at the end of those stages might be difficult to fix during the post-placement implementation flow and could be the result of non-optimal XDC constraints or non-optimal design architecture
Related violations: <none>

TIMING-16#191 Warning
Large setup violation  
There is a large setup violation of -4.791 ns between design_1_i/lorenz_reader_0/inst/solver_i/integrator_z/v1_reg[6]/C (clocked by clk_fpga_0) and design_1_i/lorenz_reader_0/inst/solver_i/integrator_y/mult_out_i_11__0_psdsp/D (clocked by clk_fpga_0). Large setup violations at the end of those stages might be difficult to fix during the post-placement implementation flow and could be the result of non-optimal XDC constraints or non-optimal design architecture
Related violations: <none>

TIMING-16#192 Warning
Large setup violation  
There is a large setup violation of -4.795 ns between design_1_i/lorenz_reader_0/inst/solver_i/integrator_z/v1_reg[6]/C (clocked by clk_fpga_0) and design_1_i/lorenz_reader_0/inst/solver_i/integrator_y/mult_out_i_13__0_psdsp/D (clocked by clk_fpga_0). Large setup violations at the end of those stages might be difficult to fix during the post-placement implementation flow and could be the result of non-optimal XDC constraints or non-optimal design architecture
Related violations: <none>

TIMING-16#193 Warning
Large setup violation  
There is a large setup violation of -4.822 ns between design_1_i/lorenz_reader_0/inst/solver_i/integrator_z/v1_reg[6]/C (clocked by clk_fpga_0) and design_1_i/lorenz_reader_0/inst/solver_i/integrator_y/mult_out__1_i_9__0_psdsp/D (clocked by clk_fpga_0). Large setup violations at the end of those stages might be difficult to fix during the post-placement implementation flow and could be the result of non-optimal XDC constraints or non-optimal design architecture
Related violations: <none>

TIMING-16#194 Warning
Large setup violation  
There is a large setup violation of -4.868 ns between design_1_i/lorenz_reader_0/inst/solver_i/integrator_z/v1_reg[6]/C (clocked by clk_fpga_0) and design_1_i/lorenz_reader_0/inst/solver_i/integrator_y/mult_out_i_9__0_psdsp/D (clocked by clk_fpga_0). Large setup violations at the end of those stages might be difficult to fix during the post-placement implementation flow and could be the result of non-optimal XDC constraints or non-optimal design architecture
Related violations: <none>

TIMING-16#195 Warning
Large setup violation  
There is a large setup violation of -4.959 ns between design_1_i/lorenz_reader_0/inst/solver_i/integrator_z/v1_reg[6]/C (clocked by clk_fpga_0) and design_1_i/lorenz_reader_0/inst/solver_i/integrator_y/mult_out__1_i_3_psdsp/D (clocked by clk_fpga_0). Large setup violations at the end of those stages might be difficult to fix during the post-placement implementation flow and could be the result of non-optimal XDC constraints or non-optimal design architecture
Related violations: <none>

TIMING-16#196 Warning
Large setup violation  
There is a large setup violation of -4.973 ns between design_1_i/lorenz_reader_0/inst/solver_i/integrator_z/v1_reg[6]/C (clocked by clk_fpga_0) and design_1_i/lorenz_reader_0/inst/solver_i/integrator_y/mult_out_i_3_psdsp_1/D (clocked by clk_fpga_0). Large setup violations at the end of those stages might be difficult to fix during the post-placement implementation flow and could be the result of non-optimal XDC constraints or non-optimal design architecture
Related violations: <none>

TIMING-16#197 Warning
Large setup violation  
There is a large setup violation of -4.974 ns between design_1_i/lorenz_reader_0/inst/solver_i/integrator_z/v1_reg[6]/C (clocked by clk_fpga_0) and design_1_i/lorenz_reader_0/inst/solver_i/integrator_y/mult_out_i_3_psdsp/D (clocked by clk_fpga_0). Large setup violations at the end of those stages might be difficult to fix during the post-placement implementation flow and could be the result of non-optimal XDC constraints or non-optimal design architecture
Related violations: <none>

TIMING-16#198 Warning
Large setup violation  
There is a large setup violation of -4.977 ns between design_1_i/lorenz_reader_0/inst/solver_i/integrator_z/v1_reg[6]/C (clocked by clk_fpga_0) and design_1_i/lorenz_reader_0/inst/solver_i/integrator_y/mult_out_i_2__1_psdsp/D (clocked by clk_fpga_0). Large setup violations at the end of those stages might be difficult to fix during the post-placement implementation flow and could be the result of non-optimal XDC constraints or non-optimal design architecture
Related violations: <none>

TIMING-16#199 Warning
Large setup violation  
There is a large setup violation of -4.980 ns between design_1_i/lorenz_reader_0/inst/solver_i/integrator_z/v1_reg[6]/C (clocked by clk_fpga_0) and design_1_i/lorenz_reader_0/inst/solver_i/integrator_y/mult_out__1_i_7_psdsp/D (clocked by clk_fpga_0). Large setup violations at the end of those stages might be difficult to fix during the post-placement implementation flow and could be the result of non-optimal XDC constraints or non-optimal design architecture
Related violations: <none>

TIMING-16#200 Warning
Large setup violation  
There is a large setup violation of -4.983 ns between design_1_i/lorenz_reader_0/inst/solver_i/integrator_z/v1_reg[6]/C (clocked by clk_fpga_0) and design_1_i/lorenz_reader_0/inst/solver_i/integrator_y/mult_out__1_i_10__0_psdsp/D (clocked by clk_fpga_0). Large setup violations at the end of those stages might be difficult to fix during the post-placement implementation flow and could be the result of non-optimal XDC constraints or non-optimal design architecture
Related violations: <none>

TIMING-16#201 Warning
Large setup violation  
There is a large setup violation of -4.990 ns between design_1_i/lorenz_reader_0/inst/solver_i/integrator_z/v1_reg[6]/C (clocked by clk_fpga_0) and design_1_i/lorenz_reader_0/inst/solver_i/integrator_y/mult_out_i_2__1_psdsp_1/D (clocked by clk_fpga_0). Large setup violations at the end of those stages might be difficult to fix during the post-placement implementation flow and could be the result of non-optimal XDC constraints or non-optimal design architecture
Related violations: <none>

TIMING-16#202 Warning
Large setup violation  
There is a large setup violation of -5.005 ns between design_1_i/lorenz_reader_0/inst/solver_i/integrator_z/v1_reg[6]/C (clocked by clk_fpga_0) and design_1_i/lorenz_reader_0/inst/solver_i/integrator_y/mult_out__1_i_8_psdsp/D (clocked by clk_fpga_0). Large setup violations at the end of those stages might be difficult to fix during the post-placement implementation flow and could be the result of non-optimal XDC constraints or non-optimal design architecture
Related violations: <none>

TIMING-16#203 Warning
Large setup violation  
There is a large setup violation of -5.012 ns between design_1_i/lorenz_reader_0/inst/solver_i/integrator_z/v1_reg[6]/C (clocked by clk_fpga_0) and design_1_i/lorenz_reader_0/inst/solver_i/integrator_y/mult_out_i_4_psdsp_1/D (clocked by clk_fpga_0). Large setup violations at the end of those stages might be difficult to fix during the post-placement implementation flow and could be the result of non-optimal XDC constraints or non-optimal design architecture
Related violations: <none>

TIMING-16#204 Warning
Large setup violation  
There is a large setup violation of -5.013 ns between design_1_i/lorenz_reader_0/inst/solver_i/integrator_z/v1_reg[6]/C (clocked by clk_fpga_0) and design_1_i/lorenz_reader_0/inst/solver_i/integrator_y/mult_out_i_4_psdsp/D (clocked by clk_fpga_0). Large setup violations at the end of those stages might be difficult to fix during the post-placement implementation flow and could be the result of non-optimal XDC constraints or non-optimal design architecture
Related violations: <none>

TIMING-16#205 Warning
Large setup violation  
There is a large setup violation of -5.019 ns between design_1_i/lorenz_reader_0/inst/solver_i/integrator_z/v1_reg[6]/C (clocked by clk_fpga_0) and design_1_i/lorenz_reader_0/inst/solver_i/integrator_y/mult_out_i_6_psdsp/D (clocked by clk_fpga_0). Large setup violations at the end of those stages might be difficult to fix during the post-placement implementation flow and could be the result of non-optimal XDC constraints or non-optimal design architecture
Related violations: <none>

TIMING-16#206 Warning
Large setup violation  
There is a large setup violation of -5.032 ns between design_1_i/lorenz_reader_0/inst/solver_i/integrator_z/v1_reg[6]/C (clocked by clk_fpga_0) and design_1_i/lorenz_reader_0/inst/solver_i/integrator_y/mult_out_i_6_psdsp_1/D (clocked by clk_fpga_0). Large setup violations at the end of those stages might be difficult to fix during the post-placement implementation flow and could be the result of non-optimal XDC constraints or non-optimal design architecture
Related violations: <none>

TIMING-16#207 Warning
Large setup violation  
There is a large setup violation of -5.038 ns between design_1_i/lorenz_reader_0/inst/solver_i/integrator_z/v1_reg[6]/C (clocked by clk_fpga_0) and design_1_i/lorenz_reader_0/inst/solver_i/integrator_y/mult_out_i_7__0_psdsp_1/D (clocked by clk_fpga_0). Large setup violations at the end of those stages might be difficult to fix during the post-placement implementation flow and could be the result of non-optimal XDC constraints or non-optimal design architecture
Related violations: <none>

TIMING-16#208 Warning
Large setup violation  
There is a large setup violation of -5.040 ns between design_1_i/lorenz_reader_0/inst/solver_i/integrator_z/v1_reg[6]/C (clocked by clk_fpga_0) and design_1_i/lorenz_reader_0/inst/solver_i/integrator_y/mult_out_i_5_psdsp_1/D (clocked by clk_fpga_0). Large setup violations at the end of those stages might be difficult to fix during the post-placement implementation flow and could be the result of non-optimal XDC constraints or non-optimal design architecture
Related violations: <none>

TIMING-16#209 Warning
Large setup violation  
There is a large setup violation of -5.041 ns between design_1_i/lorenz_reader_0/inst/solver_i/integrator_z/v1_reg[6]/C (clocked by clk_fpga_0) and design_1_i/lorenz_reader_0/inst/solver_i/integrator_y/mult_out_i_5_psdsp/D (clocked by clk_fpga_0). Large setup violations at the end of those stages might be difficult to fix during the post-placement implementation flow and could be the result of non-optimal XDC constraints or non-optimal design architecture
Related violations: <none>

TIMING-16#210 Warning
Large setup violation  
There is a large setup violation of -5.053 ns between design_1_i/lorenz_reader_0/inst/solver_i/integrator_z/v1_reg[6]/C (clocked by clk_fpga_0) and design_1_i/lorenz_reader_0/inst/solver_i/integrator_y/mult_out_i_7__0_psdsp/D (clocked by clk_fpga_0). Large setup violations at the end of those stages might be difficult to fix during the post-placement implementation flow and could be the result of non-optimal XDC constraints or non-optimal design architecture
Related violations: <none>

TIMING-16#211 Warning
Large setup violation  
There is a large setup violation of -5.099 ns between design_1_i/lorenz_reader_0/inst/solver_i/integrator_z/v1_reg[6]/C (clocked by clk_fpga_0) and design_1_i/lorenz_reader_0/inst/solver_i/integrator_y/mult_out__1_i_5__0_psdsp/D (clocked by clk_fpga_0). Large setup violations at the end of those stages might be difficult to fix during the post-placement implementation flow and could be the result of non-optimal XDC constraints or non-optimal design architecture
Related violations: <none>

TIMING-16#212 Warning
Large setup violation  
There is a large setup violation of -5.103 ns between design_1_i/lorenz_reader_0/inst/solver_i/integrator_z/v1_reg[6]/C (clocked by clk_fpga_0) and design_1_i/lorenz_reader_0/inst/solver_i/integrator_y/mult_out__1_i_6_psdsp/D (clocked by clk_fpga_0). Large setup violations at the end of those stages might be difficult to fix during the post-placement implementation flow and could be the result of non-optimal XDC constraints or non-optimal design architecture
Related violations: <none>

TIMING-16#213 Warning
Large setup violation  
There is a large setup violation of -5.105 ns between design_1_i/lorenz_reader_0/inst/solver_i/integrator_z/v1_reg[6]/C (clocked by clk_fpga_0) and design_1_i/lorenz_reader_0/inst/solver_i/integrator_y/mult_out_i_1__1_psdsp_1/D (clocked by clk_fpga_0). Large setup violations at the end of those stages might be difficult to fix during the post-placement implementation flow and could be the result of non-optimal XDC constraints or non-optimal design architecture
Related violations: <none>

TIMING-16#214 Warning
Large setup violation  
There is a large setup violation of -5.111 ns between design_1_i/lorenz_reader_0/inst/solver_i/integrator_z/v1_reg[6]/C (clocked by clk_fpga_0) and design_1_i/lorenz_reader_0/inst/solver_i/integrator_y/mult_out__1_i_1_psdsp/D (clocked by clk_fpga_0). Large setup violations at the end of those stages might be difficult to fix during the post-placement implementation flow and could be the result of non-optimal XDC constraints or non-optimal design architecture
Related violations: <none>

TIMING-16#215 Warning
Large setup violation  
There is a large setup violation of -5.171 ns between design_1_i/lorenz_reader_0/inst/solver_i/integrator_z/v1_reg[6]/C (clocked by clk_fpga_0) and design_1_i/lorenz_reader_0/inst/solver_i/integrator_y/mult_out__1_i_2_psdsp/D (clocked by clk_fpga_0). Large setup violations at the end of those stages might be difficult to fix during the post-placement implementation flow and could be the result of non-optimal XDC constraints or non-optimal design architecture
Related violations: <none>

TIMING-16#216 Warning
Large setup violation  
There is a large setup violation of -5.185 ns between design_1_i/lorenz_reader_0/inst/solver_i/integrator_z/v1_reg[6]/C (clocked by clk_fpga_0) and design_1_i/lorenz_reader_0/inst/solver_i/integrator_y/mult_out__1_i_4__0_psdsp/D (clocked by clk_fpga_0). Large setup violations at the end of those stages might be difficult to fix during the post-placement implementation flow and could be the result of non-optimal XDC constraints or non-optimal design architecture
Related violations: <none>

TIMING-16#217 Warning
Large setup violation  
There is a large setup violation of -5.340 ns between design_1_i/lorenz_reader_0/inst/solver_i/integrator_z/v1_reg[6]/C (clocked by clk_fpga_0) and design_1_i/lorenz_reader_0/inst/solver_i/integrator_y/mult_out_i_1__1_psdsp/D (clocked by clk_fpga_0). Large setup violations at the end of those stages might be difficult to fix during the post-placement implementation flow and could be the result of non-optimal XDC constraints or non-optimal design architecture
Related violations: <none>

TIMING-18#1 Warning
Missing input or output delay  
An input delay is missing on hdmi_in_ddc_scl_io relative to the rising and/or falling clock edge(s) of clk_fpga_2.
Related violations: <none>

TIMING-18#2 Warning
Missing input or output delay  
An input delay is missing on hdmi_in_ddc_sda_io relative to the rising and/or falling clock edge(s) of clk_fpga_2.
Related violations: <none>

TIMING-18#3 Warning
Missing input or output delay  
An output delay is missing on hdmi_in_ddc_sda_io relative to the rising and/or falling clock edge(s) of clk_fpga_2.
Related violations: <none>

TIMING-18#4 Warning
Missing input or output delay  
An output delay is missing on hdmi_in_hpd_tri_o[0] relative to the rising and/or falling clock edge(s) of clk_fpga_0.
Related violations: <none>

ULMTCS-1#1 Warning
Control Sets use limits recommend reduction  
This design uses 502 control sets (vs. available limit of 4400, determined by 1 control set per CLB). This exceeds the control set use guideline of 7.5 percent. This is at a level where reduction is RECOMMENDED (see UG949). Use report_control_sets to get more details.
Related violations: <none>

XDCB-5#1 Warning
Runtime inefficient way to find pin objects  
The option '-through : [get_pins -filter {NAME =~ */*SyncAsync*/oSyncStages_reg[0]/D} -hier]' of constraint 'set_false_path' uses inefficient query to find pin objects (see constraint position '3' in the Timing Constraint window in Vivado IDE). To reduce runtime, it is recommended to get the pins through the cell objects. Please refer to Using Constraints Guide (Constraints Efficiency). An example of optimal query is: get_pins -filter {REF_PIN_NAME=~yy*} -of_objects [get_cells -hierarchical xx*].
Current XDC: /home/zkarim28/Meng/MEng_ZYBO/lorenz_ip_hdmi/fpga_hdmi_custom/Zybo-Z7-HW/Zybo-Z7-HW.gen/sources_1/bd/design_1/ip/design_1_dvi2rgb_0_0/src/dvi2rgb.xdc (Line: 13)
Related violations: <none>

XDCB-5#2 Warning
Runtime inefficient way to find pin objects  
The option '-through : [get_pins -filter {NAME =~ *SyncAsync*/oSyncStages_reg[0]/D} -hier]' of constraint 'set_false_path' uses inefficient query to find pin objects (see constraint position '15' in the Timing Constraint window in Vivado IDE). To reduce runtime, it is recommended to get the pins through the cell objects. Please refer to Using Constraints Guide (Constraints Efficiency). An example of optimal query is: get_pins -filter {REF_PIN_NAME=~yy*} -of_objects [get_cells -hierarchical xx*].
Current XDC: /home/zkarim28/Meng/MEng_ZYBO/lorenz_ip_hdmi/fpga_hdmi_custom/Zybo-Z7-HW/Zybo-Z7-HW.gen/sources_1/bd/design_1/ip/design_1_rgb2dvi_1_0/src/rgb2dvi.xdc (Line: 5)
Related violations: <none>


