
*** Running vivado
    with args -log design_1_wrapper.vdi -applog -m64 -product Vivado -messageDb vivado.pb -mode batch -source design_1_wrapper.tcl -notrace


****** Vivado v2024.1 (64-bit)
  **** SW Build 5076996 on Wed May 22 18:36:09 MDT 2024
  **** IP Build 5075265 on Wed May 22 21:45:21 MDT 2024
  **** SharedData Build 5076995 on Wed May 22 18:29:18 MDT 2024
  **** Start of session at: Thu Sep 17 22:30:42 2026
    ** Copyright 1986-2022 Xilinx, Inc. All Rights Reserved.
    ** Copyright 2022-2024 Advanced Micro Devices, Inc. All Rights Reserved.

source design_1_wrapper.tcl -notrace
create_project: Time (s): cpu = 00:00:07 ; elapsed = 00:00:07 . Memory (MB): peak = 1665.199 ; gain = 64.832 ; free physical = 1480 ; free virtual = 17041
INFO: [IP_Flow 19-234] Refreshing IP repositories
INFO: [IP_Flow 19-1700] Loaded user IP repository '/home/zkarim28/Meng/MEng_ZYBO/lorenz_ip_hdmi/fpga_hdmi_custom/ip_repo/free_counter_1_0'.
INFO: [IP_Flow 19-1700] Loaded user IP repository '/home/zkarim28/Meng/MEng_ZYBO/lorenz_ip_hdmi/fpga_hdmi_custom/ip_repo/switch_reader_1_0'.
INFO: [IP_Flow 19-1700] Loaded user IP repository '/home/zkarim28/Meng/MEng_ZYBO/lorenz_ip_hdmi/ip_repo/lorenz_reader_1_0'.
INFO: [IP_Flow 19-1700] Loaded user IP repository '/home/zkarim28/Meng/MEng_ZYBO/lorenz_ip_hdmi/fpga_hdmi_custom/Zybo-Z7-HW/Zybo-Z7-HW.ipdefs/repo'.
INFO: [IP_Flow 19-2313] Loaded Vivado IP repository '/tools/Xilinx/Vivado/2024.1/data/ip'.
Command: link_design -top design_1_wrapper -part xc7z010clg400-1
Design is defaulting to srcset: sources_1
Design is defaulting to constrset: constrs_1
INFO: [Device 21-403] Loading part xc7z010clg400-1
INFO: [Device 21-9227] Part: xc7z010clg400-1 does not have CEAM library.
INFO: [Project 1-454] Reading design checkpoint '/home/zkarim28/Meng/MEng_ZYBO/lorenz_ip_hdmi/fpga_hdmi_custom/Zybo-Z7-HW/Zybo-Z7-HW.gen/sources_1/bd/design_1/ip/design_1_axi_dynclk_0_0/design_1_axi_dynclk_0_0.dcp' for cell 'design_1_i/axi_dynclk_0'
INFO: [Project 1-454] Reading design checkpoint '/home/zkarim28/Meng/MEng_ZYBO/lorenz_ip_hdmi/fpga_hdmi_custom/Zybo-Z7-HW/Zybo-Z7-HW.gen/sources_1/bd/design_1/ip/design_1_axi_gpio_video_0/design_1_axi_gpio_video_0.dcp' for cell 'design_1_i/axi_gpio_video'
INFO: [Project 1-454] Reading design checkpoint '/home/zkarim28/Meng/MEng_ZYBO/lorenz_ip_hdmi/fpga_hdmi_custom/Zybo-Z7-HW/Zybo-Z7-HW.gen/sources_1/bd/design_1/ip/design_1_axi_vdma_0_0/design_1_axi_vdma_0_0.dcp' for cell 'design_1_i/axi_vdma_0'
INFO: [Project 1-454] Reading design checkpoint '/home/zkarim28/Meng/MEng_ZYBO/lorenz_ip_hdmi/fpga_hdmi_custom/Zybo-Z7-HW/Zybo-Z7-HW.gen/sources_1/bd/design_1/ip/design_1_axis_subset_converter_in_0/design_1_axis_subset_converter_in_0.dcp' for cell 'design_1_i/axis_subset_converter_in'
INFO: [Project 1-454] Reading design checkpoint '/home/zkarim28/Meng/MEng_ZYBO/lorenz_ip_hdmi/fpga_hdmi_custom/Zybo-Z7-HW/Zybo-Z7-HW.gen/sources_1/bd/design_1/ip/design_1_axis_subset_converter_out_0/design_1_axis_subset_converter_out_0.dcp' for cell 'design_1_i/axis_subset_converter_out'
INFO: [Project 1-454] Reading design checkpoint '/home/zkarim28/Meng/MEng_ZYBO/lorenz_ip_hdmi/fpga_hdmi_custom/Zybo-Z7-HW/Zybo-Z7-HW.gen/sources_1/bd/design_1/ip/design_1_dvi2rgb_0_0/design_1_dvi2rgb_0_0.dcp' for cell 'design_1_i/dvi2rgb_0'
INFO: [Project 1-454] Reading design checkpoint '/home/zkarim28/Meng/MEng_ZYBO/lorenz_ip_hdmi/fpga_hdmi_custom/Zybo-Z7-HW/Zybo-Z7-HW.gen/sources_1/bd/design_1/ip/design_1_free_counter_0_0/design_1_free_counter_0_0.dcp' for cell 'design_1_i/free_counter_0'
INFO: [Project 1-454] Reading design checkpoint '/home/zkarim28/Meng/MEng_ZYBO/lorenz_ip_hdmi/fpga_hdmi_custom/Zybo-Z7-HW/Zybo-Z7-HW.gen/sources_1/bd/design_1/ip/design_1_lorenz_reader_0_1/design_1_lorenz_reader_0_1.dcp' for cell 'design_1_i/lorenz_reader_0'
INFO: [Project 1-454] Reading design checkpoint '/home/zkarim28/Meng/MEng_ZYBO/lorenz_ip_hdmi/fpga_hdmi_custom/Zybo-Z7-HW/Zybo-Z7-HW.gen/sources_1/bd/design_1/ip/design_1_proc_sys_reset_0_0/design_1_proc_sys_reset_0_0.dcp' for cell 'design_1_i/proc_sys_reset_0'
INFO: [Project 1-454] Reading design checkpoint '/home/zkarim28/Meng/MEng_ZYBO/lorenz_ip_hdmi/fpga_hdmi_custom/Zybo-Z7-HW/Zybo-Z7-HW.gen/sources_1/bd/design_1/ip/design_1_proc_sys_reset_fclk0_0/design_1_proc_sys_reset_fclk0_0.dcp' for cell 'design_1_i/proc_sys_reset_fclk0'
INFO: [Project 1-454] Reading design checkpoint '/home/zkarim28/Meng/MEng_ZYBO/lorenz_ip_hdmi/fpga_hdmi_custom/Zybo-Z7-HW/Zybo-Z7-HW.gen/sources_1/bd/design_1/ip/design_1_proc_sys_reset_fclk1_0/design_1_proc_sys_reset_fclk1_0.dcp' for cell 'design_1_i/proc_sys_reset_fclk1'
INFO: [Project 1-454] Reading design checkpoint '/home/zkarim28/Meng/MEng_ZYBO/lorenz_ip_hdmi/fpga_hdmi_custom/Zybo-Z7-HW/Zybo-Z7-HW.gen/sources_1/bd/design_1/ip/design_1_processing_system7_0_0/design_1_processing_system7_0_0.dcp' for cell 'design_1_i/processing_system7_0'
INFO: [Project 1-454] Reading design checkpoint '/home/zkarim28/Meng/MEng_ZYBO/lorenz_ip_hdmi/fpga_hdmi_custom/Zybo-Z7-HW/Zybo-Z7-HW.gen/sources_1/bd/design_1/ip/design_1_rgb2dvi_1_0/design_1_rgb2dvi_1_0.dcp' for cell 'design_1_i/rgb2dvi_1'
INFO: [Project 1-454] Reading design checkpoint '/home/zkarim28/Meng/MEng_ZYBO/lorenz_ip_hdmi/fpga_hdmi_custom/Zybo-Z7-HW/Zybo-Z7-HW.gen/sources_1/bd/design_1/ip/design_1_v_axi4s_vid_out_0_0/design_1_v_axi4s_vid_out_0_0.dcp' for cell 'design_1_i/v_axi4s_vid_out_0'
INFO: [Project 1-454] Reading design checkpoint '/home/zkarim28/Meng/MEng_ZYBO/lorenz_ip_hdmi/fpga_hdmi_custom/Zybo-Z7-HW/Zybo-Z7-HW.gen/sources_1/bd/design_1/ip/design_1_v_tc_in_0/design_1_v_tc_in_0.dcp' for cell 'design_1_i/v_tc_in'
INFO: [Project 1-454] Reading design checkpoint '/home/zkarim28/Meng/MEng_ZYBO/lorenz_ip_hdmi/fpga_hdmi_custom/Zybo-Z7-HW/Zybo-Z7-HW.gen/sources_1/bd/design_1/ip/design_1_v_tc_out_0/design_1_v_tc_out_0.dcp' for cell 'design_1_i/v_tc_out'
INFO: [Project 1-454] Reading design checkpoint '/home/zkarim28/Meng/MEng_ZYBO/lorenz_ip_hdmi/fpga_hdmi_custom/Zybo-Z7-HW/Zybo-Z7-HW.gen/sources_1/bd/design_1/ip/design_1_v_vid_in_axi4s_0_0/design_1_v_vid_in_axi4s_0_0.dcp' for cell 'design_1_i/v_vid_in_axi4s_0'
INFO: [Project 1-454] Reading design checkpoint '/home/zkarim28/Meng/MEng_ZYBO/lorenz_ip_hdmi/fpga_hdmi_custom/Zybo-Z7-HW/Zybo-Z7-HW.gen/sources_1/bd/design_1/ip/design_1_xbar_2/design_1_xbar_2.dcp' for cell 'design_1_i/axi_interconnect_gp0/xbar'
INFO: [Project 1-454] Reading design checkpoint '/home/zkarim28/Meng/MEng_ZYBO/lorenz_ip_hdmi/fpga_hdmi_custom/Zybo-Z7-HW/Zybo-Z7-HW.gen/sources_1/bd/design_1/ip/design_1_auto_pc_0/design_1_auto_pc_0.dcp' for cell 'design_1_i/axi_interconnect_gp0/s00_couplers/auto_pc'
INFO: [Project 1-454] Reading design checkpoint '/home/zkarim28/Meng/MEng_ZYBO/lorenz_ip_hdmi/fpga_hdmi_custom/Zybo-Z7-HW/Zybo-Z7-HW.gen/sources_1/bd/design_1/ip/design_1_xbar_3/design_1_xbar_3.dcp' for cell 'design_1_i/axi_interconnect_hp0/xbar'
INFO: [Project 1-454] Reading design checkpoint '/home/zkarim28/Meng/MEng_ZYBO/lorenz_ip_hdmi/fpga_hdmi_custom/Zybo-Z7-HW/Zybo-Z7-HW.gen/sources_1/bd/design_1/ip/design_1_auto_pc_1/design_1_auto_pc_1.dcp' for cell 'design_1_i/axi_interconnect_hp0/m00_couplers/auto_pc'
INFO: [Project 1-454] Reading design checkpoint '/home/zkarim28/Meng/MEng_ZYBO/lorenz_ip_hdmi/fpga_hdmi_custom/Zybo-Z7-HW/Zybo-Z7-HW.gen/sources_1/bd/design_1/ip/design_1_m00_regslice_0/design_1_m00_regslice_0.dcp' for cell 'design_1_i/axi_interconnect_hp0/m00_couplers/m00_regslice'
INFO: [Project 1-454] Reading design checkpoint '/home/zkarim28/Meng/MEng_ZYBO/lorenz_ip_hdmi/fpga_hdmi_custom/Zybo-Z7-HW/Zybo-Z7-HW.gen/sources_1/bd/design_1/ip/design_1_s00_regslice_0/design_1_s00_regslice_0.dcp' for cell 'design_1_i/axi_interconnect_hp0/s00_couplers/s00_regslice'
INFO: [Project 1-454] Reading design checkpoint '/home/zkarim28/Meng/MEng_ZYBO/lorenz_ip_hdmi/fpga_hdmi_custom/Zybo-Z7-HW/Zybo-Z7-HW.gen/sources_1/bd/design_1/ip/design_1_s01_regslice_0/design_1_s01_regslice_0.dcp' for cell 'design_1_i/axi_interconnect_hp0/s01_couplers/s01_regslice'
Netlist sorting complete. Time (s): cpu = 00:00:00.23 ; elapsed = 00:00:00.23 . Memory (MB): peak = 2155.465 ; gain = 0.000 ; free physical = 992 ; free virtual = 16552
INFO: [Netlist 29-17] Analyzing 959 Unisim elements for replacement
INFO: [Netlist 29-28] Unisim Transformation completed in 0 CPU seconds
INFO: [Project 1-479] Netlist was created with Vivado 2024.1
INFO: [Project 1-570] Preparing netlist for logic optimization
Parsing XDC File [/home/zkarim28/Meng/MEng_ZYBO/lorenz_ip_hdmi/fpga_hdmi_custom/Zybo-Z7-HW/Zybo-Z7-HW.gen/sources_1/bd/design_1/ip/design_1_axi_dynclk_0_0/src/axi_dynclk.xdc] for cell 'design_1_i/axi_dynclk_0/U0'
Finished Parsing XDC File [/home/zkarim28/Meng/MEng_ZYBO/lorenz_ip_hdmi/fpga_hdmi_custom/Zybo-Z7-HW/Zybo-Z7-HW.gen/sources_1/bd/design_1/ip/design_1_axi_dynclk_0_0/src/axi_dynclk.xdc] for cell 'design_1_i/axi_dynclk_0/U0'
CRITICAL WARNING: [Designutils 20-1280] Could not find module 'ila_refclk'. The XDC file /home/zkarim28/Meng/MEng_ZYBO/lorenz_ip_hdmi/fpga_hdmi_custom/Zybo-Z7-HW/Zybo-Z7-HW.gen/sources_1/bd/design_1/ip/design_1_dvi2rgb_0_0/src/ila_refclk/ila_v6_2/constraints/ila.xdc will not be read for any cell of this module.
CRITICAL WARNING: [Designutils 20-1280] Could not find module 'ila_pixclk'. The XDC file /home/zkarim28/Meng/MEng_ZYBO/lorenz_ip_hdmi/fpga_hdmi_custom/Zybo-Z7-HW/Zybo-Z7-HW.gen/sources_1/bd/design_1/ip/design_1_dvi2rgb_0_0/src/ila_pixclk/ila_v6_2/constraints/ila.xdc will not be read for any cell of this module.
Parsing XDC File [/home/zkarim28/Meng/MEng_ZYBO/lorenz_ip_hdmi/fpga_hdmi_custom/Zybo-Z7-HW/Zybo-Z7-HW.gen/sources_1/bd/design_1/ip/design_1_dvi2rgb_0_0/src/dvi2rgb.xdc] for cell 'design_1_i/dvi2rgb_0/U0'
Finished Parsing XDC File [/home/zkarim28/Meng/MEng_ZYBO/lorenz_ip_hdmi/fpga_hdmi_custom/Zybo-Z7-HW/Zybo-Z7-HW.gen/sources_1/bd/design_1/ip/design_1_dvi2rgb_0_0/src/dvi2rgb.xdc] for cell 'design_1_i/dvi2rgb_0/U0'
Parsing XDC File [/home/zkarim28/Meng/MEng_ZYBO/lorenz_ip_hdmi/fpga_hdmi_custom/Zybo-Z7-HW/Zybo-Z7-HW.gen/sources_1/bd/design_1/ip/design_1_proc_sys_reset_0_0/design_1_proc_sys_reset_0_0_board.xdc] for cell 'design_1_i/proc_sys_reset_0/U0'
Finished Parsing XDC File [/home/zkarim28/Meng/MEng_ZYBO/lorenz_ip_hdmi/fpga_hdmi_custom/Zybo-Z7-HW/Zybo-Z7-HW.gen/sources_1/bd/design_1/ip/design_1_proc_sys_reset_0_0/design_1_proc_sys_reset_0_0_board.xdc] for cell 'design_1_i/proc_sys_reset_0/U0'
Parsing XDC File [/home/zkarim28/Meng/MEng_ZYBO/lorenz_ip_hdmi/fpga_hdmi_custom/Zybo-Z7-HW/Zybo-Z7-HW.gen/sources_1/bd/design_1/ip/design_1_proc_sys_reset_0_0/design_1_proc_sys_reset_0_0.xdc] for cell 'design_1_i/proc_sys_reset_0/U0'
Finished Parsing XDC File [/home/zkarim28/Meng/MEng_ZYBO/lorenz_ip_hdmi/fpga_hdmi_custom/Zybo-Z7-HW/Zybo-Z7-HW.gen/sources_1/bd/design_1/ip/design_1_proc_sys_reset_0_0/design_1_proc_sys_reset_0_0.xdc] for cell 'design_1_i/proc_sys_reset_0/U0'
Parsing XDC File [/home/zkarim28/Meng/MEng_ZYBO/lorenz_ip_hdmi/fpga_hdmi_custom/Zybo-Z7-HW/Zybo-Z7-HW.gen/sources_1/bd/design_1/ip/design_1_proc_sys_reset_fclk0_0/design_1_proc_sys_reset_fclk0_0_board.xdc] for cell 'design_1_i/proc_sys_reset_fclk0/U0'
Finished Parsing XDC File [/home/zkarim28/Meng/MEng_ZYBO/lorenz_ip_hdmi/fpga_hdmi_custom/Zybo-Z7-HW/Zybo-Z7-HW.gen/sources_1/bd/design_1/ip/design_1_proc_sys_reset_fclk0_0/design_1_proc_sys_reset_fclk0_0_board.xdc] for cell 'design_1_i/proc_sys_reset_fclk0/U0'
Parsing XDC File [/home/zkarim28/Meng/MEng_ZYBO/lorenz_ip_hdmi/fpga_hdmi_custom/Zybo-Z7-HW/Zybo-Z7-HW.gen/sources_1/bd/design_1/ip/design_1_proc_sys_reset_fclk0_0/design_1_proc_sys_reset_fclk0_0.xdc] for cell 'design_1_i/proc_sys_reset_fclk0/U0'
Finished Parsing XDC File [/home/zkarim28/Meng/MEng_ZYBO/lorenz_ip_hdmi/fpga_hdmi_custom/Zybo-Z7-HW/Zybo-Z7-HW.gen/sources_1/bd/design_1/ip/design_1_proc_sys_reset_fclk0_0/design_1_proc_sys_reset_fclk0_0.xdc] for cell 'design_1_i/proc_sys_reset_fclk0/U0'
Parsing XDC File [/home/zkarim28/Meng/MEng_ZYBO/lorenz_ip_hdmi/fpga_hdmi_custom/Zybo-Z7-HW/Zybo-Z7-HW.gen/sources_1/bd/design_1/ip/design_1_proc_sys_reset_fclk1_0/design_1_proc_sys_reset_fclk1_0_board.xdc] for cell 'design_1_i/proc_sys_reset_fclk1/U0'
Finished Parsing XDC File [/home/zkarim28/Meng/MEng_ZYBO/lorenz_ip_hdmi/fpga_hdmi_custom/Zybo-Z7-HW/Zybo-Z7-HW.gen/sources_1/bd/design_1/ip/design_1_proc_sys_reset_fclk1_0/design_1_proc_sys_reset_fclk1_0_board.xdc] for cell 'design_1_i/proc_sys_reset_fclk1/U0'
Parsing XDC File [/home/zkarim28/Meng/MEng_ZYBO/lorenz_ip_hdmi/fpga_hdmi_custom/Zybo-Z7-HW/Zybo-Z7-HW.gen/sources_1/bd/design_1/ip/design_1_proc_sys_reset_fclk1_0/design_1_proc_sys_reset_fclk1_0.xdc] for cell 'design_1_i/proc_sys_reset_fclk1/U0'
Finished Parsing XDC File [/home/zkarim28/Meng/MEng_ZYBO/lorenz_ip_hdmi/fpga_hdmi_custom/Zybo-Z7-HW/Zybo-Z7-HW.gen/sources_1/bd/design_1/ip/design_1_proc_sys_reset_fclk1_0/design_1_proc_sys_reset_fclk1_0.xdc] for cell 'design_1_i/proc_sys_reset_fclk1/U0'
Parsing XDC File [/home/zkarim28/Meng/MEng_ZYBO/lorenz_ip_hdmi/fpga_hdmi_custom/Zybo-Z7-HW/Zybo-Z7-HW.gen/sources_1/bd/design_1/ip/design_1_processing_system7_0_0/design_1_processing_system7_0_0.xdc] for cell 'design_1_i/processing_system7_0/inst'
WARNING: [Vivado 12-2489] -input_jitter contains time 0.224970 which will be rounded to 0.225 to ensure it is an integer multiple of 1 picosecond [/home/zkarim28/Meng/MEng_ZYBO/lorenz_ip_hdmi/fpga_hdmi_custom/Zybo-Z7-HW/Zybo-Z7-HW.gen/sources_1/bd/design_1/ip/design_1_processing_system7_0_0/design_1_processing_system7_0_0.xdc:24]
Finished Parsing XDC File [/home/zkarim28/Meng/MEng_ZYBO/lorenz_ip_hdmi/fpga_hdmi_custom/Zybo-Z7-HW/Zybo-Z7-HW.gen/sources_1/bd/design_1/ip/design_1_processing_system7_0_0/design_1_processing_system7_0_0.xdc] for cell 'design_1_i/processing_system7_0/inst'
Parsing XDC File [/home/zkarim28/Meng/MEng_ZYBO/lorenz_ip_hdmi/fpga_hdmi_custom/Zybo-Z7-HW/Zybo-Z7-HW.gen/sources_1/bd/design_1/ip/design_1_rgb2dvi_1_0/src/rgb2dvi.xdc] for cell 'design_1_i/rgb2dvi_1/U0'
Finished Parsing XDC File [/home/zkarim28/Meng/MEng_ZYBO/lorenz_ip_hdmi/fpga_hdmi_custom/Zybo-Z7-HW/Zybo-Z7-HW.gen/sources_1/bd/design_1/ip/design_1_rgb2dvi_1_0/src/rgb2dvi.xdc] for cell 'design_1_i/rgb2dvi_1/U0'
Parsing XDC File [/home/zkarim28/Meng/MEng_ZYBO/lorenz_ip_hdmi/fpga_hdmi_custom/Zybo-Z7-HW/Zybo-Z7-HW.gen/sources_1/bd/design_1/ip/design_1_axi_gpio_video_0/design_1_axi_gpio_video_0_board.xdc] for cell 'design_1_i/axi_gpio_video/U0'
Finished Parsing XDC File [/home/zkarim28/Meng/MEng_ZYBO/lorenz_ip_hdmi/fpga_hdmi_custom/Zybo-Z7-HW/Zybo-Z7-HW.gen/sources_1/bd/design_1/ip/design_1_axi_gpio_video_0/design_1_axi_gpio_video_0_board.xdc] for cell 'design_1_i/axi_gpio_video/U0'
Parsing XDC File [/home/zkarim28/Meng/MEng_ZYBO/lorenz_ip_hdmi/fpga_hdmi_custom/Zybo-Z7-HW/Zybo-Z7-HW.gen/sources_1/bd/design_1/ip/design_1_axi_gpio_video_0/design_1_axi_gpio_video_0.xdc] for cell 'design_1_i/axi_gpio_video/U0'
Finished Parsing XDC File [/home/zkarim28/Meng/MEng_ZYBO/lorenz_ip_hdmi/fpga_hdmi_custom/Zybo-Z7-HW/Zybo-Z7-HW.gen/sources_1/bd/design_1/ip/design_1_axi_gpio_video_0/design_1_axi_gpio_video_0.xdc] for cell 'design_1_i/axi_gpio_video/U0'
Parsing XDC File [/home/zkarim28/Meng/MEng_ZYBO/lorenz_ip_hdmi/fpga_hdmi_custom/Zybo-Z7-HW/Zybo-Z7-HW.gen/sources_1/bd/design_1/ip/design_1_axi_vdma_0_0/design_1_axi_vdma_0_0.xdc] for cell 'design_1_i/axi_vdma_0/U0'
WARNING: [Vivado_Tcl 4-921] Waiver ID 'CDC-4' -to list should not be empty. [/home/zkarim28/Meng/MEng_ZYBO/lorenz_ip_hdmi/fpga_hdmi_custom/Zybo-Z7-HW/Zybo-Z7-HW.gen/sources_1/bd/design_1/ip/design_1_axi_vdma_0_0/design_1_axi_vdma_0_0.xdc:68]
WARNING: [Vivado_Tcl 4-921] Waiver ID 'CDC-4' -to list should not be empty. [/home/zkarim28/Meng/MEng_ZYBO/lorenz_ip_hdmi/fpga_hdmi_custom/Zybo-Z7-HW/Zybo-Z7-HW.gen/sources_1/bd/design_1/ip/design_1_axi_vdma_0_0/design_1_axi_vdma_0_0.xdc:72]
WARNING: [Vivado_Tcl 4-921] Waiver ID 'CDC-4' -to list should not be empty. [/home/zkarim28/Meng/MEng_ZYBO/lorenz_ip_hdmi/fpga_hdmi_custom/Zybo-Z7-HW/Zybo-Z7-HW.gen/sources_1/bd/design_1/ip/design_1_axi_vdma_0_0/design_1_axi_vdma_0_0.xdc:76]
WARNING: [Vivado_Tcl 4-921] Waiver ID 'CDC-4' -to list should not be empty. [/home/zkarim28/Meng/MEng_ZYBO/lorenz_ip_hdmi/fpga_hdmi_custom/Zybo-Z7-HW/Zybo-Z7-HW.gen/sources_1/bd/design_1/ip/design_1_axi_vdma_0_0/design_1_axi_vdma_0_0.xdc:80]
WARNING: [Vivado_Tcl 4-921] Waiver ID 'CDC-1' -to list should not be empty. [/home/zkarim28/Meng/MEng_ZYBO/lorenz_ip_hdmi/fpga_hdmi_custom/Zybo-Z7-HW/Zybo-Z7-HW.gen/sources_1/bd/design_1/ip/design_1_axi_vdma_0_0/design_1_axi_vdma_0_0.xdc:84]
WARNING: [Vivado_Tcl 4-921] Waiver ID 'CDC-4' -to list should not be empty. [/home/zkarim28/Meng/MEng_ZYBO/lorenz_ip_hdmi/fpga_hdmi_custom/Zybo-Z7-HW/Zybo-Z7-HW.gen/sources_1/bd/design_1/ip/design_1_axi_vdma_0_0/design_1_axi_vdma_0_0.xdc:88]
WARNING: [Vivado_Tcl 4-921] Waiver ID 'CDC-4' -to list should not be empty. [/home/zkarim28/Meng/MEng_ZYBO/lorenz_ip_hdmi/fpga_hdmi_custom/Zybo-Z7-HW/Zybo-Z7-HW.gen/sources_1/bd/design_1/ip/design_1_axi_vdma_0_0/design_1_axi_vdma_0_0.xdc:92]
WARNING: [Vivado_Tcl 4-921] Waiver ID 'CDC-4' -to list should not be empty. [/home/zkarim28/Meng/MEng_ZYBO/lorenz_ip_hdmi/fpga_hdmi_custom/Zybo-Z7-HW/Zybo-Z7-HW.gen/sources_1/bd/design_1/ip/design_1_axi_vdma_0_0/design_1_axi_vdma_0_0.xdc:96]
WARNING: [Vivado_Tcl 4-921] Waiver ID 'CDC-4' -to list should not be empty. [/home/zkarim28/Meng/MEng_ZYBO/lorenz_ip_hdmi/fpga_hdmi_custom/Zybo-Z7-HW/Zybo-Z7-HW.gen/sources_1/bd/design_1/ip/design_1_axi_vdma_0_0/design_1_axi_vdma_0_0.xdc:100]
WARNING: [Vivado_Tcl 4-921] Waiver ID 'CDC-4' -to list should not be empty. [/home/zkarim28/Meng/MEng_ZYBO/lorenz_ip_hdmi/fpga_hdmi_custom/Zybo-Z7-HW/Zybo-Z7-HW.gen/sources_1/bd/design_1/ip/design_1_axi_vdma_0_0/design_1_axi_vdma_0_0.xdc:104]
WARNING: [Vivado_Tcl 4-921] Waiver ID 'CDC-1' -to list should not be empty. [/home/zkarim28/Meng/MEng_ZYBO/lorenz_ip_hdmi/fpga_hdmi_custom/Zybo-Z7-HW/Zybo-Z7-HW.gen/sources_1/bd/design_1/ip/design_1_axi_vdma_0_0/design_1_axi_vdma_0_0.xdc:108]
WARNING: [Vivado_Tcl 4-921] Waiver ID 'CDC-6' -to list should not be empty. [/home/zkarim28/Meng/MEng_ZYBO/lorenz_ip_hdmi/fpga_hdmi_custom/Zybo-Z7-HW/Zybo-Z7-HW.gen/sources_1/bd/design_1/ip/design_1_axi_vdma_0_0/design_1_axi_vdma_0_0.xdc:192]
WARNING: [Vivado_Tcl 4-921] Waiver ID 'CDC-6' -to list should not be empty. [/home/zkarim28/Meng/MEng_ZYBO/lorenz_ip_hdmi/fpga_hdmi_custom/Zybo-Z7-HW/Zybo-Z7-HW.gen/sources_1/bd/design_1/ip/design_1_axi_vdma_0_0/design_1_axi_vdma_0_0.xdc:196]
WARNING: [Vivado_Tcl 4-921] Waiver ID 'CDC-6' -to list should not be empty. [/home/zkarim28/Meng/MEng_ZYBO/lorenz_ip_hdmi/fpga_hdmi_custom/Zybo-Z7-HW/Zybo-Z7-HW.gen/sources_1/bd/design_1/ip/design_1_axi_vdma_0_0/design_1_axi_vdma_0_0.xdc:200]
WARNING: [Vivado_Tcl 4-921] Waiver ID 'CDC-6' -to list should not be empty. [/home/zkarim28/Meng/MEng_ZYBO/lorenz_ip_hdmi/fpga_hdmi_custom/Zybo-Z7-HW/Zybo-Z7-HW.gen/sources_1/bd/design_1/ip/design_1_axi_vdma_0_0/design_1_axi_vdma_0_0.xdc:204]
WARNING: [Vivado_Tcl 4-921] Waiver ID 'CDC-6' -to list should not be empty. [/home/zkarim28/Meng/MEng_ZYBO/lorenz_ip_hdmi/fpga_hdmi_custom/Zybo-Z7-HW/Zybo-Z7-HW.gen/sources_1/bd/design_1/ip/design_1_axi_vdma_0_0/design_1_axi_vdma_0_0.xdc:208]
WARNING: [Vivado_Tcl 4-921] Waiver ID 'CDC-6' -to list should not be empty. [/home/zkarim28/Meng/MEng_ZYBO/lorenz_ip_hdmi/fpga_hdmi_custom/Zybo-Z7-HW/Zybo-Z7-HW.gen/sources_1/bd/design_1/ip/design_1_axi_vdma_0_0/design_1_axi_vdma_0_0.xdc:212]
WARNING: [Vivado_Tcl 4-921] Waiver ID 'CDC-6' -to list should not be empty. [/home/zkarim28/Meng/MEng_ZYBO/lorenz_ip_hdmi/fpga_hdmi_custom/Zybo-Z7-HW/Zybo-Z7-HW.gen/sources_1/bd/design_1/ip/design_1_axi_vdma_0_0/design_1_axi_vdma_0_0.xdc:216]
WARNING: [Vivado_Tcl 4-921] Waiver ID 'CDC-6' -to list should not be empty. [/home/zkarim28/Meng/MEng_ZYBO/lorenz_ip_hdmi/fpga_hdmi_custom/Zybo-Z7-HW/Zybo-Z7-HW.gen/sources_1/bd/design_1/ip/design_1_axi_vdma_0_0/design_1_axi_vdma_0_0.xdc:220]
Finished Parsing XDC File [/home/zkarim28/Meng/MEng_ZYBO/lorenz_ip_hdmi/fpga_hdmi_custom/Zybo-Z7-HW/Zybo-Z7-HW.gen/sources_1/bd/design_1/ip/design_1_axi_vdma_0_0/design_1_axi_vdma_0_0.xdc] for cell 'design_1_i/axi_vdma_0/U0'
Parsing XDC File [/home/zkarim28/Meng/MEng_ZYBO/lorenz_ip_hdmi/fpga_hdmi_custom/Zybo-Z7-HW/Zybo-Z7-HW.srcs/constrs_1/imports/constraints/Zybo-Z7-Master.xdc]
WARNING: [Vivado 12-584] No ports matched 'sw[0]'. [/home/zkarim28/Meng/MEng_ZYBO/lorenz_ip_hdmi/fpga_hdmi_custom/Zybo-Z7-HW/Zybo-Z7-HW.srcs/constrs_1/imports/constraints/Zybo-Z7-Master.xdc:13]
CRITICAL WARNING: [Common 17-55] 'set_property' expects at least one object. [/home/zkarim28/Meng/MEng_ZYBO/lorenz_ip_hdmi/fpga_hdmi_custom/Zybo-Z7-HW/Zybo-Z7-HW.srcs/constrs_1/imports/constraints/Zybo-Z7-Master.xdc:13]
Resolution: If [get_<value>] was used to populate the object, check to make sure this command returns at least one valid object.
WARNING: [Vivado 12-584] No ports matched 'sw[1]'. [/home/zkarim28/Meng/MEng_ZYBO/lorenz_ip_hdmi/fpga_hdmi_custom/Zybo-Z7-HW/Zybo-Z7-HW.srcs/constrs_1/imports/constraints/Zybo-Z7-Master.xdc:14]
CRITICAL WARNING: [Common 17-55] 'set_property' expects at least one object. [/home/zkarim28/Meng/MEng_ZYBO/lorenz_ip_hdmi/fpga_hdmi_custom/Zybo-Z7-HW/Zybo-Z7-HW.srcs/constrs_1/imports/constraints/Zybo-Z7-Master.xdc:14]
Resolution: If [get_<value>] was used to populate the object, check to make sure this command returns at least one valid object.
WARNING: [Vivado 12-584] No ports matched 'sw[2]'. [/home/zkarim28/Meng/MEng_ZYBO/lorenz_ip_hdmi/fpga_hdmi_custom/Zybo-Z7-HW/Zybo-Z7-HW.srcs/constrs_1/imports/constraints/Zybo-Z7-Master.xdc:15]
CRITICAL WARNING: [Common 17-55] 'set_property' expects at least one object. [/home/zkarim28/Meng/MEng_ZYBO/lorenz_ip_hdmi/fpga_hdmi_custom/Zybo-Z7-HW/Zybo-Z7-HW.srcs/constrs_1/imports/constraints/Zybo-Z7-Master.xdc:15]
Resolution: If [get_<value>] was used to populate the object, check to make sure this command returns at least one valid object.
WARNING: [Vivado 12-584] No ports matched 'sw[3]'. [/home/zkarim28/Meng/MEng_ZYBO/lorenz_ip_hdmi/fpga_hdmi_custom/Zybo-Z7-HW/Zybo-Z7-HW.srcs/constrs_1/imports/constraints/Zybo-Z7-Master.xdc:16]
CRITICAL WARNING: [Common 17-55] 'set_property' expects at least one object. [/home/zkarim28/Meng/MEng_ZYBO/lorenz_ip_hdmi/fpga_hdmi_custom/Zybo-Z7-HW/Zybo-Z7-HW.srcs/constrs_1/imports/constraints/Zybo-Z7-Master.xdc:16]
Resolution: If [get_<value>] was used to populate the object, check to make sure this command returns at least one valid object.
WARNING: [Vivado 12-2489] -waveform contains time 6.730500 which will be rounded to 6.731 to ensure it is an integer multiple of 1 picosecond [/home/zkarim28/Meng/MEng_ZYBO/lorenz_ip_hdmi/fpga_hdmi_custom/Zybo-Z7-HW/Zybo-Z7-HW.srcs/constrs_1/imports/constraints/Zybo-Z7-Master.xdc:73]
Finished Parsing XDC File [/home/zkarim28/Meng/MEng_ZYBO/lorenz_ip_hdmi/fpga_hdmi_custom/Zybo-Z7-HW/Zybo-Z7-HW.srcs/constrs_1/imports/constraints/Zybo-Z7-Master.xdc]
Parsing XDC File [/home/zkarim28/Meng/MEng_ZYBO/lorenz_ip_hdmi/fpga_hdmi_custom/Zybo-Z7-HW/Zybo-Z7-HW.gen/sources_1/bd/design_1/ip/design_1_dvi2rgb_0_0/src/ila_timing_workaround.xdc] for cell 'design_1_i/dvi2rgb_0/U0'
Finished Parsing XDC File [/home/zkarim28/Meng/MEng_ZYBO/lorenz_ip_hdmi/fpga_hdmi_custom/Zybo-Z7-HW/Zybo-Z7-HW.gen/sources_1/bd/design_1/ip/design_1_dvi2rgb_0_0/src/ila_timing_workaround.xdc] for cell 'design_1_i/dvi2rgb_0/U0'
Parsing XDC File [/home/zkarim28/Meng/MEng_ZYBO/lorenz_ip_hdmi/fpga_hdmi_custom/Zybo-Z7-HW/Zybo-Z7-HW.gen/sources_1/bd/design_1/ip/design_1_rgb2dvi_1_0/src/rgb2dvi_clocks.xdc] for cell 'design_1_i/rgb2dvi_1/U0'
Finished Parsing XDC File [/home/zkarim28/Meng/MEng_ZYBO/lorenz_ip_hdmi/fpga_hdmi_custom/Zybo-Z7-HW/Zybo-Z7-HW.gen/sources_1/bd/design_1/ip/design_1_rgb2dvi_1_0/src/rgb2dvi_clocks.xdc] for cell 'design_1_i/rgb2dvi_1/U0'
Parsing XDC File [/home/zkarim28/Meng/MEng_ZYBO/lorenz_ip_hdmi/fpga_hdmi_custom/Zybo-Z7-HW/Zybo-Z7-HW.gen/sources_1/bd/design_1/ip/design_1_s00_regslice_0/design_1_s00_regslice_0_clocks.xdc] for cell 'design_1_i/axi_interconnect_hp0/s00_couplers/s00_regslice/inst'
WARNING: [Vivado_Tcl 4-921] Waiver ID 'CDC-7' -to list should not be empty. [/home/zkarim28/Meng/MEng_ZYBO/lorenz_ip_hdmi/fpga_hdmi_custom/Zybo-Z7-HW/Zybo-Z7-HW.gen/sources_1/bd/design_1/ip/design_1_s00_regslice_0/design_1_s00_regslice_0_clocks.xdc:10]
WARNING: [Vivado_Tcl 4-921] Waiver ID 'CDC-1' -to list should not be empty. [/home/zkarim28/Meng/MEng_ZYBO/lorenz_ip_hdmi/fpga_hdmi_custom/Zybo-Z7-HW/Zybo-Z7-HW.gen/sources_1/bd/design_1/ip/design_1_s00_regslice_0/design_1_s00_regslice_0_clocks.xdc:13]
WARNING: [Vivado_Tcl 4-921] Waiver ID 'CDC-1' -to list should not be empty. [/home/zkarim28/Meng/MEng_ZYBO/lorenz_ip_hdmi/fpga_hdmi_custom/Zybo-Z7-HW/Zybo-Z7-HW.gen/sources_1/bd/design_1/ip/design_1_s00_regslice_0/design_1_s00_regslice_0_clocks.xdc:16]
WARNING: [Vivado_Tcl 4-921] Waiver ID 'CDC-1' -to list should not be empty. [/home/zkarim28/Meng/MEng_ZYBO/lorenz_ip_hdmi/fpga_hdmi_custom/Zybo-Z7-HW/Zybo-Z7-HW.gen/sources_1/bd/design_1/ip/design_1_s00_regslice_0/design_1_s00_regslice_0_clocks.xdc:19]
WARNING: [Vivado_Tcl 4-921] Waiver ID 'CDC-1' -to list should not be empty. [/home/zkarim28/Meng/MEng_ZYBO/lorenz_ip_hdmi/fpga_hdmi_custom/Zybo-Z7-HW/Zybo-Z7-HW.gen/sources_1/bd/design_1/ip/design_1_s00_regslice_0/design_1_s00_regslice_0_clocks.xdc:22]
WARNING: [Vivado_Tcl 4-921] Waiver ID 'CDC-1' -to list should not be empty. [/home/zkarim28/Meng/MEng_ZYBO/lorenz_ip_hdmi/fpga_hdmi_custom/Zybo-Z7-HW/Zybo-Z7-HW.gen/sources_1/bd/design_1/ip/design_1_s00_regslice_0/design_1_s00_regslice_0_clocks.xdc:25]
WARNING: [Vivado_Tcl 4-921] Waiver ID 'CDC-1' -to list should not be empty. [/home/zkarim28/Meng/MEng_ZYBO/lorenz_ip_hdmi/fpga_hdmi_custom/Zybo-Z7-HW/Zybo-Z7-HW.gen/sources_1/bd/design_1/ip/design_1_s00_regslice_0/design_1_s00_regslice_0_clocks.xdc:28]
WARNING: [Vivado_Tcl 4-921] Waiver ID 'CDC-1' -to list should not be empty. [/home/zkarim28/Meng/MEng_ZYBO/lorenz_ip_hdmi/fpga_hdmi_custom/Zybo-Z7-HW/Zybo-Z7-HW.gen/sources_1/bd/design_1/ip/design_1_s00_regslice_0/design_1_s00_regslice_0_clocks.xdc:31]
WARNING: [Vivado_Tcl 4-921] Waiver ID 'CDC-1' -to list should not be empty. [/home/zkarim28/Meng/MEng_ZYBO/lorenz_ip_hdmi/fpga_hdmi_custom/Zybo-Z7-HW/Zybo-Z7-HW.gen/sources_1/bd/design_1/ip/design_1_s00_regslice_0/design_1_s00_regslice_0_clocks.xdc:34]
WARNING: [Vivado_Tcl 4-921] Waiver ID 'CDC-1' -to list should not be empty. [/home/zkarim28/Meng/MEng_ZYBO/lorenz_ip_hdmi/fpga_hdmi_custom/Zybo-Z7-HW/Zybo-Z7-HW.gen/sources_1/bd/design_1/ip/design_1_s00_regslice_0/design_1_s00_regslice_0_clocks.xdc:38]
WARNING: [Vivado_Tcl 4-921] Waiver ID 'CDC-1' -to list should not be empty. [/home/zkarim28/Meng/MEng_ZYBO/lorenz_ip_hdmi/fpga_hdmi_custom/Zybo-Z7-HW/Zybo-Z7-HW.gen/sources_1/bd/design_1/ip/design_1_s00_regslice_0/design_1_s00_regslice_0_clocks.xdc:41]
Finished Parsing XDC File [/home/zkarim28/Meng/MEng_ZYBO/lorenz_ip_hdmi/fpga_hdmi_custom/Zybo-Z7-HW/Zybo-Z7-HW.gen/sources_1/bd/design_1/ip/design_1_s00_regslice_0/design_1_s00_regslice_0_clocks.xdc] for cell 'design_1_i/axi_interconnect_hp0/s00_couplers/s00_regslice/inst'
Parsing XDC File [/home/zkarim28/Meng/MEng_ZYBO/lorenz_ip_hdmi/fpga_hdmi_custom/Zybo-Z7-HW/Zybo-Z7-HW.gen/sources_1/bd/design_1/ip/design_1_s01_regslice_0/design_1_s01_regslice_0_clocks.xdc] for cell 'design_1_i/axi_interconnect_hp0/s01_couplers/s01_regslice/inst'
WARNING: [Vivado_Tcl 4-921] Waiver ID 'CDC-7' -to list should not be empty. [/home/zkarim28/Meng/MEng_ZYBO/lorenz_ip_hdmi/fpga_hdmi_custom/Zybo-Z7-HW/Zybo-Z7-HW.gen/sources_1/bd/design_1/ip/design_1_s01_regslice_0/design_1_s01_regslice_0_clocks.xdc:10]
WARNING: [Vivado_Tcl 4-921] Waiver ID 'CDC-1' -to list should not be empty. [/home/zkarim28/Meng/MEng_ZYBO/lorenz_ip_hdmi/fpga_hdmi_custom/Zybo-Z7-HW/Zybo-Z7-HW.gen/sources_1/bd/design_1/ip/design_1_s01_regslice_0/design_1_s01_regslice_0_clocks.xdc:13]
WARNING: [Vivado_Tcl 4-921] Waiver ID 'CDC-1' -to list should not be empty. [/home/zkarim28/Meng/MEng_ZYBO/lorenz_ip_hdmi/fpga_hdmi_custom/Zybo-Z7-HW/Zybo-Z7-HW.gen/sources_1/bd/design_1/ip/design_1_s01_regslice_0/design_1_s01_regslice_0_clocks.xdc:16]
WARNING: [Vivado_Tcl 4-921] Waiver ID 'CDC-1' -to list should not be empty. [/home/zkarim28/Meng/MEng_ZYBO/lorenz_ip_hdmi/fpga_hdmi_custom/Zybo-Z7-HW/Zybo-Z7-HW.gen/sources_1/bd/design_1/ip/design_1_s01_regslice_0/design_1_s01_regslice_0_clocks.xdc:19]
WARNING: [Vivado_Tcl 4-921] Waiver ID 'CDC-1' -to list should not be empty. [/home/zkarim28/Meng/MEng_ZYBO/lorenz_ip_hdmi/fpga_hdmi_custom/Zybo-Z7-HW/Zybo-Z7-HW.gen/sources_1/bd/design_1/ip/design_1_s01_regslice_0/design_1_s01_regslice_0_clocks.xdc:22]
WARNING: [Vivado_Tcl 4-921] Waiver ID 'CDC-1' -to list should not be empty. [/home/zkarim28/Meng/MEng_ZYBO/lorenz_ip_hdmi/fpga_hdmi_custom/Zybo-Z7-HW/Zybo-Z7-HW.gen/sources_1/bd/design_1/ip/design_1_s01_regslice_0/design_1_s01_regslice_0_clocks.xdc:25]
WARNING: [Vivado_Tcl 4-921] Waiver ID 'CDC-1' -to list should not be empty. [/home/zkarim28/Meng/MEng_ZYBO/lorenz_ip_hdmi/fpga_hdmi_custom/Zybo-Z7-HW/Zybo-Z7-HW.gen/sources_1/bd/design_1/ip/design_1_s01_regslice_0/design_1_s01_regslice_0_clocks.xdc:28]
WARNING: [Vivado_Tcl 4-921] Waiver ID 'CDC-1' -to list should not be empty. [/home/zkarim28/Meng/MEng_ZYBO/lorenz_ip_hdmi/fpga_hdmi_custom/Zybo-Z7-HW/Zybo-Z7-HW.gen/sources_1/bd/design_1/ip/design_1_s01_regslice_0/design_1_s01_regslice_0_clocks.xdc:31]
WARNING: [Vivado_Tcl 4-921] Waiver ID 'CDC-1' -to list should not be empty. [/home/zkarim28/Meng/MEng_ZYBO/lorenz_ip_hdmi/fpga_hdmi_custom/Zybo-Z7-HW/Zybo-Z7-HW.gen/sources_1/bd/design_1/ip/design_1_s01_regslice_0/design_1_s01_regslice_0_clocks.xdc:34]
WARNING: [Vivado_Tcl 4-921] Waiver ID 'CDC-1' -to list should not be empty. [/home/zkarim28/Meng/MEng_ZYBO/lorenz_ip_hdmi/fpga_hdmi_custom/Zybo-Z7-HW/Zybo-Z7-HW.gen/sources_1/bd/design_1/ip/design_1_s01_regslice_0/design_1_s01_regslice_0_clocks.xdc:38]
WARNING: [Vivado_Tcl 4-921] Waiver ID 'CDC-1' -to list should not be empty. [/home/zkarim28/Meng/MEng_ZYBO/lorenz_ip_hdmi/fpga_hdmi_custom/Zybo-Z7-HW/Zybo-Z7-HW.gen/sources_1/bd/design_1/ip/design_1_s01_regslice_0/design_1_s01_regslice_0_clocks.xdc:41]
Finished Parsing XDC File [/home/zkarim28/Meng/MEng_ZYBO/lorenz_ip_hdmi/fpga_hdmi_custom/Zybo-Z7-HW/Zybo-Z7-HW.gen/sources_1/bd/design_1/ip/design_1_s01_regslice_0/design_1_s01_regslice_0_clocks.xdc] for cell 'design_1_i/axi_interconnect_hp0/s01_couplers/s01_regslice/inst'
Parsing XDC File [/home/zkarim28/Meng/MEng_ZYBO/lorenz_ip_hdmi/fpga_hdmi_custom/Zybo-Z7-HW/Zybo-Z7-HW.gen/sources_1/bd/design_1/ip/design_1_m00_regslice_0/design_1_m00_regslice_0_clocks.xdc] for cell 'design_1_i/axi_interconnect_hp0/m00_couplers/m00_regslice/inst'
WARNING: [Vivado_Tcl 4-921] Waiver ID 'CDC-7' -to list should not be empty. [/home/zkarim28/Meng/MEng_ZYBO/lorenz_ip_hdmi/fpga_hdmi_custom/Zybo-Z7-HW/Zybo-Z7-HW.gen/sources_1/bd/design_1/ip/design_1_m00_regslice_0/design_1_m00_regslice_0_clocks.xdc:10]
WARNING: [Vivado_Tcl 4-921] Waiver ID 'CDC-1' -to list should not be empty. [/home/zkarim28/Meng/MEng_ZYBO/lorenz_ip_hdmi/fpga_hdmi_custom/Zybo-Z7-HW/Zybo-Z7-HW.gen/sources_1/bd/design_1/ip/design_1_m00_regslice_0/design_1_m00_regslice_0_clocks.xdc:13]
WARNING: [Vivado_Tcl 4-921] Waiver ID 'CDC-1' -to list should not be empty. [/home/zkarim28/Meng/MEng_ZYBO/lorenz_ip_hdmi/fpga_hdmi_custom/Zybo-Z7-HW/Zybo-Z7-HW.gen/sources_1/bd/design_1/ip/design_1_m00_regslice_0/design_1_m00_regslice_0_clocks.xdc:16]
WARNING: [Vivado_Tcl 4-921] Waiver ID 'CDC-1' -to list should not be empty. [/home/zkarim28/Meng/MEng_ZYBO/lorenz_ip_hdmi/fpga_hdmi_custom/Zybo-Z7-HW/Zybo-Z7-HW.gen/sources_1/bd/design_1/ip/design_1_m00_regslice_0/design_1_m00_regslice_0_clocks.xdc:19]
WARNING: [Vivado_Tcl 4-921] Waiver ID 'CDC-1' -to list should not be empty. [/home/zkarim28/Meng/MEng_ZYBO/lorenz_ip_hdmi/fpga_hdmi_custom/Zybo-Z7-HW/Zybo-Z7-HW.gen/sources_1/bd/design_1/ip/design_1_m00_regslice_0/design_1_m00_regslice_0_clocks.xdc:22]
WARNING: [Vivado_Tcl 4-921] Waiver ID 'CDC-1' -to list should not be empty. [/home/zkarim28/Meng/MEng_ZYBO/lorenz_ip_hdmi/fpga_hdmi_custom/Zybo-Z7-HW/Zybo-Z7-HW.gen/sources_1/bd/design_1/ip/design_1_m00_regslice_0/design_1_m00_regslice_0_clocks.xdc:25]
WARNING: [Vivado_Tcl 4-921] Waiver ID 'CDC-1' -to list should not be empty. [/home/zkarim28/Meng/MEng_ZYBO/lorenz_ip_hdmi/fpga_hdmi_custom/Zybo-Z7-HW/Zybo-Z7-HW.gen/sources_1/bd/design_1/ip/design_1_m00_regslice_0/design_1_m00_regslice_0_clocks.xdc:28]
WARNING: [Vivado_Tcl 4-921] Waiver ID 'CDC-1' -to list should not be empty. [/home/zkarim28/Meng/MEng_ZYBO/lorenz_ip_hdmi/fpga_hdmi_custom/Zybo-Z7-HW/Zybo-Z7-HW.gen/sources_1/bd/design_1/ip/design_1_m00_regslice_0/design_1_m00_regslice_0_clocks.xdc:31]
WARNING: [Vivado_Tcl 4-921] Waiver ID 'CDC-1' -to list should not be empty. [/home/zkarim28/Meng/MEng_ZYBO/lorenz_ip_hdmi/fpga_hdmi_custom/Zybo-Z7-HW/Zybo-Z7-HW.gen/sources_1/bd/design_1/ip/design_1_m00_regslice_0/design_1_m00_regslice_0_clocks.xdc:34]
WARNING: [Vivado_Tcl 4-921] Waiver ID 'CDC-1' -to list should not be empty. [/home/zkarim28/Meng/MEng_ZYBO/lorenz_ip_hdmi/fpga_hdmi_custom/Zybo-Z7-HW/Zybo-Z7-HW.gen/sources_1/bd/design_1/ip/design_1_m00_regslice_0/design_1_m00_regslice_0_clocks.xdc:38]
WARNING: [Vivado_Tcl 4-921] Waiver ID 'CDC-1' -to list should not be empty. [/home/zkarim28/Meng/MEng_ZYBO/lorenz_ip_hdmi/fpga_hdmi_custom/Zybo-Z7-HW/Zybo-Z7-HW.gen/sources_1/bd/design_1/ip/design_1_m00_regslice_0/design_1_m00_regslice_0_clocks.xdc:41]
Finished Parsing XDC File [/home/zkarim28/Meng/MEng_ZYBO/lorenz_ip_hdmi/fpga_hdmi_custom/Zybo-Z7-HW/Zybo-Z7-HW.gen/sources_1/bd/design_1/ip/design_1_m00_regslice_0/design_1_m00_regslice_0_clocks.xdc] for cell 'design_1_i/axi_interconnect_hp0/m00_couplers/m00_regslice/inst'
Parsing XDC File [/home/zkarim28/Meng/MEng_ZYBO/lorenz_ip_hdmi/fpga_hdmi_custom/Zybo-Z7-HW/Zybo-Z7-HW.gen/sources_1/bd/design_1/ip/design_1_axi_vdma_0_0/design_1_axi_vdma_0_0_clocks.xdc] for cell 'design_1_i/axi_vdma_0/U0'
Finished Parsing XDC File [/home/zkarim28/Meng/MEng_ZYBO/lorenz_ip_hdmi/fpga_hdmi_custom/Zybo-Z7-HW/Zybo-Z7-HW.gen/sources_1/bd/design_1/ip/design_1_axi_vdma_0_0/design_1_axi_vdma_0_0_clocks.xdc] for cell 'design_1_i/axi_vdma_0/U0'
Parsing XDC File [/home/zkarim28/Meng/MEng_ZYBO/lorenz_ip_hdmi/fpga_hdmi_custom/Zybo-Z7-HW/Zybo-Z7-HW.gen/sources_1/bd/design_1/ip/design_1_v_axi4s_vid_out_0_0/design_1_v_axi4s_vid_out_0_0_clocks.xdc] for cell 'design_1_i/v_axi4s_vid_out_0/inst'
Finished Parsing XDC File [/home/zkarim28/Meng/MEng_ZYBO/lorenz_ip_hdmi/fpga_hdmi_custom/Zybo-Z7-HW/Zybo-Z7-HW.gen/sources_1/bd/design_1/ip/design_1_v_axi4s_vid_out_0_0/design_1_v_axi4s_vid_out_0_0_clocks.xdc] for cell 'design_1_i/v_axi4s_vid_out_0/inst'
Parsing XDC File [/home/zkarim28/Meng/MEng_ZYBO/lorenz_ip_hdmi/fpga_hdmi_custom/Zybo-Z7-HW/Zybo-Z7-HW.gen/sources_1/bd/design_1/ip/design_1_v_tc_in_0/design_1_v_tc_in_0_clocks.xdc] for cell 'design_1_i/v_tc_in/U0'
INFO: [Timing 38-35] Done setting XDC timing constraints. [/home/zkarim28/Meng/MEng_ZYBO/lorenz_ip_hdmi/fpga_hdmi_custom/Zybo-Z7-HW/Zybo-Z7-HW.gen/sources_1/bd/design_1/ip/design_1_v_tc_in_0/design_1_v_tc_in_0_clocks.xdc:2]
INFO: [Timing 38-2] Deriving generated clocks [/home/zkarim28/Meng/MEng_ZYBO/lorenz_ip_hdmi/fpga_hdmi_custom/Zybo-Z7-HW/Zybo-Z7-HW.gen/sources_1/bd/design_1/ip/design_1_v_tc_in_0/design_1_v_tc_in_0_clocks.xdc:2]
get_clocks: Time (s): cpu = 00:00:08 ; elapsed = 00:00:07 . Memory (MB): peak = 2882.742 ; gain = 487.750 ; free physical = 422 ; free virtual = 15983
Finished Parsing XDC File [/home/zkarim28/Meng/MEng_ZYBO/lorenz_ip_hdmi/fpga_hdmi_custom/Zybo-Z7-HW/Zybo-Z7-HW.gen/sources_1/bd/design_1/ip/design_1_v_tc_in_0/design_1_v_tc_in_0_clocks.xdc] for cell 'design_1_i/v_tc_in/U0'
Parsing XDC File [/home/zkarim28/Meng/MEng_ZYBO/lorenz_ip_hdmi/fpga_hdmi_custom/Zybo-Z7-HW/Zybo-Z7-HW.gen/sources_1/bd/design_1/ip/design_1_v_tc_out_0/design_1_v_tc_out_0_clocks.xdc] for cell 'design_1_i/v_tc_out/U0'
Finished Parsing XDC File [/home/zkarim28/Meng/MEng_ZYBO/lorenz_ip_hdmi/fpga_hdmi_custom/Zybo-Z7-HW/Zybo-Z7-HW.gen/sources_1/bd/design_1/ip/design_1_v_tc_out_0/design_1_v_tc_out_0_clocks.xdc] for cell 'design_1_i/v_tc_out/U0'
Parsing XDC File [/home/zkarim28/Meng/MEng_ZYBO/lorenz_ip_hdmi/fpga_hdmi_custom/Zybo-Z7-HW/Zybo-Z7-HW.gen/sources_1/bd/design_1/ip/design_1_v_vid_in_axi4s_0_0/design_1_v_vid_in_axi4s_0_0_clocks.xdc] for cell 'design_1_i/v_vid_in_axi4s_0/inst'
Finished Parsing XDC File [/home/zkarim28/Meng/MEng_ZYBO/lorenz_ip_hdmi/fpga_hdmi_custom/Zybo-Z7-HW/Zybo-Z7-HW.gen/sources_1/bd/design_1/ip/design_1_v_vid_in_axi4s_0_0/design_1_v_vid_in_axi4s_0_0_clocks.xdc] for cell 'design_1_i/v_vid_in_axi4s_0/inst'
INFO: [Project 1-1714] 28 XPM XDC files have been applied to the design.
INFO: [Opt 31-138] Pushed 0 inverter(s) to 0 load pin(s).
INFO: [Project 1-1687] 57 scoped IP constraints or related sub-commands were skipped due to synthesis logic optimizations usually triggered by constant connectivity or unconnected output pins. To review the skipped constraints and messages, run the command 'set_param netlist.IPMsgFiltering false' before opening the design.
Netlist sorting complete. Time (s): cpu = 00:00:00.01 ; elapsed = 00:00:00.01 . Memory (MB): peak = 2882.758 ; gain = 0.000 ; free physical = 385 ; free virtual = 15946
INFO: [Project 1-111] Unisim Transformation Summary:
  A total of 15 instances were transformed.
  IOBUF => IOBUF (IBUF, OBUFT): 4 instances
  RAM32M => RAM32M (RAMD32(x6), RAMS32(x2)): 10 instances
  RAM32X1D => RAM32X1D (RAMD32(x2)): 1 instance 

42 Infos, 58 Warnings, 6 Critical Warnings and 0 Errors encountered.
link_design completed successfully
link_design: Time (s): cpu = 00:00:23 ; elapsed = 00:00:22 . Memory (MB): peak = 2882.758 ; gain = 1149.801 ; free physical = 385 ; free virtual = 15946
Command: opt_design
Attempting to get a license for feature 'Implementation' and/or device 'xc7z010'
INFO: [Common 17-349] Got license for feature 'Implementation' and/or device 'xc7z010'
Running DRC as a precondition to command opt_design

Starting DRC Task
INFO: [DRC 23-27] Running DRC with 4 threads
INFO: [Project 1-461] DRC finished with 0 Errors
INFO: [Project 1-462] Please refer to the DRC report (report_drc) for more information.

Time (s): cpu = 00:00:02 ; elapsed = 00:00:01 . Memory (MB): peak = 2882.758 ; gain = 0.000 ; free physical = 379 ; free virtual = 15940

Starting Cache Timing Information Task
INFO: [Timing 38-35] Done setting XDC timing constraints.
Ending Cache Timing Information Task | Checksum: 16754bbfb

Time (s): cpu = 00:00:01 ; elapsed = 00:00:00.74 . Memory (MB): peak = 2882.758 ; gain = 0.000 ; free physical = 373 ; free virtual = 15932

Starting Logic Optimization Task

Phase 1 Initialization

Phase 1.1 Core Generation And Design Setup
Phase 1.1 Core Generation And Design Setup | Checksum: 16754bbfb

Time (s): cpu = 00:00:00 ; elapsed = 00:00:00 . Memory (MB): peak = 3169.641 ; gain = 0.000 ; free physical = 225 ; free virtual = 15659

Phase 1.2 Setup Constraints And Sort Netlist
Phase 1.2 Setup Constraints And Sort Netlist | Checksum: 16754bbfb

Time (s): cpu = 00:00:00.02 ; elapsed = 00:00:00.02 . Memory (MB): peak = 3169.641 ; gain = 0.000 ; free physical = 208 ; free virtual = 15642
Phase 1 Initialization | Checksum: 16754bbfb

Time (s): cpu = 00:00:00.03 ; elapsed = 00:00:00.03 . Memory (MB): peak = 3169.641 ; gain = 0.000 ; free physical = 204 ; free virtual = 15637

Phase 2 Timer Update And Timing Data Collection

Phase 2.1 Timer Update
Phase 2.1 Timer Update | Checksum: 16754bbfb

Time (s): cpu = 00:00:01 ; elapsed = 00:00:00.53 . Memory (MB): peak = 3169.641 ; gain = 0.000 ; free physical = 213 ; free virtual = 15647

Phase 2.2 Timing Data Collection
Phase 2.2 Timing Data Collection | Checksum: 16754bbfb

Time (s): cpu = 00:00:02 ; elapsed = 00:00:00.56 . Memory (MB): peak = 3169.641 ; gain = 0.000 ; free physical = 213 ; free virtual = 15647
Phase 2 Timer Update And Timing Data Collection | Checksum: 16754bbfb

Time (s): cpu = 00:00:02 ; elapsed = 00:00:00.57 . Memory (MB): peak = 3169.641 ; gain = 0.000 ; free physical = 213 ; free virtual = 15647

Phase 3 Retarget
INFO: [Opt 31-1834] Total Chains To Be Transformed Were: 0 AND Number of Transformed insts Created are: 0
INFO: [Opt 31-1566] Pulled 13 inverters resulting in an inversion of 101 pins
INFO: [Opt 31-138] Pushed 3 inverter(s) to 8 load pin(s).
INFO: [Opt 31-49] Retargeted 0 cell(s).
Phase 3 Retarget | Checksum: 190978e8a

Time (s): cpu = 00:00:02 ; elapsed = 00:00:01 . Memory (MB): peak = 3169.641 ; gain = 0.000 ; free physical = 213 ; free virtual = 15647
Retarget | Checksum: 190978e8a
INFO: [Opt 31-389] Phase Retarget created 470 cells and removed 735 cells
INFO: [Opt 31-1021] In phase Retarget, 125 netlist objects are constrained preventing optimization. Please run opt_design with -debug_log to get more detail. 

Phase 4 Constant propagation
INFO: [Opt 31-138] Pushed 0 inverter(s) to 0 load pin(s).
Phase 4 Constant propagation | Checksum: f0cf1709

Time (s): cpu = 00:00:03 ; elapsed = 00:00:02 . Memory (MB): peak = 3169.641 ; gain = 0.000 ; free physical = 214 ; free virtual = 15647
Constant propagation | Checksum: f0cf1709
INFO: [Opt 31-389] Phase Constant propagation created 97 cells and removed 972 cells
INFO: [Opt 31-1021] In phase Constant propagation, 702 netlist objects are constrained preventing optimization. Please run opt_design with -debug_log to get more detail. 

Phase 5 Sweep
Phase 5 Sweep | Checksum: f76a1c4a

Time (s): cpu = 00:00:03 ; elapsed = 00:00:02 . Memory (MB): peak = 3169.641 ; gain = 0.000 ; free physical = 214 ; free virtual = 15648
Sweep | Checksum: f76a1c4a
INFO: [Opt 31-389] Phase Sweep created 0 cells and removed 2455 cells
INFO: [Opt 31-1021] In phase Sweep, 162 netlist objects are constrained preventing optimization. Please run opt_design with -debug_log to get more detail. 

Phase 6 BUFG optimization
Phase 6 BUFG optimization | Checksum: f76a1c4a

Time (s): cpu = 00:00:04 ; elapsed = 00:00:03 . Memory (MB): peak = 3169.641 ; gain = 0.000 ; free physical = 211 ; free virtual = 15645
BUFG optimization | Checksum: f76a1c4a
INFO: [Opt 31-662] Phase BUFG optimization created 0 cells of which 0 are BUFGs and removed 0 cells.

Phase 7 Shift Register Optimization
INFO: [Opt 31-1064] SRL Remap converted 0 SRLs to 0 registers and converted 0 registers of register chains to 0 SRLs
Phase 7 Shift Register Optimization | Checksum: f76a1c4a

Time (s): cpu = 00:00:04 ; elapsed = 00:00:03 . Memory (MB): peak = 3169.641 ; gain = 0.000 ; free physical = 211 ; free virtual = 15645
Shift Register Optimization | Checksum: f76a1c4a
INFO: [Opt 31-389] Phase Shift Register Optimization created 0 cells and removed 0 cells

Phase 8 Post Processing Netlist
Phase 8 Post Processing Netlist | Checksum: 1100a4ad0

Time (s): cpu = 00:00:04 ; elapsed = 00:00:03 . Memory (MB): peak = 3169.641 ; gain = 0.000 ; free physical = 211 ; free virtual = 15645
Post Processing Netlist | Checksum: 1100a4ad0
INFO: [Opt 31-389] Phase Post Processing Netlist created 0 cells and removed 0 cells
INFO: [Opt 31-1021] In phase Post Processing Netlist, 33 netlist objects are constrained preventing optimization. Please run opt_design with -debug_log to get more detail. 

Phase 9 Finalization

Phase 9.1 Finalizing Design Cores and Updating Shapes
Phase 9.1 Finalizing Design Cores and Updating Shapes | Checksum: 12f877f03

Time (s): cpu = 00:00:04 ; elapsed = 00:00:03 . Memory (MB): peak = 3169.641 ; gain = 0.000 ; free physical = 211 ; free virtual = 15645

Phase 9.2 Verifying Netlist Connectivity

Starting Connectivity Check Task

Time (s): cpu = 00:00:00.03 ; elapsed = 00:00:00.03 . Memory (MB): peak = 3169.641 ; gain = 0.000 ; free physical = 211 ; free virtual = 15645
Phase 9.2 Verifying Netlist Connectivity | Checksum: 12f877f03

Time (s): cpu = 00:00:04 ; elapsed = 00:00:03 . Memory (MB): peak = 3169.641 ; gain = 0.000 ; free physical = 211 ; free virtual = 15645
Phase 9 Finalization | Checksum: 12f877f03

Time (s): cpu = 00:00:04 ; elapsed = 00:00:03 . Memory (MB): peak = 3169.641 ; gain = 0.000 ; free physical = 211 ; free virtual = 15645
Opt_design Change Summary
=========================


-------------------------------------------------------------------------------------------------------------------------
|  Phase                        |  #Cells created  |  #Cells Removed  |  #Constrained objects preventing optimizations  |
-------------------------------------------------------------------------------------------------------------------------
|  Retarget                     |             470  |             735  |                                            125  |
|  Constant propagation         |              97  |             972  |                                            702  |
|  Sweep                        |               0  |            2455  |                                            162  |
|  BUFG optimization            |               0  |               0  |                                              0  |
|  Shift Register Optimization  |               0  |               0  |                                              0  |
|  Post Processing Netlist      |               0  |               0  |                                             33  |
-------------------------------------------------------------------------------------------------------------------------


Ending Logic Optimization Task | Checksum: 12f877f03

Time (s): cpu = 00:00:04 ; elapsed = 00:00:03 . Memory (MB): peak = 3169.641 ; gain = 0.000 ; free physical = 211 ; free virtual = 15645

Starting Power Optimization Task
INFO: [Pwropt 34-132] Skipping clock gating for clocks with a period < 2.00 ns.
INFO: [Timing 38-35] Done setting XDC timing constraints.
INFO: [Pwropt 34-9] Applying IDT optimizations ...
INFO: [Pwropt 34-10] Applying ODC optimizations ...
Running Vector-less Activity Propagation...

Finished Running Vector-less Activity Propagation


Starting PowerOpt Patch Enables Task
INFO: [Pwropt 34-162] WRITE_MODE attribute of 0 BRAM(s) out of a total of 16 has been updated to save power. Run report_power_opt to get a complete listing of the BRAMs updated.
INFO: [Pwropt 34-201] Structural ODC has moved 2 WE to EN ports
Number of BRAM Ports augmented: 11 newly gated: 2 Total Ports: 32
Ending PowerOpt Patch Enables Task | Checksum: 1bdc54d83

Time (s): cpu = 00:00:00.15 ; elapsed = 00:00:00.12 . Memory (MB): peak = 3448.469 ; gain = 0.000 ; free physical = 183 ; free virtual = 15381
Ending Power Optimization Task | Checksum: 1bdc54d83

Time (s): cpu = 00:00:08 ; elapsed = 00:00:04 . Memory (MB): peak = 3448.469 ; gain = 278.828 ; free physical = 183 ; free virtual = 15381

Starting Final Cleanup Task
Ending Final Cleanup Task | Checksum: 1bdc54d83

Time (s): cpu = 00:00:00.01 ; elapsed = 00:00:00 . Memory (MB): peak = 3448.469 ; gain = 0.000 ; free physical = 183 ; free virtual = 15381

Starting Netlist Obfuscation Task
Netlist sorting complete. Time (s): cpu = 00:00:00.02 ; elapsed = 00:00:00.02 . Memory (MB): peak = 3448.469 ; gain = 0.000 ; free physical = 183 ; free virtual = 15381
Ending Netlist Obfuscation Task | Checksum: 1abf297fc

Time (s): cpu = 00:00:00.02 ; elapsed = 00:00:00.03 . Memory (MB): peak = 3448.469 ; gain = 0.000 ; free physical = 183 ; free virtual = 15381
INFO: [Common 17-83] Releasing license: Implementation
70 Infos, 58 Warnings, 6 Critical Warnings and 0 Errors encountered.
opt_design completed successfully
opt_design: Time (s): cpu = 00:00:18 ; elapsed = 00:00:11 . Memory (MB): peak = 3448.469 ; gain = 565.711 ; free physical = 183 ; free virtual = 15381
INFO: [Vivado 12-24828] Executing command : report_drc -file design_1_wrapper_drc_opted.rpt -pb design_1_wrapper_drc_opted.pb -rpx design_1_wrapper_drc_opted.rpx
Command: report_drc -file design_1_wrapper_drc_opted.rpt -pb design_1_wrapper_drc_opted.pb -rpx design_1_wrapper_drc_opted.rpx
INFO: [IP_Flow 19-1839] IP Catalog is up to date.
INFO: [DRC 23-27] Running DRC with 4 threads
INFO: [Vivado_Tcl 2-168] The results of DRC are in file /home/zkarim28/Meng/MEng_ZYBO/lorenz_ip_hdmi/fpga_hdmi_custom/Zybo-Z7-HW/Zybo-Z7-HW.runs/impl_1/design_1_wrapper_drc_opted.rpt.
report_drc completed successfully
INFO: [Timing 38-35] Done setting XDC timing constraints.
INFO: [Timing 38-480] Writing timing data to binary archive.
Wrote PlaceDB: Time (s): cpu = 00:00:00.14 ; elapsed = 00:00:00.04 . Memory (MB): peak = 3459.484 ; gain = 0.000 ; free physical = 178 ; free virtual = 15376
Wrote PulsedLatchDB: Time (s): cpu = 00:00:00 ; elapsed = 00:00:00 . Memory (MB): peak = 3459.484 ; gain = 0.000 ; free physical = 178 ; free virtual = 15376
Writing XDEF routing.
Writing XDEF routing logical nets.
Write ShapeDB Complete: Time (s): cpu = 00:00:00.28 ; elapsed = 00:00:00.08 . Memory (MB): peak = 3459.484 ; gain = 0.000 ; free physical = 178 ; free virtual = 15379
Writing XDEF routing special nets.
Wrote RouteStorage: Time (s): cpu = 00:00:00.24 ; elapsed = 00:00:00.07 . Memory (MB): peak = 3459.484 ; gain = 0.000 ; free physical = 177 ; free virtual = 15379
Wrote Netlist Cache: Time (s): cpu = 00:00:00 ; elapsed = 00:00:00 . Memory (MB): peak = 3459.484 ; gain = 0.000 ; free physical = 177 ; free virtual = 15379
Wrote Device Cache: Time (s): cpu = 00:00:00.05 ; elapsed = 00:00:00.02 . Memory (MB): peak = 3459.484 ; gain = 0.000 ; free physical = 177 ; free virtual = 15380
Write Physdb Complete: Time (s): cpu = 00:00:00.44 ; elapsed = 00:00:00.13 . Memory (MB): peak = 3459.484 ; gain = 0.000 ; free physical = 177 ; free virtual = 15380
INFO: [Common 17-1381] The checkpoint '/home/zkarim28/Meng/MEng_ZYBO/lorenz_ip_hdmi/fpga_hdmi_custom/Zybo-Z7-HW/Zybo-Z7-HW.runs/impl_1/design_1_wrapper_opt.dcp' has been generated.
Command: place_design
Attempting to get a license for feature 'Implementation' and/or device 'xc7z010'
INFO: [Common 17-349] Got license for feature 'Implementation' and/or device 'xc7z010'
INFO: [Common 17-83] Releasing license: Implementation
INFO: [DRC 23-27] Running DRC with 4 threads
INFO: [Vivado_Tcl 4-198] DRC finished with 0 Errors
INFO: [Vivado_Tcl 4-199] Please refer to the DRC report (report_drc) for more information.
Running DRC as a precondition to command place_design
INFO: [DRC 23-27] Running DRC with 4 threads
INFO: [Vivado_Tcl 4-198] DRC finished with 0 Errors
INFO: [Vivado_Tcl 4-199] Please refer to the DRC report (report_drc) for more information.
INFO: [Place 30-611] Multithreading enabled for place_design using a maximum of 4 CPUs

Starting Placer Task

Phase 1 Placer Initialization

Phase 1.1 Placer Initialization Netlist Sorting
Netlist sorting complete. Time (s): cpu = 00:00:00 ; elapsed = 00:00:00.01 . Memory (MB): peak = 3459.484 ; gain = 0.000 ; free physical = 210 ; free virtual = 15293
Phase 1.1 Placer Initialization Netlist Sorting | Checksum: 126edd086

Time (s): cpu = 00:00:00.01 ; elapsed = 00:00:00.01 . Memory (MB): peak = 3459.484 ; gain = 0.000 ; free physical = 210 ; free virtual = 15293
Netlist sorting complete. Time (s): cpu = 00:00:00 ; elapsed = 00:00:00.01 . Memory (MB): peak = 3459.484 ; gain = 0.000 ; free physical = 210 ; free virtual = 15293

Phase 1.2 IO Placement/ Clock Placement/ Build Placer Device
Phase 1.2 IO Placement/ Clock Placement/ Build Placer Device | Checksum: 1e4abc5c5

Time (s): cpu = 00:00:03 ; elapsed = 00:00:02 . Memory (MB): peak = 3459.484 ; gain = 0.000 ; free physical = 221 ; free virtual = 15301

Phase 1.3 Build Placer Netlist Model
Phase 1.3 Build Placer Netlist Model | Checksum: 234ec6338

Time (s): cpu = 00:00:10 ; elapsed = 00:00:05 . Memory (MB): peak = 3459.484 ; gain = 0.000 ; free physical = 262 ; free virtual = 15344

Phase 1.4 Constrain Clocks/Macros
Phase 1.4 Constrain Clocks/Macros | Checksum: 234ec6338

Time (s): cpu = 00:00:10 ; elapsed = 00:00:06 . Memory (MB): peak = 3459.484 ; gain = 0.000 ; free physical = 262 ; free virtual = 15344
Phase 1 Placer Initialization | Checksum: 234ec6338

Time (s): cpu = 00:00:10 ; elapsed = 00:00:06 . Memory (MB): peak = 3459.484 ; gain = 0.000 ; free physical = 262 ; free virtual = 15344

Phase 2 Global Placement

Phase 2.1 Floorplanning
Phase 2.1 Floorplanning | Checksum: 1fe990452

Time (s): cpu = 00:00:13 ; elapsed = 00:00:06 . Memory (MB): peak = 3459.484 ; gain = 0.000 ; free physical = 273 ; free virtual = 15355

Phase 2.2 Update Timing before SLR Path Opt
Phase 2.2 Update Timing before SLR Path Opt | Checksum: 161120e6f

Time (s): cpu = 00:00:15 ; elapsed = 00:00:07 . Memory (MB): peak = 3459.484 ; gain = 0.000 ; free physical = 280 ; free virtual = 15362

Phase 2.3 Post-Processing in Floorplanning
Phase 2.3 Post-Processing in Floorplanning | Checksum: 161120e6f

Time (s): cpu = 00:00:15 ; elapsed = 00:00:07 . Memory (MB): peak = 3459.484 ; gain = 0.000 ; free physical = 280 ; free virtual = 15362

Phase 2.4 Global Placement Core

Phase 2.4.1 UpdateTiming Before Physical Synthesis
Phase 2.4.1 UpdateTiming Before Physical Synthesis | Checksum: 177f8e9c7

Time (s): cpu = 00:00:34 ; elapsed = 00:00:15 . Memory (MB): peak = 3459.484 ; gain = 0.000 ; free physical = 328 ; free virtual = 15410

Phase 2.4.2 Physical Synthesis In Placer
INFO: [Physopt 32-1035] Found 2 LUTNM shape to break, 527 LUT instances to create LUTNM shape
INFO: [Physopt 32-1044] Break lutnm for timing: one critical 0, two critical 2, total 2, new lutff created 0
INFO: [Physopt 32-1138] End 1 Pass. Optimized 206 nets or LUTs. Breaked 2 LUTs, combined 204 existing LUTs and moved 0 existing LUT
INFO: [Physopt 32-65] No nets found for high-fanout optimization.
INFO: [Physopt 32-232] Optimized 0 net. Created 0 new instance.
INFO: [Physopt 32-775] End 1 Pass. Optimized 0 net or cell. Created 0 new cell, deleted 0 existing cell and moved 0 existing cell
INFO: [Physopt 32-457] Pass 1. Identified 7 candidate cells for DSP register optimization.
INFO: [Physopt 32-665] Processed cell design_1_i/lorenz_reader_0/inst/solver_i/multiplier_z1/mult_out__1. 10 registers were pushed out.
INFO: [Physopt 32-665] Processed cell design_1_i/lorenz_reader_0/inst/solver_i/multiplier_z1/mult_out__0. 17 registers were pushed out.
INFO: [Physopt 32-665] Processed cell design_1_i/lorenz_reader_0/inst/solver_i/multiplier_z1/mult_out. 17 registers were pushed out.
INFO: [Physopt 32-665] Processed cell design_1_i/lorenz_reader_0/inst/solver_i/multiplier_z2/mult_out. 2 registers were pushed out.
INFO: [Physopt 32-666] Processed cell design_1_i/lorenz_reader_0/inst/solver_i/multiplier_y/mult_out. No change.
INFO: [Physopt 32-666] Processed cell design_1_i/lorenz_reader_0/inst/solver_i/multiplier_z1/mult_out. No change.
INFO: [Physopt 32-666] Processed cell design_1_i/lorenz_reader_0/inst/solver_i/multiplier_y/mult_out__0. No change.
INFO: [Physopt 32-457] Pass 2. Identified 3 candidate cells for DSP register optimization.
INFO: [Physopt 32-457] Pass 2. Identified 6 candidate cells for DSP register optimization.
INFO: [Physopt 32-666] Processed cell design_1_i/lorenz_reader_0/inst/solver_i/multiplier_z1/mult_out__0. No change.
INFO: [Physopt 32-666] Processed cell design_1_i/lorenz_reader_0/inst/solver_i/multiplier_z1/mult_out. No change.
INFO: [Physopt 32-666] Processed cell design_1_i/lorenz_reader_0/inst/solver_i/multiplier_z2/mult_out. No change.
INFO: [Physopt 32-666] Processed cell design_1_i/lorenz_reader_0/inst/solver_i/multiplier_y/mult_out. No change.
INFO: [Physopt 32-666] Processed cell design_1_i/lorenz_reader_0/inst/solver_i/multiplier_z1/mult_out. No change.
INFO: [Physopt 32-666] Processed cell design_1_i/lorenz_reader_0/inst/solver_i/multiplier_y/mult_out__0. No change.
INFO: [Physopt 32-666] Processed cell design_1_i/lorenz_reader_0/inst/solver_i/multiplier_z1/mult_out__1. No change.
INFO: [Physopt 32-666] Processed cell design_1_i/lorenz_reader_0/inst/solver_i/multiplier_y/mult_out__1. No change.
INFO: [Physopt 32-666] Processed cell design_1_i/lorenz_reader_0/inst/solver_i/multiplier_z1/mult_out__0. No change.
INFO: [Physopt 32-775] End 2 Pass. Optimized 4 nets or cells. Created 46 new cells, deleted 0 existing cell and moved 0 existing cell
Netlist sorting complete. Time (s): cpu = 00:00:00.01 ; elapsed = 00:00:00.01 . Memory (MB): peak = 3459.484 ; gain = 0.000 ; free physical = 339 ; free virtual = 15421
INFO: [Physopt 32-1123] No candidate cells found for Shift Register to Pipeline optimization
INFO: [Physopt 32-775] End 2 Pass. Optimized 0 net or cell. Created 0 new cell, deleted 0 existing cell and moved 0 existing cell
INFO: [Physopt 32-1401] No candidate cells found for Shift Register optimization.
INFO: [Physopt 32-677] No candidate cells for Shift Register optimization found in the design
INFO: [Physopt 32-775] End 1 Pass. Optimized 0 net or cell. Created 0 new cell, deleted 0 existing cell and moved 0 existing cell
INFO: [Physopt 32-526] No candidate cells for BRAM register optimization found in the design
INFO: [Physopt 32-775] End 1 Pass. Optimized 0 net or cell. Created 0 new cell, deleted 0 existing cell and moved 0 existing cell
INFO: [Physopt 32-846] No candidate cells for URAM register optimization found in the design
INFO: [Physopt 32-775] End 1 Pass. Optimized 0 net or cell. Created 0 new cell, deleted 0 existing cell and moved 0 existing cell
INFO: [Physopt 32-846] No candidate cells for URAM register optimization found in the design
INFO: [Physopt 32-775] End 1 Pass. Optimized 0 net or cell. Created 0 new cell, deleted 0 existing cell and moved 0 existing cell
INFO: [Physopt 32-949] No candidate nets found for dynamic/static region interface net replication
INFO: [Physopt 32-775] End 1 Pass. Optimized 0 net or cell. Created 0 new cell, deleted 0 existing cell and moved 0 existing cell
Netlist sorting complete. Time (s): cpu = 00:00:00 ; elapsed = 00:00:00 . Memory (MB): peak = 3459.484 ; gain = 0.000 ; free physical = 348 ; free virtual = 15430

Summary of Physical Synthesis Optimizations
============================================


-----------------------------------------------------------------------------------------------------------------------------------------------------------
|  Optimization                                     |  Added Cells  |  Removed Cells  |  Optimized Cells/Nets  |  Dont Touch  |  Iterations  |  Elapsed   |
-----------------------------------------------------------------------------------------------------------------------------------------------------------
|  LUT Combining                                    |            2  |            204  |                   206  |           0  |           1  |  00:00:00  |
|  Retime                                           |            0  |              0  |                     0  |           0  |           1  |  00:00:00  |
|  Very High Fanout                                 |            0  |              0  |                     0  |           0  |           1  |  00:00:00  |
|  DSP Register                                     |           46  |              0  |                     4  |           0  |           1  |  00:00:02  |
|  Shift Register to Pipeline                       |            0  |              0  |                     0  |           0  |           1  |  00:00:00  |
|  Shift Register                                   |            0  |              0  |                     0  |           0  |           1  |  00:00:00  |
|  BRAM Register                                    |            0  |              0  |                     0  |           0  |           1  |  00:00:00  |
|  URAM Register                                    |            0  |              0  |                     0  |           0  |           1  |  00:00:00  |
|  Dynamic/Static Region Interface Net Replication  |            0  |              0  |                     0  |           0  |           1  |  00:00:00  |
|  Total                                            |           48  |            204  |                   210  |           0  |           9  |  00:00:02  |
-----------------------------------------------------------------------------------------------------------------------------------------------------------


Phase 2.4.2 Physical Synthesis In Placer | Checksum: 281c57ed3

Time (s): cpu = 00:00:39 ; elapsed = 00:00:19 . Memory (MB): peak = 3459.484 ; gain = 0.000 ; free physical = 348 ; free virtual = 15430
Phase 2.4 Global Placement Core | Checksum: 21e52c8dc

Time (s): cpu = 00:00:40 ; elapsed = 00:00:20 . Memory (MB): peak = 3459.484 ; gain = 0.000 ; free physical = 348 ; free virtual = 15430
Phase 2 Global Placement | Checksum: 21e52c8dc

Time (s): cpu = 00:00:40 ; elapsed = 00:00:20 . Memory (MB): peak = 3459.484 ; gain = 0.000 ; free physical = 348 ; free virtual = 15430

Phase 3 Detail Placement

Phase 3.1 Commit Multi Column Macros
Phase 3.1 Commit Multi Column Macros | Checksum: 2cc0a298c

Time (s): cpu = 00:00:43 ; elapsed = 00:00:21 . Memory (MB): peak = 3459.484 ; gain = 0.000 ; free physical = 350 ; free virtual = 15432

Phase 3.2 Commit Most Macros & LUTRAMs
Phase 3.2 Commit Most Macros & LUTRAMs | Checksum: 265cce8bd

Time (s): cpu = 00:00:47 ; elapsed = 00:00:22 . Memory (MB): peak = 3459.484 ; gain = 0.000 ; free physical = 356 ; free virtual = 15438

Phase 3.3 Area Swap Optimization
Phase 3.3 Area Swap Optimization | Checksum: 26bbdbb06

Time (s): cpu = 00:00:47 ; elapsed = 00:00:22 . Memory (MB): peak = 3459.484 ; gain = 0.000 ; free physical = 356 ; free virtual = 15438

Phase 3.4 Pipeline Register Optimization
Phase 3.4 Pipeline Register Optimization | Checksum: 262fed7c4

Time (s): cpu = 00:00:47 ; elapsed = 00:00:22 . Memory (MB): peak = 3459.484 ; gain = 0.000 ; free physical = 356 ; free virtual = 15438

Phase 3.5 Fast Optimization
Phase 3.5 Fast Optimization | Checksum: 22b7d2b75

Time (s): cpu = 00:00:53 ; elapsed = 00:00:25 . Memory (MB): peak = 3459.484 ; gain = 0.000 ; free physical = 351 ; free virtual = 15433

Phase 3.6 Small Shape Detail Placement
Phase 3.6 Small Shape Detail Placement | Checksum: 1ffc91b85

Time (s): cpu = 00:00:59 ; elapsed = 00:00:30 . Memory (MB): peak = 3459.484 ; gain = 0.000 ; free physical = 355 ; free virtual = 15437

Phase 3.7 Re-assign LUT pins
Phase 3.7 Re-assign LUT pins | Checksum: 2c4639e73

Time (s): cpu = 00:01:00 ; elapsed = 00:00:31 . Memory (MB): peak = 3459.484 ; gain = 0.000 ; free physical = 355 ; free virtual = 15437

Phase 3.8 Pipeline Register Optimization
Phase 3.8 Pipeline Register Optimization | Checksum: 269edeaa3

Time (s): cpu = 00:01:00 ; elapsed = 00:00:31 . Memory (MB): peak = 3459.484 ; gain = 0.000 ; free physical = 355 ; free virtual = 15437

Phase 3.9 Fast Optimization
Phase 3.9 Fast Optimization | Checksum: 282c2a0db

Time (s): cpu = 00:01:09 ; elapsed = 00:00:35 . Memory (MB): peak = 3459.484 ; gain = 0.000 ; free physical = 357 ; free virtual = 15439
Phase 3 Detail Placement | Checksum: 282c2a0db

Time (s): cpu = 00:01:09 ; elapsed = 00:00:35 . Memory (MB): peak = 3459.484 ; gain = 0.000 ; free physical = 357 ; free virtual = 15438

Phase 4 Post Placement Optimization and Clean-Up

Phase 4.1 Post Commit Optimization
INFO: [Timing 38-35] Done setting XDC timing constraints.

Phase 4.1.1 Post Placement Optimization
Post Placement Optimization Initialization | Checksum: 1545b835b

Phase 4.1.1.1 BUFG Insertion

Starting Physical Synthesis Task

Phase 1 Physical Synthesis Initialization
INFO: [Physopt 32-721] Multithreading enabled for phys_opt_design using a maximum of 4 CPUs
INFO: [Physopt 32-619] Estimated Timing Summary | WNS=-6.704 | TNS=-815.965 |
Phase 1 Physical Synthesis Initialization | Checksum: bd80ff24

Time (s): cpu = 00:00:03 ; elapsed = 00:00:01 . Memory (MB): peak = 3459.484 ; gain = 0.000 ; free physical = 356 ; free virtual = 15438
INFO: [Place 46-56] BUFG insertion identified 0 candidate nets. Inserted BUFG: 0, Replicated BUFG Driver: 0, Skipped due to Placement/Routing Conflicts: 0, Skipped due to Timing Degradation: 0, Skipped due to netlist editing failed: 0.
Ending Physical Synthesis Task | Checksum: 17c51bb7d

Time (s): cpu = 00:00:03 ; elapsed = 00:00:01 . Memory (MB): peak = 3459.484 ; gain = 0.000 ; free physical = 356 ; free virtual = 15438
Phase 4.1.1.1 BUFG Insertion | Checksum: 1545b835b

Time (s): cpu = 00:01:21 ; elapsed = 00:00:40 . Memory (MB): peak = 3459.484 ; gain = 0.000 ; free physical = 356 ; free virtual = 15438

Phase 4.1.1.2 Post Placement Timing Optimization
INFO: [Place 30-746] Post Placement Timing Summary WNS=-6.373. For the most accurate timing information please run report_timing.
Phase 4.1.1.2 Post Placement Timing Optimization | Checksum: bf5899e2

Time (s): cpu = 00:01:38 ; elapsed = 00:00:50 . Memory (MB): peak = 3459.484 ; gain = 0.000 ; free physical = 355 ; free virtual = 15438

Time (s): cpu = 00:01:38 ; elapsed = 00:00:50 . Memory (MB): peak = 3459.484 ; gain = 0.000 ; free physical = 355 ; free virtual = 15438
Phase 4.1 Post Commit Optimization | Checksum: bf5899e2

Time (s): cpu = 00:01:38 ; elapsed = 00:00:50 . Memory (MB): peak = 3459.484 ; gain = 0.000 ; free physical = 355 ; free virtual = 15438

Phase 4.2 Post Placement Cleanup
Phase 4.2 Post Placement Cleanup | Checksum: bf5899e2

Time (s): cpu = 00:01:38 ; elapsed = 00:00:51 . Memory (MB): peak = 3459.484 ; gain = 0.000 ; free physical = 355 ; free virtual = 15438

Phase 4.3 Placer Reporting

Phase 4.3.1 Print Estimated Congestion
INFO: [Place 30-612] Post-Placement Estimated Congestion 
 ____________________________________________________
|           | Global Congestion | Short Congestion  |
| Direction | Region Size       | Region Size       |
|___________|___________________|___________________|
|      North|                1x1|                1x1|
|___________|___________________|___________________|
|      South|                1x1|                4x4|
|___________|___________________|___________________|
|       East|                1x1|                1x1|
|___________|___________________|___________________|
|       West|                1x1|                1x1|
|___________|___________________|___________________|

Phase 4.3.1 Print Estimated Congestion | Checksum: bf5899e2

Time (s): cpu = 00:01:38 ; elapsed = 00:00:51 . Memory (MB): peak = 3459.484 ; gain = 0.000 ; free physical = 355 ; free virtual = 15438
Phase 4.3 Placer Reporting | Checksum: bf5899e2

Time (s): cpu = 00:01:38 ; elapsed = 00:00:51 . Memory (MB): peak = 3459.484 ; gain = 0.000 ; free physical = 355 ; free virtual = 15438

Phase 4.4 Final Placement Cleanup
Netlist sorting complete. Time (s): cpu = 00:00:00.01 ; elapsed = 00:00:00 . Memory (MB): peak = 3459.484 ; gain = 0.000 ; free physical = 355 ; free virtual = 15438

Time (s): cpu = 00:01:38 ; elapsed = 00:00:51 . Memory (MB): peak = 3459.484 ; gain = 0.000 ; free physical = 355 ; free virtual = 15438
Phase 4 Post Placement Optimization and Clean-Up | Checksum: e1a00a1f

Time (s): cpu = 00:01:39 ; elapsed = 00:00:51 . Memory (MB): peak = 3459.484 ; gain = 0.000 ; free physical = 355 ; free virtual = 15438
Ending Placer Task | Checksum: d51f40ff

Time (s): cpu = 00:01:39 ; elapsed = 00:00:51 . Memory (MB): peak = 3459.484 ; gain = 0.000 ; free physical = 355 ; free virtual = 15438
131 Infos, 58 Warnings, 6 Critical Warnings and 0 Errors encountered.
place_design completed successfully
place_design: Time (s): cpu = 00:01:44 ; elapsed = 00:00:53 . Memory (MB): peak = 3459.484 ; gain = 0.000 ; free physical = 355 ; free virtual = 15438
INFO: [Vivado 12-24838] Running report commands "report_control_sets, report_io, report_utilization" in parallel.
Running report generation with 3 threads.
INFO: [Vivado 12-24828] Executing command : report_control_sets -verbose -file design_1_wrapper_control_sets_placed.rpt
report_control_sets: Time (s): cpu = 00:00:00.37 ; elapsed = 00:00:00.13 . Memory (MB): peak = 3459.484 ; gain = 0.000 ; free physical = 355 ; free virtual = 15438
INFO: [Vivado 12-24828] Executing command : report_io -file design_1_wrapper_io_placed.rpt
report_io: Time (s): cpu = 00:00:00.49 ; elapsed = 00:00:00.18 . Memory (MB): peak = 3459.484 ; gain = 0.000 ; free physical = 355 ; free virtual = 15438
INFO: [Vivado 12-24828] Executing command : report_utilization -file design_1_wrapper_utilization_placed.rpt -pb design_1_wrapper_utilization_placed.pb
INFO: [Timing 38-480] Writing timing data to binary archive.
Write ShapeDB Complete: Time (s): cpu = 00:00:00.37 ; elapsed = 00:00:00.11 . Memory (MB): peak = 3459.484 ; gain = 0.000 ; free physical = 355 ; free virtual = 15443
Wrote PlaceDB: Time (s): cpu = 00:00:04 ; elapsed = 00:00:02 . Memory (MB): peak = 3459.484 ; gain = 0.000 ; free physical = 337 ; free virtual = 15445
Wrote PulsedLatchDB: Time (s): cpu = 00:00:00 ; elapsed = 00:00:00 . Memory (MB): peak = 3459.484 ; gain = 0.000 ; free physical = 337 ; free virtual = 15445
Writing XDEF routing.
Writing XDEF routing logical nets.
Writing XDEF routing special nets.
Wrote RouteStorage: Time (s): cpu = 00:00:00.09 ; elapsed = 00:00:00.04 . Memory (MB): peak = 3459.484 ; gain = 0.000 ; free physical = 337 ; free virtual = 15446
Wrote Netlist Cache: Time (s): cpu = 00:00:00.07 ; elapsed = 00:00:00.04 . Memory (MB): peak = 3459.484 ; gain = 0.000 ; free physical = 337 ; free virtual = 15447
Wrote Device Cache: Time (s): cpu = 00:00:00.03 ; elapsed = 00:00:00.02 . Memory (MB): peak = 3459.484 ; gain = 0.000 ; free physical = 337 ; free virtual = 15448
Write Physdb Complete: Time (s): cpu = 00:00:04 ; elapsed = 00:00:02 . Memory (MB): peak = 3459.484 ; gain = 0.000 ; free physical = 337 ; free virtual = 15448
INFO: [Common 17-1381] The checkpoint '/home/zkarim28/Meng/MEng_ZYBO/lorenz_ip_hdmi/fpga_hdmi_custom/Zybo-Z7-HW/Zybo-Z7-HW.runs/impl_1/design_1_wrapper_placed.dcp' has been generated.
Command: phys_opt_design
Attempting to get a license for feature 'Implementation' and/or device 'xc7z010'
INFO: [Common 17-349] Got license for feature 'Implementation' and/or device 'xc7z010'

Starting Initial Update Timing Task

Time (s): cpu = 00:00:08 ; elapsed = 00:00:03 . Memory (MB): peak = 3459.484 ; gain = 0.000 ; free physical = 340 ; free virtual = 15432
INFO: [Vivado_Tcl 4-1435] PhysOpt_Tcl_Interface Runtime Before Starting Physical Synthesis Task | CPU: 8.09s |  WALL: 2.77s
Netlist sorting complete. Time (s): cpu = 00:00:00 ; elapsed = 00:00:00 . Memory (MB): peak = 3459.484 ; gain = 0.000 ; free physical = 340 ; free virtual = 15432

Starting Physical Synthesis Task

Phase 1 Physical Synthesis Initialization
INFO: [Physopt 32-721] Multithreading enabled for phys_opt_design using a maximum of 4 CPUs
INFO: [Physopt 32-619] Estimated Timing Summary | WNS=-6.373 | TNS=-819.163 |
Phase 1 Physical Synthesis Initialization | Checksum: 1b0ef099a

Time (s): cpu = 00:00:04 ; elapsed = 00:00:02 . Memory (MB): peak = 3459.484 ; gain = 0.000 ; free physical = 338 ; free virtual = 15428
INFO: [Physopt 32-619] Estimated Timing Summary | WNS=-6.373 | TNS=-819.163 |

Phase 2 DSP Register Optimization
INFO: [Physopt 32-456] No candidate cells for DSP register optimization found in the design.
INFO: [Physopt 32-775] End 2 Pass. Optimized 0 net or cell. Created 0 new cell, deleted 0 existing cell and moved 0 existing cell
Phase 2 DSP Register Optimization | Checksum: 1b0ef099a

Time (s): cpu = 00:00:05 ; elapsed = 00:00:02 . Memory (MB): peak = 3459.484 ; gain = 0.000 ; free physical = 338 ; free virtual = 15428

Phase 3 Critical Path Optimization
INFO: [Physopt 32-619] Estimated Timing Summary | WNS=-6.373 | TNS=-819.163 |
INFO: [Physopt 32-702] Processed net design_1_i/lorenz_reader_0/inst/solver_i/integrator_y/mult_out__1_i_2_psdsp_n. Optimizations did not improve timing on the net.
INFO: [Physopt 32-702] Processed net design_1_i/processing_system7_0/inst/FCLK_CLK_unbuffered[0]. Optimizations did not improve timing on the net.
INFO: [Physopt 32-702] Processed net design_1_i/lorenz_reader_0/inst/solver_i/integrator_y/adder_out_carry__5_n_6. Optimizations did not improve timing on the net.
INFO: [Physopt 32-702] Processed net design_1_i/lorenz_reader_0/inst/solver_i/integrator_y/adder_out_carry__4_n_0. Optimizations did not improve timing on the net.
INFO: [Physopt 32-702] Processed net design_1_i/lorenz_reader_0/inst/solver_i/integrator_y/adder_out_carry__3_n_0. Optimizations did not improve timing on the net.
INFO: [Physopt 32-702] Processed net design_1_i/lorenz_reader_0/inst/solver_i/integrator_y/adder_out_carry__2_n_0. Optimizations did not improve timing on the net.
INFO: [Physopt 32-702] Processed net design_1_i/lorenz_reader_0/inst/solver_i/integrator_y/adder_out_carry__1_n_0. Optimizations did not improve timing on the net.
INFO: [Physopt 32-702] Processed net design_1_i/lorenz_reader_0/inst/solver_i/integrator_y/adder_out_carry__0_n_0. Optimizations did not improve timing on the net.
INFO: [Physopt 32-702] Processed net design_1_i/lorenz_reader_0/inst/solver_i/integrator_y/adder_out_carry__0_i_3__1_n_0. Optimizations did not improve timing on the net.
INFO: [Physopt 32-702] Processed net design_1_i/lorenz_reader_0/inst/solver_i/funct_y_carry__0_n_6. Optimizations did not improve timing on the net.
INFO: [Physopt 32-702] Processed net design_1_i/lorenz_reader_0/inst/solver_i/funct_y_carry_n_0. Optimizations did not improve timing on the net.
INFO: [Physopt 32-702] Processed net design_1_i/lorenz_reader_0/inst/solver_i/multiplier_y/v1_reg[11][1]. Optimizations did not improve timing on the net.
INFO: [Physopt 32-702] Processed net design_1_i/lorenz_reader_0/inst/solver_i/multiplier_y/mult_out__1_0[1]. Optimizations did not improve timing on the net.
INFO: [Physopt 32-702] Processed net design_1_i/lorenz_reader_0/inst/solver_i/multiplier_y/mult_out_inferred__1/i__carry_n_0. Optimizations did not improve timing on the net.
INFO: [Physopt 32-608] Optimized 1 net.  Swapped 12 pins.
INFO: [Physopt 32-735] Processed net design_1_i/lorenz_reader_0/inst/solver_i/multiplier_y/i__carry_i_3__3_n_0. Optimization improves timing on the net.
INFO: [Physopt 32-619] Estimated Timing Summary | WNS=-6.228 | TNS=-807.406 |
INFO: [Physopt 32-702] Processed net design_1_i/lorenz_reader_0/inst/solver_i/integrator_y/adder_out_carry__4_i_3__1_n_0. Optimizations did not improve timing on the net.
INFO: [Physopt 32-702] Processed net design_1_i/lorenz_reader_0/inst/solver_i/funct_y_carry__4_n_6. Optimizations did not improve timing on the net.
INFO: [Physopt 32-702] Processed net design_1_i/lorenz_reader_0/inst/solver_i/funct_y_carry__3_n_0. Optimizations did not improve timing on the net.
INFO: [Physopt 32-702] Processed net design_1_i/lorenz_reader_0/inst/solver_i/funct_y_carry__2_n_0. Optimizations did not improve timing on the net.
INFO: [Physopt 32-702] Processed net design_1_i/lorenz_reader_0/inst/solver_i/funct_y_carry__1_n_0. Optimizations did not improve timing on the net.
INFO: [Physopt 32-702] Processed net design_1_i/lorenz_reader_0/inst/solver_i/funct_y_carry__0_n_0. Optimizations did not improve timing on the net.
INFO: [Physopt 32-702] Processed net design_1_i/lorenz_reader_0/inst/solver_i/multiplier_y/v1_reg[15][1]. Optimizations did not improve timing on the net.
INFO: [Physopt 32-702] Processed net design_1_i/lorenz_reader_0/inst/solver_i/multiplier_y/mult_out__1_0[5]. Optimizations did not improve timing on the net.
INFO: [Physopt 32-702] Processed net design_1_i/lorenz_reader_0/inst/solver_i/multiplier_y/mult_out_inferred__1/i__carry__0_n_0. Optimizations did not improve timing on the net.
INFO: [Physopt 32-608] Optimized 1 net.  Swapped 12 pins.
INFO: [Physopt 32-735] Processed net design_1_i/lorenz_reader_0/inst/solver_i/multiplier_y/i__carry__0_i_3__3_n_0. Optimization improves timing on the net.
INFO: [Physopt 32-619] Estimated Timing Summary | WNS=-6.171 | TNS=-804.821 |
INFO: [Physopt 32-702] Processed net design_1_i/lorenz_reader_0/inst/solver_i/multiplier_y/i__carry_i_3__3_n_0. Optimizations did not improve timing on the net.
INFO: [Physopt 32-702] Processed net design_1_i/lorenz_reader_0/inst/solver_i/integrator_y/B[8]. Optimizations did not improve timing on the net.
INFO: [Physopt 32-702] Processed net design_1_i/lorenz_reader_0/inst/solver_i/multiplier_y/mult_out__1_n_105. Optimizations did not improve timing on the net.
INFO: [Physopt 32-702] Processed net design_1_i/lorenz_reader_0/inst/solver_i/integrator_z/A[14]. Optimizations did not improve timing on the net.
INFO: [Physopt 32-702] Processed net design_1_i/lorenz_reader_0/inst/solver_i/integrator_z/mult_out_i_4__0_n_0. Optimizations did not improve timing on the net.
INFO: [Physopt 32-702] Processed net design_1_i/lorenz_reader_0/inst/solver_i/integrator_z/mult_out_i_5__0_n_0. Optimizations did not improve timing on the net.
INFO: [Physopt 32-702] Processed net design_1_i/lorenz_reader_0/inst/solver_i/integrator_z/mult_out_i_6__0_n_0. Optimizations did not improve timing on the net.
INFO: [Physopt 32-663] Processed net design_1_i/lorenz_reader_0/inst/solver_i/integrator_z/mult_out_i_19_n_0.  Re-placed instance design_1_i/lorenz_reader_0/inst/solver_i/integrator_z/mult_out_i_19
INFO: [Physopt 32-735] Processed net design_1_i/lorenz_reader_0/inst/solver_i/integrator_z/mult_out_i_19_n_0. Optimization improves timing on the net.
INFO: [Physopt 32-619] Estimated Timing Summary | WNS=-6.054 | TNS=-796.514 |
INFO: [Physopt 32-702] Processed net design_1_i/lorenz_reader_0/inst/solver_i/integrator_z/mult_out_i_19_n_0. Optimizations did not improve timing on the net.
INFO: [Physopt 32-702] Processed net design_1_i/lorenz_reader_0/inst/solver_i/multiplier_y/mult_out__0_n_106. Optimizations did not improve timing on the net.
INFO: [Physopt 32-663] Processed net design_1_i/lorenz_reader_0/inst/solver_i/integrator_z/A[0].  Re-placed instance design_1_i/lorenz_reader_0/inst/solver_i/integrator_z/v1_reg[0]
INFO: [Physopt 32-735] Processed net design_1_i/lorenz_reader_0/inst/solver_i/integrator_z/A[0]. Optimization improves timing on the net.
INFO: [Physopt 32-619] Estimated Timing Summary | WNS=-6.009 | TNS=-793.590 |
INFO: [Physopt 32-81] Processed net design_1_i/lorenz_reader_0/inst/solver_i/integrator_z/A[0]. Replicated 2 times.
INFO: [Physopt 32-735] Processed net design_1_i/lorenz_reader_0/inst/solver_i/integrator_z/A[0]. Optimization improves timing on the net.
INFO: [Physopt 32-619] Estimated Timing Summary | WNS=-5.977 | TNS=-796.306 |
INFO: [Physopt 32-702] Processed net design_1_i/lorenz_reader_0/inst/solver_i/integrator_z/A[0]_repN. Optimizations did not improve timing on the net.
INFO: [Physopt 32-702] Processed net design_1_i/lorenz_reader_0/inst/solver_i/integrator_y/mult_out__1_i_2_psdsp_n. Optimizations did not improve timing on the net.
INFO: [Physopt 32-702] Processed net design_1_i/processing_system7_0/inst/FCLK_CLK_unbuffered[0]. Optimizations did not improve timing on the net.
INFO: [Physopt 32-702] Processed net design_1_i/lorenz_reader_0/inst/solver_i/integrator_y/adder_out_carry__5_n_6. Optimizations did not improve timing on the net.
INFO: [Physopt 32-702] Processed net design_1_i/lorenz_reader_0/inst/solver_i/integrator_y/adder_out_carry__0_i_3__1_n_0. Optimizations did not improve timing on the net.
INFO: [Physopt 32-702] Processed net design_1_i/lorenz_reader_0/inst/solver_i/funct_y_carry__0_n_6. Optimizations did not improve timing on the net.
INFO: [Physopt 32-702] Processed net design_1_i/lorenz_reader_0/inst/solver_i/multiplier_y/v1_reg[11][1]. Optimizations did not improve timing on the net.
INFO: [Physopt 32-702] Processed net design_1_i/lorenz_reader_0/inst/solver_i/multiplier_y/mult_out__1_0[1]. Optimizations did not improve timing on the net.
INFO: [Physopt 32-702] Processed net design_1_i/lorenz_reader_0/inst/solver_i/multiplier_y/i__carry_i_3__3_n_0. Optimizations did not improve timing on the net.
INFO: [Physopt 32-702] Processed net design_1_i/lorenz_reader_0/inst/solver_i/integrator_y/B[8]. Optimizations did not improve timing on the net.
INFO: [Physopt 32-702] Processed net design_1_i/lorenz_reader_0/inst/solver_i/multiplier_y/mult_out__1_n_105. Optimizations did not improve timing on the net.
INFO: [Physopt 32-702] Processed net design_1_i/lorenz_reader_0/inst/solver_i/integrator_z/A[14]. Optimizations did not improve timing on the net.
INFO: [Physopt 32-663] Processed net design_1_i/lorenz_reader_0/inst/solver_i/integrator_z/mult_out_i_19_n_0.  Re-placed instance design_1_i/lorenz_reader_0/inst/solver_i/integrator_z/mult_out_i_19
INFO: [Physopt 32-735] Processed net design_1_i/lorenz_reader_0/inst/solver_i/integrator_z/mult_out_i_19_n_0. Optimization improves timing on the net.
INFO: [Physopt 32-619] Estimated Timing Summary | WNS=-5.879 | TNS=-789.348 |
INFO: [Physopt 32-702] Processed net design_1_i/lorenz_reader_0/inst/solver_i/integrator_z/mult_out_i_19_n_0. Optimizations did not improve timing on the net.
INFO: [Physopt 32-663] Processed net design_1_i/lorenz_reader_0/inst/solver_i/integrator_z/A[0]_repN.  Re-placed instance design_1_i/lorenz_reader_0/inst/solver_i/integrator_z/v1_reg[0]_replica
INFO: [Physopt 32-735] Processed net design_1_i/lorenz_reader_0/inst/solver_i/integrator_z/A[0]_repN. Optimization improves timing on the net.
INFO: [Physopt 32-619] Estimated Timing Summary | WNS=-5.832 | TNS=-786.190 |
INFO: [Physopt 32-702] Processed net design_1_i/lorenz_reader_0/inst/solver_i/integrator_z/A[0]_repN. Optimizations did not improve timing on the net.
INFO: [Physopt 32-619] Estimated Timing Summary | WNS=-5.832 | TNS=-786.190 |
Netlist sorting complete. Time (s): cpu = 00:00:00.02 ; elapsed = 00:00:00.01 . Memory (MB): peak = 3459.484 ; gain = 0.000 ; free physical = 344 ; free virtual = 15434
Phase 3 Critical Path Optimization | Checksum: 192e56f01

Time (s): cpu = 00:00:09 ; elapsed = 00:00:04 . Memory (MB): peak = 3459.484 ; gain = 0.000 ; free physical = 344 ; free virtual = 15434

Phase 4 Critical Path Optimization
INFO: [Physopt 32-619] Estimated Timing Summary | WNS=-5.832 | TNS=-786.190 |
INFO: [Physopt 32-702] Processed net design_1_i/lorenz_reader_0/inst/solver_i/integrator_y/mult_out__1_i_2_psdsp_n. Optimizations did not improve timing on the net.
INFO: [Physopt 32-702] Processed net design_1_i/processing_system7_0/inst/FCLK_CLK_unbuffered[0]. Optimizations did not improve timing on the net.
INFO: [Physopt 32-702] Processed net design_1_i/lorenz_reader_0/inst/solver_i/integrator_y/adder_out_carry__5_n_6. Optimizations did not improve timing on the net.
INFO: [Physopt 32-702] Processed net design_1_i/lorenz_reader_0/inst/solver_i/integrator_y/adder_out_carry__4_n_0. Optimizations did not improve timing on the net.
INFO: [Physopt 32-702] Processed net design_1_i/lorenz_reader_0/inst/solver_i/integrator_y/adder_out_carry__3_n_0. Optimizations did not improve timing on the net.
INFO: [Physopt 32-702] Processed net design_1_i/lorenz_reader_0/inst/solver_i/integrator_y/adder_out_carry__2_n_0. Optimizations did not improve timing on the net.
INFO: [Physopt 32-702] Processed net design_1_i/lorenz_reader_0/inst/solver_i/integrator_y/adder_out_carry__1_n_0. Optimizations did not improve timing on the net.
INFO: [Physopt 32-702] Processed net design_1_i/lorenz_reader_0/inst/solver_i/integrator_y/adder_out_carry__0_n_0. Optimizations did not improve timing on the net.
INFO: [Physopt 32-702] Processed net design_1_i/lorenz_reader_0/inst/solver_i/integrator_y/adder_out_carry__0_i_3__1_n_0. Optimizations did not improve timing on the net.
INFO: [Physopt 32-702] Processed net design_1_i/lorenz_reader_0/inst/solver_i/funct_y_carry__0_n_6. Optimizations did not improve timing on the net.
INFO: [Physopt 32-702] Processed net design_1_i/lorenz_reader_0/inst/solver_i/funct_y_carry_n_0. Optimizations did not improve timing on the net.
INFO: [Physopt 32-702] Processed net design_1_i/lorenz_reader_0/inst/solver_i/multiplier_y/v1_reg[11][1]. Optimizations did not improve timing on the net.
INFO: [Physopt 32-702] Processed net design_1_i/lorenz_reader_0/inst/solver_i/multiplier_y/mult_out__1_0[1]. Optimizations did not improve timing on the net.
INFO: [Physopt 32-702] Processed net design_1_i/lorenz_reader_0/inst/solver_i/multiplier_y/mult_out_inferred__1/i__carry_n_0. Optimizations did not improve timing on the net.
INFO: [Physopt 32-702] Processed net design_1_i/lorenz_reader_0/inst/solver_i/multiplier_y/i__carry_i_3__3_n_0. Optimizations did not improve timing on the net.
INFO: [Physopt 32-702] Processed net design_1_i/lorenz_reader_0/inst/solver_i/integrator_y/B[8]. Optimizations did not improve timing on the net.
INFO: [Physopt 32-702] Processed net design_1_i/lorenz_reader_0/inst/solver_i/multiplier_y/mult_out__1_n_105. Optimizations did not improve timing on the net.
INFO: [Physopt 32-702] Processed net design_1_i/lorenz_reader_0/inst/solver_i/integrator_z/A[14]. Optimizations did not improve timing on the net.
INFO: [Physopt 32-702] Processed net design_1_i/lorenz_reader_0/inst/solver_i/integrator_z/mult_out_i_4__0_n_0. Optimizations did not improve timing on the net.
INFO: [Physopt 32-702] Processed net design_1_i/lorenz_reader_0/inst/solver_i/integrator_z/mult_out_i_5__0_n_0. Optimizations did not improve timing on the net.
INFO: [Physopt 32-702] Processed net design_1_i/lorenz_reader_0/inst/solver_i/integrator_z/mult_out_i_6__0_n_0. Optimizations did not improve timing on the net.
INFO: [Physopt 32-702] Processed net design_1_i/lorenz_reader_0/inst/solver_i/integrator_z/mult_out_i_19_n_0. Optimizations did not improve timing on the net.
INFO: [Physopt 32-702] Processed net design_1_i/lorenz_reader_0/inst/solver_i/multiplier_y/mult_out__0_n_106. Optimizations did not improve timing on the net.
INFO: [Physopt 32-702] Processed net design_1_i/lorenz_reader_0/inst/solver_i/integrator_z/A[0]_repN. Optimizations did not improve timing on the net.
INFO: [Physopt 32-702] Processed net design_1_i/lorenz_reader_0/inst/solver_i/integrator_y/mult_out__1_i_2_psdsp_n. Optimizations did not improve timing on the net.
INFO: [Physopt 32-702] Processed net design_1_i/processing_system7_0/inst/FCLK_CLK_unbuffered[0]. Optimizations did not improve timing on the net.
INFO: [Physopt 32-702] Processed net design_1_i/lorenz_reader_0/inst/solver_i/integrator_y/adder_out_carry__5_n_6. Optimizations did not improve timing on the net.
INFO: [Physopt 32-702] Processed net design_1_i/lorenz_reader_0/inst/solver_i/integrator_y/adder_out_carry__0_i_3__1_n_0. Optimizations did not improve timing on the net.
INFO: [Physopt 32-702] Processed net design_1_i/lorenz_reader_0/inst/solver_i/funct_y_carry__0_n_6. Optimizations did not improve timing on the net.
INFO: [Physopt 32-702] Processed net design_1_i/lorenz_reader_0/inst/solver_i/multiplier_y/v1_reg[11][1]. Optimizations did not improve timing on the net.
INFO: [Physopt 32-702] Processed net design_1_i/lorenz_reader_0/inst/solver_i/multiplier_y/mult_out__1_0[1]. Optimizations did not improve timing on the net.
INFO: [Physopt 32-702] Processed net design_1_i/lorenz_reader_0/inst/solver_i/multiplier_y/i__carry_i_3__3_n_0. Optimizations did not improve timing on the net.
INFO: [Physopt 32-702] Processed net design_1_i/lorenz_reader_0/inst/solver_i/integrator_y/B[8]. Optimizations did not improve timing on the net.
INFO: [Physopt 32-702] Processed net design_1_i/lorenz_reader_0/inst/solver_i/multiplier_y/mult_out__1_n_105. Optimizations did not improve timing on the net.
INFO: [Physopt 32-702] Processed net design_1_i/lorenz_reader_0/inst/solver_i/integrator_z/A[14]. Optimizations did not improve timing on the net.
INFO: [Physopt 32-702] Processed net design_1_i/lorenz_reader_0/inst/solver_i/integrator_z/mult_out_i_19_n_0. Optimizations did not improve timing on the net.
INFO: [Physopt 32-702] Processed net design_1_i/lorenz_reader_0/inst/solver_i/integrator_z/A[0]_repN. Optimizations did not improve timing on the net.
INFO: [Physopt 32-619] Estimated Timing Summary | WNS=-5.832 | TNS=-786.190 |
Netlist sorting complete. Time (s): cpu = 00:00:00.01 ; elapsed = 00:00:00.01 . Memory (MB): peak = 3459.484 ; gain = 0.000 ; free physical = 344 ; free virtual = 15434
Phase 4 Critical Path Optimization | Checksum: 192e56f01

Time (s): cpu = 00:00:11 ; elapsed = 00:00:06 . Memory (MB): peak = 3459.484 ; gain = 0.000 ; free physical = 344 ; free virtual = 15434
Netlist sorting complete. Time (s): cpu = 00:00:00 ; elapsed = 00:00:00 . Memory (MB): peak = 3459.484 ; gain = 0.000 ; free physical = 344 ; free virtual = 15434
INFO: [Physopt 32-603] Post Physical Optimization Timing Summary | WNS=-5.832 | TNS=-786.190 |

Summary of Physical Synthesis Optimizations
============================================


-------------------------------------------------------------------------------------------------------------------------------------------------------------
|  Optimization   |  WNS Gain (ns)  |  TNS Gain (ns)  |  Added Cells  |  Removed Cells  |  Optimized Cells/Nets  |  Dont Touch  |  Iterations  |  Elapsed   |
-------------------------------------------------------------------------------------------------------------------------------------------------------------
|  DSP Register   |          0.000  |          0.000  |            0  |              0  |                     0  |           0  |           1  |  00:00:00  |
|  Critical Path  |          0.541  |         32.974  |            2  |              0  |                     7  |           0  |           2  |  00:00:03  |
|  Total          |          0.541  |         32.974  |            2  |              0  |                     7  |           0  |           3  |  00:00:04  |
-------------------------------------------------------------------------------------------------------------------------------------------------------------


Netlist sorting complete. Time (s): cpu = 00:00:00 ; elapsed = 00:00:00 . Memory (MB): peak = 3459.484 ; gain = 0.000 ; free physical = 344 ; free virtual = 15434
Ending Physical Synthesis Task | Checksum: 1e5bc4436

Time (s): cpu = 00:00:11 ; elapsed = 00:00:06 . Memory (MB): peak = 3459.484 ; gain = 0.000 ; free physical = 344 ; free virtual = 15434
INFO: [Common 17-83] Releasing license: Implementation
254 Infos, 58 Warnings, 6 Critical Warnings and 0 Errors encountered.
phys_opt_design completed successfully
phys_opt_design: Time (s): cpu = 00:00:19 ; elapsed = 00:00:09 . Memory (MB): peak = 3459.484 ; gain = 0.000 ; free physical = 344 ; free virtual = 15434
INFO: [Timing 38-480] Writing timing data to binary archive.
Write ShapeDB Complete: Time (s): cpu = 00:00:00.37 ; elapsed = 00:00:00.11 . Memory (MB): peak = 3459.484 ; gain = 0.000 ; free physical = 338 ; free virtual = 15433
Wrote PlaceDB: Time (s): cpu = 00:00:04 ; elapsed = 00:00:02 . Memory (MB): peak = 3459.484 ; gain = 0.000 ; free physical = 320 ; free virtual = 15436
Wrote PulsedLatchDB: Time (s): cpu = 00:00:00 ; elapsed = 00:00:00 . Memory (MB): peak = 3459.484 ; gain = 0.000 ; free physical = 320 ; free virtual = 15436
Writing XDEF routing.
Writing XDEF routing logical nets.
Writing XDEF routing special nets.
Wrote RouteStorage: Time (s): cpu = 00:00:00.06 ; elapsed = 00:00:00.05 . Memory (MB): peak = 3459.484 ; gain = 0.000 ; free physical = 320 ; free virtual = 15436
Wrote Netlist Cache: Time (s): cpu = 00:00:00.03 ; elapsed = 00:00:00.03 . Memory (MB): peak = 3459.484 ; gain = 0.000 ; free physical = 320 ; free virtual = 15438
Wrote Device Cache: Time (s): cpu = 00:00:00.02 ; elapsed = 00:00:00.02 . Memory (MB): peak = 3459.484 ; gain = 0.000 ; free physical = 320 ; free virtual = 15439
Write Physdb Complete: Time (s): cpu = 00:00:04 ; elapsed = 00:00:02 . Memory (MB): peak = 3459.484 ; gain = 0.000 ; free physical = 320 ; free virtual = 15439
INFO: [Common 17-1381] The checkpoint '/home/zkarim28/Meng/MEng_ZYBO/lorenz_ip_hdmi/fpga_hdmi_custom/Zybo-Z7-HW/Zybo-Z7-HW.runs/impl_1/design_1_wrapper_physopt.dcp' has been generated.
Command: route_design
Attempting to get a license for feature 'Implementation' and/or device 'xc7z010'
INFO: [Common 17-349] Got license for feature 'Implementation' and/or device 'xc7z010'
INFO: [DRC 23-27] Running DRC with 4 threads
INFO: [Vivado_Tcl 4-198] DRC finished with 0 Errors
INFO: [Vivado_Tcl 4-199] Please refer to the DRC report (report_drc) for more information.
Running DRC as a precondition to command route_design
INFO: [DRC 23-27] Running DRC with 4 threads
INFO: [Vivado_Tcl 4-198] DRC finished with 0 Errors
INFO: [Vivado_Tcl 4-199] Please refer to the DRC report (report_drc) for more information.


Starting Routing Task
INFO: [Route 35-254] Multithreading enabled for route_design using a maximum of 4 CPUs

Phase 1 Build RT Design
Checksum: PlaceDB: 7bb60871 ConstDB: 0 ShapeSum: 73d5643b RouteDB: 6998572b
Post Restoration Checksum: NetGraph: 118b0c5a | NumContArr: 747b4bf2 | Constraints: c2a8fa9d | Timing: c2a8fa9d
Phase 1 Build RT Design | Checksum: 20b584d86

Time (s): cpu = 00:00:17 ; elapsed = 00:00:10 . Memory (MB): peak = 3459.484 ; gain = 0.000 ; free physical = 313 ; free virtual = 15410

Phase 2 Router Initialization

Phase 2.1 Fix Topology Constraints
Phase 2.1 Fix Topology Constraints | Checksum: 20b584d86

Time (s): cpu = 00:00:17 ; elapsed = 00:00:11 . Memory (MB): peak = 3459.484 ; gain = 0.000 ; free physical = 313 ; free virtual = 15411

Phase 2.2 Pre Route Cleanup
Phase 2.2 Pre Route Cleanup | Checksum: 20b584d86

Time (s): cpu = 00:00:17 ; elapsed = 00:00:11 . Memory (MB): peak = 3459.484 ; gain = 0.000 ; free physical = 313 ; free virtual = 15411
 Number of Nodes with overlaps = 0

Phase 2.3 Update Timing
Phase 2.3 Update Timing | Checksum: 25f7e31dd

Time (s): cpu = 00:00:30 ; elapsed = 00:00:15 . Memory (MB): peak = 3459.484 ; gain = 0.000 ; free physical = 307 ; free virtual = 15405
INFO: [Route 35-416] Intermediate Timing Summary | WNS=-5.897 | TNS=-796.699| WHS=-0.357 | THS=-206.611|


Phase 2.4 Update Timing for Bus Skew

Phase 2.4.1 Update Timing
Phase 2.4.1 Update Timing | Checksum: 2155fda3b

Time (s): cpu = 00:00:37 ; elapsed = 00:00:18 . Memory (MB): peak = 3459.484 ; gain = 0.000 ; free physical = 307 ; free virtual = 15405
INFO: [Route 35-416] Intermediate Timing Summary | WNS=-5.897 | TNS=-769.041| WHS=-0.175 | THS=-6.632 |

Phase 2.4 Update Timing for Bus Skew | Checksum: 1abec343c

Time (s): cpu = 00:00:37 ; elapsed = 00:00:18 . Memory (MB): peak = 3459.484 ; gain = 0.000 ; free physical = 307 ; free virtual = 15405

Router Utilization Summary
  Global Vertical Routing Utilization    = 0.00140766 %
  Global Horizontal Routing Utilization  = 0.00275735 %
  Routable Net Status*
  *Does not include unroutable nets such as driverless and loadless.
  Run report_route_status for detailed report.
  Number of Failed Nets               = 19248
    (Failed Nets is the sum of unrouted and partially routed nets)
  Number of Unrouted Nets             = 19248
  Number of Partially Routed Nets     = 0
  Number of Node Overlaps             = 0

Phase 2 Router Initialization | Checksum: 26733c3dd

Time (s): cpu = 00:00:37 ; elapsed = 00:00:18 . Memory (MB): peak = 3459.484 ; gain = 0.000 ; free physical = 307 ; free virtual = 15405

Phase 3 Global Routing
Phase 3 Global Routing | Checksum: 26733c3dd

Time (s): cpu = 00:00:37 ; elapsed = 00:00:18 . Memory (MB): peak = 3459.484 ; gain = 0.000 ; free physical = 307 ; free virtual = 15405

Phase 4 Initial Routing

Phase 4.1 Initial Net Routing Pass
Phase 4.1 Initial Net Routing Pass | Checksum: 26bb28e4c

Time (s): cpu = 00:00:43 ; elapsed = 00:00:20 . Memory (MB): peak = 3459.484 ; gain = 0.000 ; free physical = 308 ; free virtual = 15407
Phase 4 Initial Routing | Checksum: 26bb28e4c

Time (s): cpu = 00:00:43 ; elapsed = 00:00:20 . Memory (MB): peak = 3459.484 ; gain = 0.000 ; free physical = 308 ; free virtual = 15407

Phase 5 Rip-up And Reroute

Phase 5.1 Global Iteration 0
 Number of Nodes with overlaps = 1183
 Number of Nodes with overlaps = 91
 Number of Nodes with overlaps = 24
 Number of Nodes with overlaps = 10
 Number of Nodes with overlaps = 3
 Number of Nodes with overlaps = 1
 Number of Nodes with overlaps = 1
 Number of Nodes with overlaps = 0
INFO: [Route 35-416] Intermediate Timing Summary | WNS=-6.043 | TNS=-820.589| WHS=N/A    | THS=N/A    |

Phase 5.1 Global Iteration 0 | Checksum: 1dbdaf648

Time (s): cpu = 00:00:56 ; elapsed = 00:00:27 . Memory (MB): peak = 3459.484 ; gain = 0.000 ; free physical = 309 ; free virtual = 15407

Phase 5.2 Global Iteration 1
 Number of Nodes with overlaps = 47
 Number of Nodes with overlaps = 7
 Number of Nodes with overlaps = 2
 Number of Nodes with overlaps = 0
INFO: [Route 35-416] Intermediate Timing Summary | WNS=-6.043 | TNS=-822.128| WHS=N/A    | THS=N/A    |

Phase 5.2 Global Iteration 1 | Checksum: 34c1f2dc9

Time (s): cpu = 00:00:58 ; elapsed = 00:00:28 . Memory (MB): peak = 3459.484 ; gain = 0.000 ; free physical = 309 ; free virtual = 15407
Phase 5 Rip-up And Reroute | Checksum: 34c1f2dc9

Time (s): cpu = 00:00:58 ; elapsed = 00:00:28 . Memory (MB): peak = 3459.484 ; gain = 0.000 ; free physical = 309 ; free virtual = 15407

Phase 6 Delay and Skew Optimization

Phase 6.1 Delay CleanUp

Phase 6.1.1 Update Timing
Phase 6.1.1 Update Timing | Checksum: 2aa4fbbd0

Time (s): cpu = 00:01:01 ; elapsed = 00:00:29 . Memory (MB): peak = 3459.484 ; gain = 0.000 ; free physical = 309 ; free virtual = 15407
INFO: [Route 35-416] Intermediate Timing Summary | WNS=-5.928 | TNS=-794.931| WHS=N/A    | THS=N/A    |

 Number of Nodes with overlaps = 0
Phase 6.1 Delay CleanUp | Checksum: 2a4fa36a1

Time (s): cpu = 00:01:01 ; elapsed = 00:00:30 . Memory (MB): peak = 3459.484 ; gain = 0.000 ; free physical = 309 ; free virtual = 15407

Phase 6.2 Clock Skew Optimization
Phase 6.2 Clock Skew Optimization | Checksum: 2a4fa36a1

Time (s): cpu = 00:01:01 ; elapsed = 00:00:30 . Memory (MB): peak = 3459.484 ; gain = 0.000 ; free physical = 309 ; free virtual = 15407
Phase 6 Delay and Skew Optimization | Checksum: 2a4fa36a1

Time (s): cpu = 00:01:01 ; elapsed = 00:00:30 . Memory (MB): peak = 3459.484 ; gain = 0.000 ; free physical = 309 ; free virtual = 15407

Phase 7 Post Hold Fix

Phase 7.1 Hold Fix Iter
INFO: [Route 35-416] Intermediate Timing Summary | WNS=-5.928 | TNS=-784.556| WHS=0.013  | THS=0.000  |

Phase 7.1 Hold Fix Iter | Checksum: 241ff6d11

Time (s): cpu = 00:01:05 ; elapsed = 00:00:31 . Memory (MB): peak = 3459.484 ; gain = 0.000 ; free physical = 306 ; free virtual = 15404
Phase 7 Post Hold Fix | Checksum: 241ff6d11

Time (s): cpu = 00:01:05 ; elapsed = 00:00:31 . Memory (MB): peak = 3459.484 ; gain = 0.000 ; free physical = 306 ; free virtual = 15404

Phase 8 Route finalize

Router Utilization Summary
  Global Vertical Routing Utilization    = 9.7241 %
  Global Horizontal Routing Utilization  = 10.5722 %
  Routable Net Status*
  *Does not include unroutable nets such as driverless and loadless.
  Run report_route_status for detailed report.
  Number of Failed Nets               = 0
    (Failed Nets is the sum of unrouted and partially routed nets)
  Number of Unrouted Nets             = 0
  Number of Partially Routed Nets     = 0
  Number of Node Overlaps             = 0


--GLOBAL Congestion:
Utilization threshold used for congestion level computation: 0.85
Congestion Report
North Dir 1x1 Area, Max Cong = 54.955%, No Congested Regions.
South Dir 1x1 Area, Max Cong = 50.4505%, No Congested Regions.
East Dir 1x1 Area, Max Cong = 54.4118%, No Congested Regions.
West Dir 1x1 Area, Max Cong = 57.3529%, No Congested Regions.

------------------------------
Reporting congestion hotspots
------------------------------
Direction: North
----------------
Congested clusters found at Level 0
Effective congestion level: 0 Aspect Ratio: 1 Sparse Ratio: 0
Direction: South
----------------
Congested clusters found at Level 0
Effective congestion level: 0 Aspect Ratio: 1 Sparse Ratio: 0
Direction: East
----------------
Congested clusters found at Level 0
Effective congestion level: 0 Aspect Ratio: 1 Sparse Ratio: 0
Direction: West
----------------
Congested clusters found at Level 0
Effective congestion level: 0 Aspect Ratio: 1 Sparse Ratio: 0

Phase 8 Route finalize | Checksum: 241ff6d11

Time (s): cpu = 00:01:05 ; elapsed = 00:00:31 . Memory (MB): peak = 3459.484 ; gain = 0.000 ; free physical = 306 ; free virtual = 15404

Phase 9 Verifying routed nets

 Verification completed successfully
Phase 9 Verifying routed nets | Checksum: 241ff6d11

Time (s): cpu = 00:01:05 ; elapsed = 00:00:31 . Memory (MB): peak = 3459.484 ; gain = 0.000 ; free physical = 306 ; free virtual = 15404

Phase 10 Depositing Routes
Phase 10 Depositing Routes | Checksum: 23c85e32e

Time (s): cpu = 00:01:07 ; elapsed = 00:00:32 . Memory (MB): peak = 3459.484 ; gain = 0.000 ; free physical = 306 ; free virtual = 15404

Phase 11 Post Process Routing
Phase 11 Post Process Routing | Checksum: 23c85e32e

Time (s): cpu = 00:01:07 ; elapsed = 00:00:32 . Memory (MB): peak = 3459.484 ; gain = 0.000 ; free physical = 306 ; free virtual = 15404

Phase 12 Post Router Timing
INFO: [Route 35-57] Estimated Timing Summary | WNS=-5.928 | TNS=-784.556| WHS=0.013  | THS=0.000  |

WARNING: [Route 35-328] Router estimated timing not met.
Resolution: For a complete and accurate timing signoff, report_timing_summary must be run after route_design. Alternatively, route_design can be run with the -timing_summary option to enable a complete timing signoff at the end of route_design.
Phase 12 Post Router Timing | Checksum: 23c85e32e

Time (s): cpu = 00:01:07 ; elapsed = 00:00:32 . Memory (MB): peak = 3459.484 ; gain = 0.000 ; free physical = 306 ; free virtual = 15404
Total Elapsed time in route_design: 32.19 secs

Phase 13 Post-Route Event Processing
Phase 13 Post-Route Event Processing | Checksum: 200fa0702

Time (s): cpu = 00:01:07 ; elapsed = 00:00:32 . Memory (MB): peak = 3459.484 ; gain = 0.000 ; free physical = 306 ; free virtual = 15404
INFO: [Route 35-16] Router Completed Successfully
Ending Routing Task | Checksum: 200fa0702

Time (s): cpu = 00:01:07 ; elapsed = 00:00:33 . Memory (MB): peak = 3459.484 ; gain = 0.000 ; free physical = 306 ; free virtual = 15404

Routing Is Done.
INFO: [Common 17-83] Releasing license: Implementation
273 Infos, 59 Warnings, 6 Critical Warnings and 0 Errors encountered.
route_design completed successfully
route_design: Time (s): cpu = 00:01:16 ; elapsed = 00:00:37 . Memory (MB): peak = 3459.484 ; gain = 0.000 ; free physical = 306 ; free virtual = 15404
INFO: [Vivado 12-24828] Executing command : report_drc -file design_1_wrapper_drc_routed.rpt -pb design_1_wrapper_drc_routed.pb -rpx design_1_wrapper_drc_routed.rpx
Command: report_drc -file design_1_wrapper_drc_routed.rpt -pb design_1_wrapper_drc_routed.pb -rpx design_1_wrapper_drc_routed.rpx
INFO: [IP_Flow 19-1839] IP Catalog is up to date.
INFO: [DRC 23-27] Running DRC with 4 threads
INFO: [Vivado_Tcl 2-168] The results of DRC are in file /home/zkarim28/Meng/MEng_ZYBO/lorenz_ip_hdmi/fpga_hdmi_custom/Zybo-Z7-HW/Zybo-Z7-HW.runs/impl_1/design_1_wrapper_drc_routed.rpt.
report_drc completed successfully
INFO: [Vivado 12-24828] Executing command : report_methodology -file design_1_wrapper_methodology_drc_routed.rpt -pb design_1_wrapper_methodology_drc_routed.pb -rpx design_1_wrapper_methodology_drc_routed.rpx
Command: report_methodology -file design_1_wrapper_methodology_drc_routed.rpt -pb design_1_wrapper_methodology_drc_routed.pb -rpx design_1_wrapper_methodology_drc_routed.rpx
INFO: [Timing 38-35] Done setting XDC timing constraints.
INFO: [DRC 23-133] Running Methodology with 4 threads
INFO: [Vivado_Tcl 2-1520] The results of Report Methodology are in file /home/zkarim28/Meng/MEng_ZYBO/lorenz_ip_hdmi/fpga_hdmi_custom/Zybo-Z7-HW/Zybo-Z7-HW.runs/impl_1/design_1_wrapper_methodology_drc_routed.rpt.
report_methodology completed successfully
report_methodology: Time (s): cpu = 00:00:22 ; elapsed = 00:00:07 . Memory (MB): peak = 3475.484 ; gain = 0.000 ; free physical = 291 ; free virtual = 15390
INFO: [Vivado 12-24828] Executing command : report_timing_summary -max_paths 10 -report_unconstrained -file design_1_wrapper_timing_summary_routed.rpt -pb design_1_wrapper_timing_summary_routed.pb -rpx design_1_wrapper_timing_summary_routed.rpx -warn_on_violation 
INFO: [Timing 38-35] Done setting XDC timing constraints.
INFO: [Timing 38-91] UpdateTimingParams: Speed grade: -1, Delay Type: min_max.
INFO: [Timing 38-191] Multithreading enabled for timing update using a maximum of 4 CPUs
CRITICAL WARNING: [Timing 38-282] The design failed to meet the timing requirements. Please see the timing summary report for details on the timing violations.
WARNING: [Timing 38-436] There are set_bus_skew constraint(s) in this design. Please run report_bus_skew to ensure that bus skew requirements are met.
INFO: [Vivado 12-24838] Running report commands "report_bus_skew, report_incremental_reuse, report_route_status" in parallel.
Running report generation with 3 threads.
INFO: [Vivado 12-24828] Executing command : report_incremental_reuse -file design_1_wrapper_incremental_reuse_routed.rpt
INFO: [Vivado_Tcl 4-1062] Incremental flow is disabled. No incremental reuse Info to report.
INFO: [Vivado 12-24828] Executing command : report_bus_skew -warn_on_violation -file design_1_wrapper_bus_skew_routed.rpt -pb design_1_wrapper_bus_skew_routed.pb -rpx design_1_wrapper_bus_skew_routed.rpx
INFO: [Timing 38-91] UpdateTimingParams: Speed grade: -1, Delay Type: min_max.
INFO: [Timing 38-191] Multithreading enabled for timing update using a maximum of 4 CPUs
INFO: [Vivado 12-24828] Executing command : report_route_status -file design_1_wrapper_route_status.rpt -pb design_1_wrapper_route_status.pb
INFO: [Vivado 12-24828] Executing command : report_power -file design_1_wrapper_power_routed.rpt -pb design_1_wrapper_power_summary_routed.pb -rpx design_1_wrapper_power_routed.rpx
Command: report_power -file design_1_wrapper_power_routed.rpt -pb design_1_wrapper_power_summary_routed.pb -rpx design_1_wrapper_power_routed.rpx
Running Vector-less Activity Propagation...

Finished Running Vector-less Activity Propagation
WARNING: [Power 33-332] Found switching activity that implies high-fanout reset nets being asserted for excessive periods of time which may result in inaccurate power analysis.
Resolution: To review and fix problems, please run Power Constraints Advisor in the GUI from Tools > Power Constraints Advisor or run report_power with the -advisory option to generate a text report.
293 Infos, 61 Warnings, 7 Critical Warnings and 0 Errors encountered.
report_power completed successfully
INFO: [Vivado 12-24828] Executing command : report_clock_utilization -file design_1_wrapper_clock_utilization_routed.rpt
WARNING: [Device 21-9320] Failed to find the Oracle tile group with name 'HSR_BOUNDARY_TOP'. This is required for Clock regions and Virtual grid.
WARNING: [Device 21-2174] Failed to initialize Virtual grid.
generate_parallel_reports: Time (s): cpu = 00:00:50 ; elapsed = 00:00:20 . Memory (MB): peak = 3479.297 ; gain = 19.812 ; free physical = 227 ; free virtual = 15342
INFO: [Timing 38-480] Writing timing data to binary archive.
Write ShapeDB Complete: Time (s): cpu = 00:00:00.29 ; elapsed = 00:00:00.08 . Memory (MB): peak = 3479.297 ; gain = 0.000 ; free physical = 227 ; free virtual = 15346
Wrote PlaceDB: Time (s): cpu = 00:00:04 ; elapsed = 00:00:01 . Memory (MB): peak = 3479.297 ; gain = 0.000 ; free physical = 198 ; free virtual = 15340
Wrote PulsedLatchDB: Time (s): cpu = 00:00:00 ; elapsed = 00:00:00 . Memory (MB): peak = 3479.297 ; gain = 0.000 ; free physical = 198 ; free virtual = 15340
Writing XDEF routing.
Writing XDEF routing logical nets.
Writing XDEF routing special nets.
Wrote RouteStorage: Time (s): cpu = 00:00:00.54 ; elapsed = 00:00:00.24 . Memory (MB): peak = 3479.297 ; gain = 0.000 ; free physical = 192 ; free virtual = 15336
Wrote Netlist Cache: Time (s): cpu = 00:00:00.06 ; elapsed = 00:00:00.03 . Memory (MB): peak = 3479.297 ; gain = 0.000 ; free physical = 190 ; free virtual = 15336
Wrote Device Cache: Time (s): cpu = 00:00:00.03 ; elapsed = 00:00:00.01 . Memory (MB): peak = 3479.297 ; gain = 0.000 ; free physical = 190 ; free virtual = 15337
Write Physdb Complete: Time (s): cpu = 00:00:04 ; elapsed = 00:00:02 . Memory (MB): peak = 3479.297 ; gain = 0.000 ; free physical = 190 ; free virtual = 15337
INFO: [Common 17-1381] The checkpoint '/home/zkarim28/Meng/MEng_ZYBO/lorenz_ip_hdmi/fpga_hdmi_custom/Zybo-Z7-HW/Zybo-Z7-HW.runs/impl_1/design_1_wrapper_routed.dcp' has been generated.
INFO: [Memdata 28-208] The XPM instance: <design_1_i/v_vid_in_axi4s_0/inst/COUPLER_INST/generate_async_fifo.FIFO_INST/XPM_FIFO_ASYNC_INST/gnuram_async_fifo.xpm_fifo_base_inst/gen_sdpram.xpm_memory_base_inst> is part of IP: <design_1_i/v_vid_in_axi4s_0>. This XPM instance will be excluded from the .mmi because updatemem is prohibited from making changes to an XPM that is part of an IP.
INFO: [Memdata 28-208] The XPM instance: <design_1_i/v_axi4s_vid_out_0/inst/COUPLER_INST/generate_async_fifo.FIFO_INST/XPM_FIFO_ASYNC_INST/gnuram_async_fifo.xpm_fifo_base_inst/gen_sdpram.xpm_memory_base_inst> is part of IP: <design_1_i/v_axi4s_vid_out_0>. This XPM instance will be excluded from the .mmi because updatemem is prohibited from making changes to an XPM that is part of an IP.
INFO: [Memdata 28-167] Found XPM memory block design_1_i/axi_vdma_0/U0/I_PRMRY_DATAMOVER/GEN_S2MM_FULL.I_S2MM_FULL_WRAPPER/GEN_ENABLE_INDET_BTT_SF.I_INDET_BTT/I_XD_FIFO/NON_BLK_MEM.I_SYNC_FIFOGEN_FIFO/xpm_fifo_instance.xpm_fifo_sync_inst/xpm_fifo_base_inst/gen_sdpram.xpm_memory_base_inst with a P_MEMORY_PRIMITIVE property set to auto. A value of block is required. You will not be able to use the updatemem program to update the bitstream with new data for the design_1_i/axi_vdma_0/U0/I_PRMRY_DATAMOVER/GEN_S2MM_FULL.I_S2MM_FULL_WRAPPER/GEN_ENABLE_INDET_BTT_SF.I_INDET_BTT/I_XD_FIFO/NON_BLK_MEM.I_SYNC_FIFOGEN_FIFO/xpm_fifo_instance.xpm_fifo_sync_inst/xpm_fifo_base_inst/gen_sdpram.xpm_memory_base_inst block.
INFO: [Memdata 28-208] The XPM instance: <design_1_i/axi_vdma_0/U0/I_PRMRY_DATAMOVER/GEN_S2MM_FULL.I_S2MM_FULL_WRAPPER/GEN_ENABLE_INDET_BTT_SF.I_INDET_BTT/I_DATA_FIFO/BLK_MEM.I_SYNC_FIFOGEN_FIFO/xpm_fifo_instance.xpm_fifo_sync_inst/xpm_fifo_base_inst/gen_sdpram.xpm_memory_base_inst> is part of IP: <design_1_i/axi_vdma_0>. This XPM instance will be excluded from the .mmi because updatemem is prohibited from making changes to an XPM that is part of an IP.
INFO: [Memdata 28-208] The XPM instance: <design_1_i/axi_vdma_0/U0/I_PRMRY_DATAMOVER/GEN_MM2S_FULL.I_MM2S_FULL_WRAPPER/GEN_INCLUDE_MM2S_SF.I_RD_SF/I_DATA_FIFO/BLK_MEM.I_SYNC_FIFOGEN_FIFO/xpm_fifo_instance.xpm_fifo_sync_inst/xpm_fifo_base_inst/gen_sdpram.xpm_memory_base_inst> is part of IP: <design_1_i/axi_vdma_0>. This XPM instance will be excluded from the .mmi because updatemem is prohibited from making changes to an XPM that is part of an IP.
INFO: [Memdata 28-208] The XPM instance: <design_1_i/axi_vdma_0/U0/GEN_SPRT_FOR_S2MM.S2MM_LINEBUFFER_I/GEN_S2MM_FLUSH_SOF_LOGIC.GEN_LINEBUFFER_FLUSH_SOF.GEN_SYNC_FIFO_FLUSH_SOF.I_LINEBUFFER_FIFO/xpm_fifo_sync_inst/xpm_fifo_base_inst/gen_sdpram.xpm_memory_base_inst> is part of IP: <design_1_i/axi_vdma_0>. This XPM instance will be excluded from the .mmi because updatemem is prohibited from making changes to an XPM that is part of an IP.
INFO: [Memdata 28-208] The XPM instance: <design_1_i/axi_vdma_0/U0/GEN_SPRT_FOR_MM2S.MM2S_LINEBUFFER_I/GEN_LINEBUF_NO_SOF.GEN_LINEBUFFER.GEN_SYNC_FIFO.I_LINEBUFFER_FIFO/xpm_fifo_sync_inst/xpm_fifo_base_inst/gen_sdpram.xpm_memory_base_inst> is part of IP: <design_1_i/axi_vdma_0>. This XPM instance will be excluded from the .mmi because updatemem is prohibited from making changes to an XPM that is part of an IP.
Command: write_bitstream -force design_1_wrapper.bit
Attempting to get a license for feature 'Implementation' and/or device 'xc7z010'
INFO: [Common 17-349] Got license for feature 'Implementation' and/or device 'xc7z010'
Running DRC as a precondition to command write_bitstream
INFO: [IP_Flow 19-1839] IP Catalog is up to date.
INFO: [DRC 23-27] Running DRC with 4 threads
WARNING: [DRC DPIP-1] Input pipelining: DSP design_1_i/lorenz_reader_0/inst/solver_i/mult_dx/mult_out input design_1_i/lorenz_reader_0/inst/solver_i/mult_dx/mult_out/A[29:0] is not pipelined. Pipelining DSP48 input will improve performance.
WARNING: [DRC DPIP-1] Input pipelining: DSP design_1_i/lorenz_reader_0/inst/solver_i/multiplier_y/mult_out input design_1_i/lorenz_reader_0/inst/solver_i/multiplier_y/mult_out/A[29:0] is not pipelined. Pipelining DSP48 input will improve performance.
WARNING: [DRC DPIP-1] Input pipelining: DSP design_1_i/lorenz_reader_0/inst/solver_i/multiplier_y/mult_out__0 input design_1_i/lorenz_reader_0/inst/solver_i/multiplier_y/mult_out__0/B[17:0] is not pipelined. Pipelining DSP48 input will improve performance.
WARNING: [DRC DPIP-1] Input pipelining: DSP design_1_i/lorenz_reader_0/inst/solver_i/multiplier_y/mult_out__1 input design_1_i/lorenz_reader_0/inst/solver_i/multiplier_y/mult_out__1/B[17:0] is not pipelined. Pipelining DSP48 input will improve performance.
WARNING: [DRC DPIP-1] Input pipelining: DSP design_1_i/lorenz_reader_0/inst/solver_i/multiplier_z1/mult_out input design_1_i/lorenz_reader_0/inst/solver_i/multiplier_z1/mult_out/A[29:0] is not pipelined. Pipelining DSP48 input will improve performance.
WARNING: [DRC DPIP-1] Input pipelining: DSP design_1_i/lorenz_reader_0/inst/solver_i/multiplier_z1/mult_out__0 input design_1_i/lorenz_reader_0/inst/solver_i/multiplier_z1/mult_out__0/B[17:0] is not pipelined. Pipelining DSP48 input will improve performance.
WARNING: [DRC DPIP-1] Input pipelining: DSP design_1_i/lorenz_reader_0/inst/solver_i/multiplier_z1/mult_out__1 input design_1_i/lorenz_reader_0/inst/solver_i/multiplier_z1/mult_out__1/B[17:0] is not pipelined. Pipelining DSP48 input will improve performance.
WARNING: [DRC DPIP-1] Input pipelining: DSP design_1_i/lorenz_reader_0/inst/solver_i/multiplier_z2/mult_out input design_1_i/lorenz_reader_0/inst/solver_i/multiplier_z2/mult_out/A[29:0] is not pipelined. Pipelining DSP48 input will improve performance.
WARNING: [DRC DPOP-1] PREG Output pipelining: DSP design_1_i/lorenz_reader_0/inst/solver_i/mult_dx/mult_out output design_1_i/lorenz_reader_0/inst/solver_i/mult_dx/mult_out/P[47:0] is not pipelined (PREG=0). Pipelining the DSP48 output will improve performance and often saves power so it is suggested whenever possible to fully pipeline this function.  If this DSP48 function was inferred, it is suggested to describe an additional register stage after this function.  If the DSP48 was instantiated in the design, it is suggested to set the PREG attribute to 1.
WARNING: [DRC DPOP-1] PREG Output pipelining: DSP design_1_i/lorenz_reader_0/inst/solver_i/multiplier_y/mult_out output design_1_i/lorenz_reader_0/inst/solver_i/multiplier_y/mult_out/P[47:0] is not pipelined (PREG=0). Pipelining the DSP48 output will improve performance and often saves power so it is suggested whenever possible to fully pipeline this function.  If this DSP48 function was inferred, it is suggested to describe an additional register stage after this function.  If the DSP48 was instantiated in the design, it is suggested to set the PREG attribute to 1.
WARNING: [DRC DPOP-1] PREG Output pipelining: DSP design_1_i/lorenz_reader_0/inst/solver_i/multiplier_y/mult_out__0 output design_1_i/lorenz_reader_0/inst/solver_i/multiplier_y/mult_out__0/P[47:0] is not pipelined (PREG=0). Pipelining the DSP48 output will improve performance and often saves power so it is suggested whenever possible to fully pipeline this function.  If this DSP48 function was inferred, it is suggested to describe an additional register stage after this function.  If the DSP48 was instantiated in the design, it is suggested to set the PREG attribute to 1.
WARNING: [DRC DPOP-1] PREG Output pipelining: DSP design_1_i/lorenz_reader_0/inst/solver_i/multiplier_y/mult_out__1 output design_1_i/lorenz_reader_0/inst/solver_i/multiplier_y/mult_out__1/P[47:0] is not pipelined (PREG=0). Pipelining the DSP48 output will improve performance and often saves power so it is suggested whenever possible to fully pipeline this function.  If this DSP48 function was inferred, it is suggested to describe an additional register stage after this function.  If the DSP48 was instantiated in the design, it is suggested to set the PREG attribute to 1.
WARNING: [DRC DPOP-1] PREG Output pipelining: DSP design_1_i/lorenz_reader_0/inst/solver_i/multiplier_z1/mult_out output design_1_i/lorenz_reader_0/inst/solver_i/multiplier_z1/mult_out/P[47:0] is not pipelined (PREG=0). Pipelining the DSP48 output will improve performance and often saves power so it is suggested whenever possible to fully pipeline this function.  If this DSP48 function was inferred, it is suggested to describe an additional register stage after this function.  If the DSP48 was instantiated in the design, it is suggested to set the PREG attribute to 1.
WARNING: [DRC DPOP-1] PREG Output pipelining: DSP design_1_i/lorenz_reader_0/inst/solver_i/multiplier_z1/mult_out__0 output design_1_i/lorenz_reader_0/inst/solver_i/multiplier_z1/mult_out__0/P[47:0] is not pipelined (PREG=0). Pipelining the DSP48 output will improve performance and often saves power so it is suggested whenever possible to fully pipeline this function.  If this DSP48 function was inferred, it is suggested to describe an additional register stage after this function.  If the DSP48 was instantiated in the design, it is suggested to set the PREG attribute to 1.
WARNING: [DRC DPOP-1] PREG Output pipelining: DSP design_1_i/lorenz_reader_0/inst/solver_i/multiplier_z1/mult_out__1 output design_1_i/lorenz_reader_0/inst/solver_i/multiplier_z1/mult_out__1/P[47:0] is not pipelined (PREG=0). Pipelining the DSP48 output will improve performance and often saves power so it is suggested whenever possible to fully pipeline this function.  If this DSP48 function was inferred, it is suggested to describe an additional register stage after this function.  If the DSP48 was instantiated in the design, it is suggested to set the PREG attribute to 1.
WARNING: [DRC DPOP-1] PREG Output pipelining: DSP design_1_i/lorenz_reader_0/inst/solver_i/multiplier_z2/mult_out output design_1_i/lorenz_reader_0/inst/solver_i/multiplier_z2/mult_out/P[47:0] is not pipelined (PREG=0). Pipelining the DSP48 output will improve performance and often saves power so it is suggested whenever possible to fully pipeline this function.  If this DSP48 function was inferred, it is suggested to describe an additional register stage after this function.  If the DSP48 was instantiated in the design, it is suggested to set the PREG attribute to 1.
WARNING: [DRC DPOP-1] PREG Output pipelining: DSP design_1_i/lorenz_reader_0/inst/solver_i/multiplier_z2/mult_out__0 output design_1_i/lorenz_reader_0/inst/solver_i/multiplier_z2/mult_out__0/P[47:0] is not pipelined (PREG=0). Pipelining the DSP48 output will improve performance and often saves power so it is suggested whenever possible to fully pipeline this function.  If this DSP48 function was inferred, it is suggested to describe an additional register stage after this function.  If the DSP48 was instantiated in the design, it is suggested to set the PREG attribute to 1.
WARNING: [DRC DPOP-1] PREG Output pipelining: DSP design_1_i/lorenz_reader_0/inst/solver_i/multiplier_z2/mult_out__1 output design_1_i/lorenz_reader_0/inst/solver_i/multiplier_z2/mult_out__1/P[47:0] is not pipelined (PREG=0). Pipelining the DSP48 output will improve performance and often saves power so it is suggested whenever possible to fully pipeline this function.  If this DSP48 function was inferred, it is suggested to describe an additional register stage after this function.  If the DSP48 was instantiated in the design, it is suggested to set the PREG attribute to 1.
WARNING: [DRC DPOP-2] MREG Output pipelining: DSP design_1_i/lorenz_reader_0/inst/solver_i/mult_dx/mult_out multiplier stage design_1_i/lorenz_reader_0/inst/solver_i/mult_dx/mult_out/P[47:0] is not pipelined (MREG=0). Pipelining the multiplier function will improve performance and will save significant power so it is suggested whenever possible to fully pipeline this function.  If this multiplier was inferred, it is suggested to describe an additional register stage after this function.  If there is no registered adder/accumulator following the multiply function, two pipeline stages are suggested to allow both the MREG and PREG registers to be used.  If the DSP48 was instantiated in the design, it is suggested to set both the MREG and PREG attributes to 1 when performing multiply functions.
WARNING: [DRC DPOP-2] MREG Output pipelining: DSP design_1_i/lorenz_reader_0/inst/solver_i/multiplier_y/mult_out multiplier stage design_1_i/lorenz_reader_0/inst/solver_i/multiplier_y/mult_out/P[47:0] is not pipelined (MREG=0). Pipelining the multiplier function will improve performance and will save significant power so it is suggested whenever possible to fully pipeline this function.  If this multiplier was inferred, it is suggested to describe an additional register stage after this function.  If there is no registered adder/accumulator following the multiply function, two pipeline stages are suggested to allow both the MREG and PREG registers to be used.  If the DSP48 was instantiated in the design, it is suggested to set both the MREG and PREG attributes to 1 when performing multiply functions.
WARNING: [DRC DPOP-2] MREG Output pipelining: DSP design_1_i/lorenz_reader_0/inst/solver_i/multiplier_y/mult_out__0 multiplier stage design_1_i/lorenz_reader_0/inst/solver_i/multiplier_y/mult_out__0/P[47:0] is not pipelined (MREG=0). Pipelining the multiplier function will improve performance and will save significant power so it is suggested whenever possible to fully pipeline this function.  If this multiplier was inferred, it is suggested to describe an additional register stage after this function.  If there is no registered adder/accumulator following the multiply function, two pipeline stages are suggested to allow both the MREG and PREG registers to be used.  If the DSP48 was instantiated in the design, it is suggested to set both the MREG and PREG attributes to 1 when performing multiply functions.
WARNING: [DRC DPOP-2] MREG Output pipelining: DSP design_1_i/lorenz_reader_0/inst/solver_i/multiplier_y/mult_out__1 multiplier stage design_1_i/lorenz_reader_0/inst/solver_i/multiplier_y/mult_out__1/P[47:0] is not pipelined (MREG=0). Pipelining the multiplier function will improve performance and will save significant power so it is suggested whenever possible to fully pipeline this function.  If this multiplier was inferred, it is suggested to describe an additional register stage after this function.  If there is no registered adder/accumulator following the multiply function, two pipeline stages are suggested to allow both the MREG and PREG registers to be used.  If the DSP48 was instantiated in the design, it is suggested to set both the MREG and PREG attributes to 1 when performing multiply functions.
WARNING: [DRC DPOP-2] MREG Output pipelining: DSP design_1_i/lorenz_reader_0/inst/solver_i/multiplier_z1/mult_out multiplier stage design_1_i/lorenz_reader_0/inst/solver_i/multiplier_z1/mult_out/P[47:0] is not pipelined (MREG=0). Pipelining the multiplier function will improve performance and will save significant power so it is suggested whenever possible to fully pipeline this function.  If this multiplier was inferred, it is suggested to describe an additional register stage after this function.  If there is no registered adder/accumulator following the multiply function, two pipeline stages are suggested to allow both the MREG and PREG registers to be used.  If the DSP48 was instantiated in the design, it is suggested to set both the MREG and PREG attributes to 1 when performing multiply functions.
WARNING: [DRC DPOP-2] MREG Output pipelining: DSP design_1_i/lorenz_reader_0/inst/solver_i/multiplier_z1/mult_out__0 multiplier stage design_1_i/lorenz_reader_0/inst/solver_i/multiplier_z1/mult_out__0/P[47:0] is not pipelined (MREG=0). Pipelining the multiplier function will improve performance and will save significant power so it is suggested whenever possible to fully pipeline this function.  If this multiplier was inferred, it is suggested to describe an additional register stage after this function.  If there is no registered adder/accumulator following the multiply function, two pipeline stages are suggested to allow both the MREG and PREG registers to be used.  If the DSP48 was instantiated in the design, it is suggested to set both the MREG and PREG attributes to 1 when performing multiply functions.
WARNING: [DRC DPOP-2] MREG Output pipelining: DSP design_1_i/lorenz_reader_0/inst/solver_i/multiplier_z1/mult_out__1 multiplier stage design_1_i/lorenz_reader_0/inst/solver_i/multiplier_z1/mult_out__1/P[47:0] is not pipelined (MREG=0). Pipelining the multiplier function will improve performance and will save significant power so it is suggested whenever possible to fully pipeline this function.  If this multiplier was inferred, it is suggested to describe an additional register stage after this function.  If there is no registered adder/accumulator following the multiply function, two pipeline stages are suggested to allow both the MREG and PREG registers to be used.  If the DSP48 was instantiated in the design, it is suggested to set both the MREG and PREG attributes to 1 when performing multiply functions.
WARNING: [DRC DPOP-2] MREG Output pipelining: DSP design_1_i/lorenz_reader_0/inst/solver_i/multiplier_z2/mult_out multiplier stage design_1_i/lorenz_reader_0/inst/solver_i/multiplier_z2/mult_out/P[47:0] is not pipelined (MREG=0). Pipelining the multiplier function will improve performance and will save significant power so it is suggested whenever possible to fully pipeline this function.  If this multiplier was inferred, it is suggested to describe an additional register stage after this function.  If there is no registered adder/accumulator following the multiply function, two pipeline stages are suggested to allow both the MREG and PREG registers to be used.  If the DSP48 was instantiated in the design, it is suggested to set both the MREG and PREG attributes to 1 when performing multiply functions.
WARNING: [DRC DPOP-2] MREG Output pipelining: DSP design_1_i/lorenz_reader_0/inst/solver_i/multiplier_z2/mult_out__0 multiplier stage design_1_i/lorenz_reader_0/inst/solver_i/multiplier_z2/mult_out__0/P[47:0] is not pipelined (MREG=0). Pipelining the multiplier function will improve performance and will save significant power so it is suggested whenever possible to fully pipeline this function.  If this multiplier was inferred, it is suggested to describe an additional register stage after this function.  If there is no registered adder/accumulator following the multiply function, two pipeline stages are suggested to allow both the MREG and PREG registers to be used.  If the DSP48 was instantiated in the design, it is suggested to set both the MREG and PREG attributes to 1 when performing multiply functions.
WARNING: [DRC DPOP-2] MREG Output pipelining: DSP design_1_i/lorenz_reader_0/inst/solver_i/multiplier_z2/mult_out__1 multiplier stage design_1_i/lorenz_reader_0/inst/solver_i/multiplier_z2/mult_out__1/P[47:0] is not pipelined (MREG=0). Pipelining the multiplier function will improve performance and will save significant power so it is suggested whenever possible to fully pipeline this function.  If this multiplier was inferred, it is suggested to describe an additional register stage after this function.  If there is no registered adder/accumulator following the multiply function, two pipeline stages are suggested to allow both the MREG and PREG registers to be used.  If the DSP48 was instantiated in the design, it is suggested to set both the MREG and PREG attributes to 1 when performing multiply functions.
WARNING: [DRC PDCN-1569] LUT equation term check: Used physical LUT pin 'A2' of cell design_1_i/axi_interconnect_hp0/m00_couplers/auto_pc/inst/gen_axi4_axi3.axi3_conv_inst/USE_READ.USE_SPLIT_R.read_addr_inst/USE_R_CHANNEL.cmd_queue/inst/fifo_gen_inst/inst_fifo_gen/gconvfifo.rf/grf.rf/gntv_or_sync_fifo.gl0.rd/gr1.gr1_int.rfwft/gpregsm1.user_valid_i_1 (pin design_1_i/axi_interconnect_hp0/m00_couplers/auto_pc/inst/gen_axi4_axi3.axi3_conv_inst/USE_READ.USE_SPLIT_R.read_addr_inst/USE_R_CHANNEL.cmd_queue/inst/fifo_gen_inst/inst_fifo_gen/gconvfifo.rf/grf.rf/gntv_or_sync_fifo.gl0.rd/gr1.gr1_int.rfwft/gpregsm1.user_valid_i_1/I1) is not included in the LUT equation: 'O6=(A5)+((~A5)*(~A6)*A3)'. If this cell is a user instantiated LUT in the design, please remove connectivity to the pin or change the equation and/or INIT string of the LUT to prevent this issue. If the cell is inferred or IP created LUT, please regenerate the IP and/or resynthesize the design to attempt to correct the issue.
WARNING: [DRC PDCN-1569] LUT equation term check: Used physical LUT pin 'A6' of cell design_1_i/axi_interconnect_hp0/m00_couplers/auto_pc/inst/gen_axi4_axi3.axi3_conv_inst/USE_WRITE.write_addr_inst/USE_BURSTS.cmd_queue/inst/fifo_gen_inst/inst_fifo_gen/gconvfifo.rf/grf.rf/gntv_or_sync_fifo.gl0.rd/gr1.gr1_int.rfwft/gpregsm1.user_valid_i_1 (pin design_1_i/axi_interconnect_hp0/m00_couplers/auto_pc/inst/gen_axi4_axi3.axi3_conv_inst/USE_WRITE.write_addr_inst/USE_BURSTS.cmd_queue/inst/fifo_gen_inst/inst_fifo_gen/gconvfifo.rf/grf.rf/gntv_or_sync_fifo.gl0.rd/gr1.gr1_int.rfwft/gpregsm1.user_valid_i_1/I1) is not included in the LUT equation: 'O6=(A1)+((~A1)*(~A5)*A3)'. If this cell is a user instantiated LUT in the design, please remove connectivity to the pin or change the equation and/or INIT string of the LUT to prevent this issue. If the cell is inferred or IP created LUT, please regenerate the IP and/or resynthesize the design to attempt to correct the issue.
WARNING: [DRC PDCN-1569] LUT equation term check: Used physical LUT pin 'A6' of cell design_1_i/axi_interconnect_hp0/m00_couplers/auto_pc/inst/gen_axi4_axi3.axi3_conv_inst/USE_WRITE.write_addr_inst/USE_B_CHANNEL.cmd_b_queue/inst/fifo_gen_inst/inst_fifo_gen/gconvfifo.rf/grf.rf/gntv_or_sync_fifo.gl0.rd/gr1.gr1_int.rfwft/gpregsm1.user_valid_i_1 (pin design_1_i/axi_interconnect_hp0/m00_couplers/auto_pc/inst/gen_axi4_axi3.axi3_conv_inst/USE_WRITE.write_addr_inst/USE_B_CHANNEL.cmd_b_queue/inst/fifo_gen_inst/inst_fifo_gen/gconvfifo.rf/grf.rf/gntv_or_sync_fifo.gl0.rd/gr1.gr1_int.rfwft/gpregsm1.user_valid_i_1/I1) is not included in the LUT equation: 'O6=(A2)+((~A2)*(~A5)*A4)'. If this cell is a user instantiated LUT in the design, please remove connectivity to the pin or change the equation and/or INIT string of the LUT to prevent this issue. If the cell is inferred or IP created LUT, please regenerate the IP and/or resynthesize the design to attempt to correct the issue.
WARNING: [DRC RTSTAT-10] No routable loads: 33 net(s) have no routable loads. The problem bus(es) and/or net(s) are design_1_i/axi_interconnect_hp0/m00_couplers/auto_pc/inst/gen_axi4_axi3.axi3_conv_inst/USE_READ.USE_SPLIT_R.read_addr_inst/USE_R_CHANNEL.cmd_queue/inst/fifo_gen_inst/inst_fifo_gen/gconvfifo.rf/grf.rf/gntv_or_sync_fifo.gl0.rd/gr1.gr1_int.rfwft/aempty_fwft_i, design_1_i/axi_interconnect_hp0/m00_couplers/auto_pc/inst/gen_axi4_axi3.axi3_conv_inst/USE_WRITE.write_addr_inst/USE_BURSTS.cmd_queue/inst/fifo_gen_inst/inst_fifo_gen/gconvfifo.rf/grf.rf/gntv_or_sync_fifo.gl0.rd/gr1.gr1_int.rfwft/aempty_fwft_i, design_1_i/axi_interconnect_hp0/m00_couplers/auto_pc/inst/gen_axi4_axi3.axi3_conv_inst/USE_WRITE.write_addr_inst/USE_B_CHANNEL.cmd_b_queue/inst/fifo_gen_inst/inst_fifo_gen/gconvfifo.rf/grf.rf/gntv_or_sync_fifo.gl0.rd/gr1.gr1_int.rfwft/aempty_fwft_i, design_1_i/axi_interconnect_hp0/m00_couplers/auto_pc/inst/gen_axi4_axi3.axi3_conv_inst/USE_WRITE.write_addr_inst/USE_BURSTS.cmd_queue/inst/fifo_gen_inst/inst_fifo_gen/gconvfifo.rf/grf.rf/rstblk/ngwrdrst.grst.rd_rst_reg[2:0], design_1_i/axi_interconnect_hp0/m00_couplers/auto_pc/inst/gen_axi4_axi3.axi3_conv_inst/USE_WRITE.write_addr_inst/USE_B_CHANNEL.cmd_b_queue/inst/fifo_gen_inst/inst_fifo_gen/gconvfifo.rf/grf.rf/rstblk/ngwrdrst.grst.rd_rst_reg[2:0], design_1_i/axi_interconnect_hp0/m00_couplers/auto_pc/inst/gen_axi4_axi3.axi3_conv_inst/USE_READ.USE_SPLIT_R.read_addr_inst/USE_R_CHANNEL.cmd_queue/inst/fifo_gen_inst/inst_fifo_gen/gconvfifo.rf/grf.rf/rstblk/ngwrdrst.grst.rd_rst_reg[2:0], design_1_i/axi_interconnect_hp0/m00_couplers/auto_pc/inst/gen_axi4_axi3.axi3_conv_inst/USE_WRITE.write_addr_inst/USE_BURSTS.cmd_queue/inst/fifo_gen_inst/inst_fifo_gen/gconvfifo.rf/grf.rf/rstblk/ngwrdrst.grst.wr_rst_reg[2:0], design_1_i/axi_interconnect_hp0/m00_couplers/auto_pc/inst/gen_axi4_axi3.axi3_conv_inst/USE_WRITE.write_addr_inst/USE_B_CHANNEL.cmd_b_queue/inst/fifo_gen_inst/inst_fifo_gen/gconvfifo.rf/grf.rf/rstblk/ngwrdrst.grst.wr_rst_reg[2:0], design_1_i/axi_interconnect_hp0/m00_couplers/auto_pc/inst/gen_axi4_axi3.axi3_conv_inst/USE_READ.USE_SPLIT_R.read_addr_inst/USE_R_CHANNEL.cmd_queue/inst/fifo_gen_inst/inst_fifo_gen/gconvfifo.rf/grf.rf/rstblk/ngwrdrst.grst.wr_rst_reg[2:0], design_1_i/axi_interconnect_hp0/m00_couplers/auto_pc/inst/gen_axi4_axi3.axi3_conv_inst/USE_READ.USE_SPLIT_R.read_addr_inst/USE_R_CHANNEL.cmd_queue/inst/fifo_gen_inst/inst_fifo_gen/gconvfifo.rf/grf.rf/gntv_or_sync_fifo.gl0.wr/gwss.wsts/ram_afull_fb, design_1_i/axi_interconnect_hp0/m00_couplers/auto_pc/inst/gen_axi4_axi3.axi3_conv_inst/USE_WRITE.write_addr_inst/USE_BURSTS.cmd_queue/inst/fifo_gen_inst/inst_fifo_gen/gconvfifo.rf/grf.rf/gntv_or_sync_fifo.gl0.wr/gwss.wsts/ram_afull_fb, design_1_i/axi_interconnect_hp0/m00_couplers/auto_pc/inst/gen_axi4_axi3.axi3_conv_inst/USE_WRITE.write_addr_inst/USE_B_CHANNEL.cmd_b_queue/inst/fifo_gen_inst/inst_fifo_gen/gconvfifo.rf/grf.rf/gntv_or_sync_fifo.gl0.wr/gwss.wsts/ram_afull_fb, design_1_i/axi_interconnect_hp0/m00_couplers/auto_pc/inst/gen_axi4_axi3.axi3_conv_inst/USE_WRITE.write_addr_inst/USE_BURSTS.cmd_queue/inst/fifo_gen_inst/inst_fifo_gen/gconvfifo.rf/grf.rf/gntv_or_sync_fifo.gl0.wr/gwss.wsts/ram_afull_i, design_1_i/axi_interconnect_hp0/m00_couplers/auto_pc/inst/gen_axi4_axi3.axi3_conv_inst/USE_READ.USE_SPLIT_R.read_addr_inst/USE_R_CHANNEL.cmd_queue/inst/fifo_gen_inst/inst_fifo_gen/gconvfifo.rf/grf.rf/gntv_or_sync_fifo.gl0.wr/gwss.wsts/ram_afull_i, design_1_i/axi_interconnect_hp0/m00_couplers/auto_pc/inst/gen_axi4_axi3.axi3_conv_inst/USE_WRITE.write_addr_inst/USE_B_CHANNEL.cmd_b_queue/inst/fifo_gen_inst/inst_fifo_gen/gconvfifo.rf/grf.rf/gntv_or_sync_fifo.gl0.wr/gwss.wsts/ram_afull_i... and (the first 15 of 21 listed).
INFO: [DRC REQP-165] writefirst: Synchronous clocking is detected for BRAM (design_1_i/axi_vdma_0/U0/I_PRMRY_DATAMOVER/GEN_MM2S_FULL.I_MM2S_FULL_WRAPPER/GEN_INCLUDE_MM2S_SF.I_RD_SF/I_DATA_FIFO/BLK_MEM.I_SYNC_FIFOGEN_FIFO/xpm_fifo_instance.xpm_fifo_sync_inst/xpm_fifo_base_inst/gen_sdpram.xpm_memory_base_inst/gen_wr_a.gen_word_narrow.mem_reg_1) in SDP mode with WRITE_FIRST write-mode. This is the preferred mode for best power characteristics, however it may exhibit address collisions if the same address appears on both read and write ports resulting in unknown or corrupted read data. It is suggested to confirm via simulation that an address collision never occurs and if so it is suggested to try and avoid this situation. If address collisions cannot be avoided, the write-mode may be set to READ_FIRST which guarantees that the read data is the prior contents of the memory at the cost of additional power in the design. See the FPGA Memory Resources User Guide for additional information.
INFO: [DRC REQP-165] writefirst: Synchronous clocking is detected for BRAM (design_1_i/axi_vdma_0/U0/I_PRMRY_DATAMOVER/GEN_S2MM_FULL.I_S2MM_FULL_WRAPPER/GEN_ENABLE_INDET_BTT_SF.I_INDET_BTT/I_DATA_FIFO/BLK_MEM.I_SYNC_FIFOGEN_FIFO/xpm_fifo_instance.xpm_fifo_sync_inst/xpm_fifo_base_inst/gen_sdpram.xpm_memory_base_inst/gen_wr_a.gen_word_narrow.mem_reg_1) in SDP mode with WRITE_FIRST write-mode. This is the preferred mode for best power characteristics, however it may exhibit address collisions if the same address appears on both read and write ports resulting in unknown or corrupted read data. It is suggested to confirm via simulation that an address collision never occurs and if so it is suggested to try and avoid this situation. If address collisions cannot be avoided, the write-mode may be set to READ_FIRST which guarantees that the read data is the prior contents of the memory at the cost of additional power in the design. See the FPGA Memory Resources User Guide for additional information.
INFO: [DRC REQP-181] writefirst: Synchronous clocking is detected for BRAM (design_1_i/axi_vdma_0/U0/I_PRMRY_DATAMOVER/GEN_MM2S_FULL.I_MM2S_FULL_WRAPPER/GEN_INCLUDE_MM2S_SF.I_RD_SF/I_DATA_FIFO/BLK_MEM.I_SYNC_FIFOGEN_FIFO/xpm_fifo_instance.xpm_fifo_sync_inst/xpm_fifo_base_inst/gen_sdpram.xpm_memory_base_inst/gen_wr_a.gen_word_narrow.mem_reg_0) in SDP mode with WRITE_FIRST write-mode. This is the preferred mode for best power characteristics, however it may exhibit address collisions if the same address appears on both read and write ports resulting in unknown or corrupted read data. It is suggested to confirm via simulation that an address collision never occurs and if so it is suggested to try and avoid this situation. If address collisions cannot be avoided, the write-mode may be set to READ_FIRST which guarantees that the read data is the prior contents of the memory at the cost of additional power in the design. See the FPGA Memory Resources User Guide for additional information.
INFO: [DRC REQP-181] writefirst: Synchronous clocking is detected for BRAM (design_1_i/axi_vdma_0/U0/I_PRMRY_DATAMOVER/GEN_S2MM_FULL.I_S2MM_FULL_WRAPPER/GEN_ENABLE_INDET_BTT_SF.I_INDET_BTT/I_DATA_FIFO/BLK_MEM.I_SYNC_FIFOGEN_FIFO/xpm_fifo_instance.xpm_fifo_sync_inst/xpm_fifo_base_inst/gen_sdpram.xpm_memory_base_inst/gen_wr_a.gen_word_narrow.mem_reg_0) in SDP mode with WRITE_FIRST write-mode. This is the preferred mode for best power characteristics, however it may exhibit address collisions if the same address appears on both read and write ports resulting in unknown or corrupted read data. It is suggested to confirm via simulation that an address collision never occurs and if so it is suggested to try and avoid this situation. If address collisions cannot be avoided, the write-mode may be set to READ_FIRST which guarantees that the read data is the prior contents of the memory at the cost of additional power in the design. See the FPGA Memory Resources User Guide for additional information.
INFO: [Vivado 12-3199] DRC finished with 0 Errors, 32 Warnings, 4 Advisories
INFO: [Vivado 12-3200] Please refer to the DRC report (report_drc) for more information.
INFO: [Designutils 20-2272] Running write_bitstream with 4 threads.
Loading data files...
Loading site data...
Loading route data...
Processing options...
Creating bitmap...
Creating bitstream...
Writing bitstream ./design_1_wrapper.bit...
INFO: [Vivado 12-1842] Bitgen Completed Successfully.
INFO: [Project 1-1876] WebTalk data collection is mandatory when using a ULT device. To see the specific WebTalk data collected for your design, open the usage_statistics_webtalk.html or usage_statistics_webtalk.xml file in the implementation directory.
INFO: [Common 17-83] Releasing license: Implementation
316 Infos, 95 Warnings, 7 Critical Warnings and 0 Errors encountered.
write_bitstream completed successfully
write_bitstream: Time (s): cpu = 00:00:35 ; elapsed = 00:00:28 . Memory (MB): peak = 3823.895 ; gain = 344.598 ; free physical = 381 ; free virtual = 14815
INFO: [Common 17-206] Exiting Vivado at Thu Sep 17 22:34:09 2026...
