Copyright 1986-2022 Xilinx, Inc. All Rights Reserved. Copyright 2022-2024 Advanced Micro Devices, Inc. All Rights Reserved.
---------------------------------------------------------------------------------------------------------------------------------------------------------------------------------------------------------------------------------------------
| Tool Version : Vivado v.2024.1 (lin64) Build 5076996 Wed May 22 18:36:09 MDT 2024
| Date         : Wed Sep  2 00:19:56 2026
| Host         : fedora running 64-bit unknown
| Command      : report_timing_summary -max_paths 10 -report_unconstrained -file design_1_wrapper_timing_summary_routed.rpt -pb design_1_wrapper_timing_summary_routed.pb -rpx design_1_wrapper_timing_summary_routed.rpx -warn_on_violation
| Design       : design_1_wrapper
| Device       : 7z010-clg400
| Speed File   : -1  PRODUCTION 1.12 2019-11-22
| Design State : Routed
---------------------------------------------------------------------------------------------------------------------------------------------------------------------------------------------------------------------------------------------

Timing Summary Report

------------------------------------------------------------------------------------------------
| Timer Settings
| --------------
------------------------------------------------------------------------------------------------

  Enable Multi Corner Analysis               :  Yes
  Enable Pessimism Removal                   :  Yes
  Pessimism Removal Resolution               :  Nearest Common Node
  Enable Input Delay Default Clock           :  No
  Enable Preset / Clear Arcs                 :  No
  Disable Flight Delays                      :  No
  Ignore I/O Paths                           :  No
  Timing Early Launch at Borrowing Latches   :  No
  Borrow Time for Max Delay Exceptions       :  Yes
  Merge Timing Exceptions                    :  Yes
  Inter-SLR Compensation                     :  Conservative

  Corner  Analyze    Analyze    
  Name    Max Paths  Min Paths  
  ------  ---------  ---------  
  Slow    Yes        Yes        
  Fast    Yes        Yes        


------------------------------------------------------------------------------------------------
| Report Methodology
| ------------------
------------------------------------------------------------------------------------------------

Rule       Severity  Description                    Violations  
---------  --------  -----------------------------  ----------  
TIMING-18  Warning   Missing input or output delay  4           

Note: This report is based on the most recent report_methodology run and may not be up-to-date. Run report_methodology on the current design for the latest report.



check_timing report

Table of Contents
-----------------
1. checking no_clock (0)
2. checking constant_clock (0)
3. checking pulse_width_clock (0)
4. checking unconstrained_internal_endpoints (0)
5. checking no_input_delay (0)
6. checking no_output_delay (4)
7. checking multiple_clock (0)
8. checking generated_clocks (0)
9. checking loops (0)
10. checking partial_input_delay (0)
11. checking partial_output_delay (0)
12. checking latch_loops (0)

1. checking no_clock (0)
------------------------
 There are 0 register/latch pins with no clock.


2. checking constant_clock (0)
------------------------------
 There are 0 register/latch pins with constant_clock.


3. checking pulse_width_clock (0)
---------------------------------
 There are 0 register/latch pins which need pulse_width check


4. checking unconstrained_internal_endpoints (0)
------------------------------------------------
 There are 0 pins that are not constrained for maximum delay.

 There are 0 pins that are not constrained for maximum delay due to constant clock.


5. checking no_input_delay (0)
------------------------------
 There are 0 input ports with no input delay specified.

 There are 0 input ports with no input delay but user has a false path constraint.


6. checking no_output_delay (4)
-------------------------------
 There are 4 ports with no output delay specified. (HIGH)

 There are 0 ports with no output delay but user has a false path constraint

 There are 0 ports with no output delay but with a timing clock defined on it or propagating through it


7. checking multiple_clock (0)
------------------------------
 There are 0 register/latch pins with multiple clocks.


8. checking generated_clocks (0)
--------------------------------
 There are 0 generated clocks that are not connected to a clock source.


9. checking loops (0)
---------------------
 There are 0 combinational loops in the design.


10. checking partial_input_delay (0)
------------------------------------
 There are 0 input ports with partial input delay specified.


11. checking partial_output_delay (0)
-------------------------------------
 There are 0 ports with partial output delay specified.


12. checking latch_loops (0)
----------------------------
 There are 0 combinational latch loops in the design through latch input



------------------------------------------------------------------------------------------------
| Design Timing Summary
| ---------------------
------------------------------------------------------------------------------------------------

    WNS(ns)      TNS(ns)  TNS Failing Endpoints  TNS Total Endpoints      WHS(ns)      THS(ns)  THS Failing Endpoints  THS Total Endpoints     WPWS(ns)     TPWS(ns)  TPWS Failing Endpoints  TPWS Total Endpoints  
    -------      -------  ---------------------  -------------------      -------      -------  ---------------------  -------------------     --------     --------  ----------------------  --------------------  
     17.168        0.000                      0                   28        0.252        0.000                      0                   28        9.500        0.000                       0                    29  


All user specified timing constraints are met.


------------------------------------------------------------------------------------------------
| Clock Summary
| -------------
------------------------------------------------------------------------------------------------

Clock       Waveform(ns)       Period(ns)      Frequency(MHz)
-----       ------------       ----------      --------------
clk_fpga_0  {0.000 10.000}     20.000          50.000          


------------------------------------------------------------------------------------------------
| Intra Clock Table
| -----------------
------------------------------------------------------------------------------------------------

Clock             WNS(ns)      TNS(ns)  TNS Failing Endpoints  TNS Total Endpoints      WHS(ns)      THS(ns)  THS Failing Endpoints  THS Total Endpoints     WPWS(ns)     TPWS(ns)  TPWS Failing Endpoints  TPWS Total Endpoints  
-----             -------      -------  ---------------------  -------------------      -------      -------  ---------------------  -------------------     --------     --------  ----------------------  --------------------  
clk_fpga_0         17.168        0.000                      0                   28        0.252        0.000                      0                   28        9.500        0.000                       0                    29  


------------------------------------------------------------------------------------------------
| Inter Clock Table
| -----------------
------------------------------------------------------------------------------------------------

From Clock    To Clock          WNS(ns)      TNS(ns)  TNS Failing Endpoints  TNS Total Endpoints      WHS(ns)      THS(ns)  THS Failing Endpoints  THS Total Endpoints  
----------    --------          -------      -------  ---------------------  -------------------      -------      -------  ---------------------  -------------------  


------------------------------------------------------------------------------------------------
| Other Path Groups Table
| -----------------------
------------------------------------------------------------------------------------------------

Path Group    From Clock    To Clock          WNS(ns)      TNS(ns)  TNS Failing Endpoints  TNS Total Endpoints      WHS(ns)      THS(ns)  THS Failing Endpoints  THS Total Endpoints  
----------    ----------    --------          -------      -------  ---------------------  -------------------      -------      -------  ---------------------  -------------------  


------------------------------------------------------------------------------------------------
| User Ignored Path Table
| -----------------------
------------------------------------------------------------------------------------------------

Path Group    From Clock    To Clock    
----------    ----------    --------    


------------------------------------------------------------------------------------------------
| Unconstrained Path Table
| ------------------------
------------------------------------------------------------------------------------------------

Path Group    From Clock    To Clock    
----------    ----------    --------    
(none)        clk_fpga_0                  


------------------------------------------------------------------------------------------------
| Timing Details
| --------------
------------------------------------------------------------------------------------------------


---------------------------------------------------------------------------------------------------
From Clock:  clk_fpga_0
  To Clock:  clk_fpga_0

Setup :            0  Failing Endpoints,  Worst Slack       17.168ns,  Total Violation        0.000ns
Hold  :            0  Failing Endpoints,  Worst Slack        0.252ns,  Total Violation        0.000ns
PW    :            0  Failing Endpoints,  Worst Slack        9.500ns,  Total Violation        0.000ns
---------------------------------------------------------------------------------------------------


Max Delay Paths
--------------------------------------------------------------------------------------
Slack (MET) :             17.168ns  (required time - arrival time)
  Source:                 design_1_i/c_counter_binary_0/U0/i_synth/i_baseblox.i_baseblox_counter/the_addsub/no_pipelining.the_addsub/i_lut6.i_lut6_addsub/i_q.i_simple.qreg/i_no_async_controls.output_reg[2]/C
                            (rising edge-triggered cell FDRE clocked by clk_fpga_0  {rise@0.000ns fall@10.000ns period=20.000ns})
  Destination:            design_1_i/c_counter_binary_0/U0/i_synth/i_baseblox.i_baseblox_counter/the_addsub/no_pipelining.the_addsub/i_lut6.i_lut6_addsub/i_q.i_simple.qreg/i_no_async_controls.output_reg[26]/D
                            (rising edge-triggered cell FDRE clocked by clk_fpga_0  {rise@0.000ns fall@10.000ns period=20.000ns})
  Path Group:             clk_fpga_0
  Path Type:              Setup (Max at Slow Process Corner)
  Requirement:            20.000ns  (clk_fpga_0 rise@20.000ns - clk_fpga_0 rise@0.000ns)
  Data Path Delay:        2.523ns  (logic 2.034ns (80.602%)  route 0.489ns (19.398%))
  Logic Levels:           7  (CARRY4=7)
  Clock Path Skew:        -0.068ns (DCD - SCD + CPR)
    Destination Clock Delay (DCD):    2.741ns = ( 22.741 - 20.000 ) 
    Source Clock Delay      (SCD):    3.039ns
    Clock Pessimism Removal (CPR):    0.230ns
  Clock Uncertainty:      0.302ns  ((TSJ^2 + TIJ^2)^1/2 + DJ) / 2 + PE
    Total System Jitter     (TSJ):    0.071ns
    Total Input Jitter      (TIJ):    0.600ns
    Discrete Jitter          (DJ):    0.000ns
    Phase Error              (PE):    0.000ns

    Location             Delay type                Incr(ns)  Path(ns)    Netlist Resource(s)
  -------------------------------------------------------------------    -------------------
                         (clock clk_fpga_0 rise edge)
                                                      0.000     0.000 r  
    PS7_X0Y0             PS7                          0.000     0.000 r  design_1_i/processing_system7_0/inst/PS7_i/FCLKCLK[0]
                         net (fo=1, routed)           1.207     1.207    design_1_i/processing_system7_0/inst/FCLK_CLK_unbuffered[0]
    BUFGCTRL_X0Y0        BUFG (Prop_bufg_I_O)         0.101     1.308 r  design_1_i/processing_system7_0/inst/buffer_fclk_clk_0.FCLK_CLK_0_BUFG/O
                         net (fo=29, routed)          1.731     3.039    design_1_i/c_counter_binary_0/U0/i_synth/i_baseblox.i_baseblox_counter/the_addsub/no_pipelining.the_addsub/i_lut6.i_lut6_addsub/i_q.i_simple.qreg/CLK
    SLICE_X43Y69         FDRE                                         r  design_1_i/c_counter_binary_0/U0/i_synth/i_baseblox.i_baseblox_counter/the_addsub/no_pipelining.the_addsub/i_lut6.i_lut6_addsub/i_q.i_simple.qreg/i_no_async_controls.output_reg[2]/C
  -------------------------------------------------------------------    -------------------
    SLICE_X43Y69         FDRE (Prop_fdre_C_Q)         0.456     3.495 r  design_1_i/c_counter_binary_0/U0/i_synth/i_baseblox.i_baseblox_counter/the_addsub/no_pipelining.the_addsub/i_lut6.i_lut6_addsub/i_q.i_simple.qreg/i_no_async_controls.output_reg[2]/Q
                         net (fo=1, routed)           0.480     3.975    design_1_i/c_counter_binary_0/U0/i_synth/i_baseblox.i_baseblox_counter/the_addsub/no_pipelining.the_addsub/i_lut6.i_lut6_addsub/Q[1]
    SLICE_X43Y69         CARRY4 (Prop_carry4_S[1]_CO[3])
                                                      0.674     4.649 r  design_1_i/c_counter_binary_0/U0/i_synth/i_baseblox.i_baseblox_counter/the_addsub/no_pipelining.the_addsub/i_lut6.i_lut6_addsub/i_simple_model.carrymux0_CARRY4/CO[3]
                         net (fo=1, routed)           0.000     4.649    design_1_i/c_counter_binary_0/U0/i_synth/i_baseblox.i_baseblox_counter/the_addsub/no_pipelining.the_addsub/i_lut6.i_lut6_addsub/carry_simple_3
    SLICE_X43Y70         CARRY4 (Prop_carry4_CI_CO[3])
                                                      0.114     4.763 r  design_1_i/c_counter_binary_0/U0/i_synth/i_baseblox.i_baseblox_counter/the_addsub/no_pipelining.the_addsub/i_lut6.i_lut6_addsub/i_simple_model.i_gt_1.carrychaingen[4].carrymux_CARRY4/CO[3]
                         net (fo=1, routed)           0.000     4.763    design_1_i/c_counter_binary_0/U0/i_synth/i_baseblox.i_baseblox_counter/the_addsub/no_pipelining.the_addsub/i_lut6.i_lut6_addsub/carry_simple_7
    SLICE_X43Y71         CARRY4 (Prop_carry4_CI_CO[3])
                                                      0.114     4.877 r  design_1_i/c_counter_binary_0/U0/i_synth/i_baseblox.i_baseblox_counter/the_addsub/no_pipelining.the_addsub/i_lut6.i_lut6_addsub/i_simple_model.i_gt_1.carrychaingen[8].carrymux_CARRY4/CO[3]
                         net (fo=1, routed)           0.000     4.877    design_1_i/c_counter_binary_0/U0/i_synth/i_baseblox.i_baseblox_counter/the_addsub/no_pipelining.the_addsub/i_lut6.i_lut6_addsub/carry_simple_11
    SLICE_X43Y72         CARRY4 (Prop_carry4_CI_CO[3])
                                                      0.114     4.991 r  design_1_i/c_counter_binary_0/U0/i_synth/i_baseblox.i_baseblox_counter/the_addsub/no_pipelining.the_addsub/i_lut6.i_lut6_addsub/i_simple_model.i_gt_1.carrychaingen[12].carrymux_CARRY4/CO[3]
                         net (fo=1, routed)           0.000     4.991    design_1_i/c_counter_binary_0/U0/i_synth/i_baseblox.i_baseblox_counter/the_addsub/no_pipelining.the_addsub/i_lut6.i_lut6_addsub/carry_simple_15
    SLICE_X43Y73         CARRY4 (Prop_carry4_CI_CO[3])
                                                      0.114     5.105 r  design_1_i/c_counter_binary_0/U0/i_synth/i_baseblox.i_baseblox_counter/the_addsub/no_pipelining.the_addsub/i_lut6.i_lut6_addsub/i_simple_model.i_gt_1.carrychaingen[16].carrymux_CARRY4/CO[3]
                         net (fo=1, routed)           0.000     5.105    design_1_i/c_counter_binary_0/U0/i_synth/i_baseblox.i_baseblox_counter/the_addsub/no_pipelining.the_addsub/i_lut6.i_lut6_addsub/carry_simple_19
    SLICE_X43Y74         CARRY4 (Prop_carry4_CI_CO[3])
                                                      0.114     5.219 r  design_1_i/c_counter_binary_0/U0/i_synth/i_baseblox.i_baseblox_counter/the_addsub/no_pipelining.the_addsub/i_lut6.i_lut6_addsub/i_simple_model.i_gt_1.carrychaingen[20].carrymux_CARRY4/CO[3]
                         net (fo=1, routed)           0.009     5.228    design_1_i/c_counter_binary_0/U0/i_synth/i_baseblox.i_baseblox_counter/the_addsub/no_pipelining.the_addsub/i_lut6.i_lut6_addsub/carry_simple_23
    SLICE_X43Y75         CARRY4 (Prop_carry4_CI_O[1])
                                                      0.334     5.562 r  design_1_i/c_counter_binary_0/U0/i_synth/i_baseblox.i_baseblox_counter/the_addsub/no_pipelining.the_addsub/i_lut6.i_lut6_addsub/i_simple_model.i_gt_1.carrychaingen[24].carrymux_CARRY4/O[1]
                         net (fo=1, routed)           0.000     5.562    design_1_i/c_counter_binary_0/U0/i_synth/i_baseblox.i_baseblox_counter/the_addsub/no_pipelining.the_addsub/i_lut6.i_lut6_addsub/i_q.i_simple.qreg/s[25]
    SLICE_X43Y75         FDRE                                         r  design_1_i/c_counter_binary_0/U0/i_synth/i_baseblox.i_baseblox_counter/the_addsub/no_pipelining.the_addsub/i_lut6.i_lut6_addsub/i_q.i_simple.qreg/i_no_async_controls.output_reg[26]/D
  -------------------------------------------------------------------    -------------------

                         (clock clk_fpga_0 rise edge)
                                                     20.000    20.000 r  
    PS7_X0Y0             PS7                          0.000    20.000 r  design_1_i/processing_system7_0/inst/PS7_i/FCLKCLK[0]
                         net (fo=1, routed)           1.101    21.101    design_1_i/processing_system7_0/inst/FCLK_CLK_unbuffered[0]
    BUFGCTRL_X0Y0        BUFG (Prop_bufg_I_O)         0.091    21.192 r  design_1_i/processing_system7_0/inst/buffer_fclk_clk_0.FCLK_CLK_0_BUFG/O
                         net (fo=29, routed)          1.549    22.741    design_1_i/c_counter_binary_0/U0/i_synth/i_baseblox.i_baseblox_counter/the_addsub/no_pipelining.the_addsub/i_lut6.i_lut6_addsub/i_q.i_simple.qreg/CLK
    SLICE_X43Y75         FDRE                                         r  design_1_i/c_counter_binary_0/U0/i_synth/i_baseblox.i_baseblox_counter/the_addsub/no_pipelining.the_addsub/i_lut6.i_lut6_addsub/i_q.i_simple.qreg/i_no_async_controls.output_reg[26]/C
                         clock pessimism              0.230    22.971    
                         clock uncertainty           -0.302    22.669    
    SLICE_X43Y75         FDRE (Setup_fdre_C_D)        0.062    22.731    design_1_i/c_counter_binary_0/U0/i_synth/i_baseblox.i_baseblox_counter/the_addsub/no_pipelining.the_addsub/i_lut6.i_lut6_addsub/i_q.i_simple.qreg/i_no_async_controls.output_reg[26]
  -------------------------------------------------------------------
                         required time                         22.731    
                         arrival time                          -5.562    
  -------------------------------------------------------------------
                         slack                                 17.168    

Slack (MET) :             17.189ns  (required time - arrival time)
  Source:                 design_1_i/c_counter_binary_0/U0/i_synth/i_baseblox.i_baseblox_counter/the_addsub/no_pipelining.the_addsub/i_lut6.i_lut6_addsub/i_q.i_simple.qreg/i_no_async_controls.output_reg[2]/C
                            (rising edge-triggered cell FDRE clocked by clk_fpga_0  {rise@0.000ns fall@10.000ns period=20.000ns})
  Destination:            design_1_i/c_counter_binary_0/U0/i_synth/i_baseblox.i_baseblox_counter/the_addsub/no_pipelining.the_addsub/i_lut6.i_lut6_addsub/i_q.i_simple.qreg/i_no_async_controls.output_reg[28]/D
                            (rising edge-triggered cell FDRE clocked by clk_fpga_0  {rise@0.000ns fall@10.000ns period=20.000ns})
  Path Group:             clk_fpga_0
  Path Type:              Setup (Max at Slow Process Corner)
  Requirement:            20.000ns  (clk_fpga_0 rise@20.000ns - clk_fpga_0 rise@0.000ns)
  Data Path Delay:        2.502ns  (logic 2.013ns (80.440%)  route 0.489ns (19.560%))
  Logic Levels:           7  (CARRY4=7)
  Clock Path Skew:        -0.068ns (DCD - SCD + CPR)
    Destination Clock Delay (DCD):    2.741ns = ( 22.741 - 20.000 ) 
    Source Clock Delay      (SCD):    3.039ns
    Clock Pessimism Removal (CPR):    0.230ns
  Clock Uncertainty:      0.302ns  ((TSJ^2 + TIJ^2)^1/2 + DJ) / 2 + PE
    Total System Jitter     (TSJ):    0.071ns
    Total Input Jitter      (TIJ):    0.600ns
    Discrete Jitter          (DJ):    0.000ns
    Phase Error              (PE):    0.000ns

    Location             Delay type                Incr(ns)  Path(ns)    Netlist Resource(s)
  -------------------------------------------------------------------    -------------------
                         (clock clk_fpga_0 rise edge)
                                                      0.000     0.000 r  
    PS7_X0Y0             PS7                          0.000     0.000 r  design_1_i/processing_system7_0/inst/PS7_i/FCLKCLK[0]
                         net (fo=1, routed)           1.207     1.207    design_1_i/processing_system7_0/inst/FCLK_CLK_unbuffered[0]
    BUFGCTRL_X0Y0        BUFG (Prop_bufg_I_O)         0.101     1.308 r  design_1_i/processing_system7_0/inst/buffer_fclk_clk_0.FCLK_CLK_0_BUFG/O
                         net (fo=29, routed)          1.731     3.039    design_1_i/c_counter_binary_0/U0/i_synth/i_baseblox.i_baseblox_counter/the_addsub/no_pipelining.the_addsub/i_lut6.i_lut6_addsub/i_q.i_simple.qreg/CLK
    SLICE_X43Y69         FDRE                                         r  design_1_i/c_counter_binary_0/U0/i_synth/i_baseblox.i_baseblox_counter/the_addsub/no_pipelining.the_addsub/i_lut6.i_lut6_addsub/i_q.i_simple.qreg/i_no_async_controls.output_reg[2]/C
  -------------------------------------------------------------------    -------------------
    SLICE_X43Y69         FDRE (Prop_fdre_C_Q)         0.456     3.495 r  design_1_i/c_counter_binary_0/U0/i_synth/i_baseblox.i_baseblox_counter/the_addsub/no_pipelining.the_addsub/i_lut6.i_lut6_addsub/i_q.i_simple.qreg/i_no_async_controls.output_reg[2]/Q
                         net (fo=1, routed)           0.480     3.975    design_1_i/c_counter_binary_0/U0/i_synth/i_baseblox.i_baseblox_counter/the_addsub/no_pipelining.the_addsub/i_lut6.i_lut6_addsub/Q[1]
    SLICE_X43Y69         CARRY4 (Prop_carry4_S[1]_CO[3])
                                                      0.674     4.649 r  design_1_i/c_counter_binary_0/U0/i_synth/i_baseblox.i_baseblox_counter/the_addsub/no_pipelining.the_addsub/i_lut6.i_lut6_addsub/i_simple_model.carrymux0_CARRY4/CO[3]
                         net (fo=1, routed)           0.000     4.649    design_1_i/c_counter_binary_0/U0/i_synth/i_baseblox.i_baseblox_counter/the_addsub/no_pipelining.the_addsub/i_lut6.i_lut6_addsub/carry_simple_3
    SLICE_X43Y70         CARRY4 (Prop_carry4_CI_CO[3])
                                                      0.114     4.763 r  design_1_i/c_counter_binary_0/U0/i_synth/i_baseblox.i_baseblox_counter/the_addsub/no_pipelining.the_addsub/i_lut6.i_lut6_addsub/i_simple_model.i_gt_1.carrychaingen[4].carrymux_CARRY4/CO[3]
                         net (fo=1, routed)           0.000     4.763    design_1_i/c_counter_binary_0/U0/i_synth/i_baseblox.i_baseblox_counter/the_addsub/no_pipelining.the_addsub/i_lut6.i_lut6_addsub/carry_simple_7
    SLICE_X43Y71         CARRY4 (Prop_carry4_CI_CO[3])
                                                      0.114     4.877 r  design_1_i/c_counter_binary_0/U0/i_synth/i_baseblox.i_baseblox_counter/the_addsub/no_pipelining.the_addsub/i_lut6.i_lut6_addsub/i_simple_model.i_gt_1.carrychaingen[8].carrymux_CARRY4/CO[3]
                         net (fo=1, routed)           0.000     4.877    design_1_i/c_counter_binary_0/U0/i_synth/i_baseblox.i_baseblox_counter/the_addsub/no_pipelining.the_addsub/i_lut6.i_lut6_addsub/carry_simple_11
    SLICE_X43Y72         CARRY4 (Prop_carry4_CI_CO[3])
                                                      0.114     4.991 r  design_1_i/c_counter_binary_0/U0/i_synth/i_baseblox.i_baseblox_counter/the_addsub/no_pipelining.the_addsub/i_lut6.i_lut6_addsub/i_simple_model.i_gt_1.carrychaingen[12].carrymux_CARRY4/CO[3]
                         net (fo=1, routed)           0.000     4.991    design_1_i/c_counter_binary_0/U0/i_synth/i_baseblox.i_baseblox_counter/the_addsub/no_pipelining.the_addsub/i_lut6.i_lut6_addsub/carry_simple_15
    SLICE_X43Y73         CARRY4 (Prop_carry4_CI_CO[3])
                                                      0.114     5.105 r  design_1_i/c_counter_binary_0/U0/i_synth/i_baseblox.i_baseblox_counter/the_addsub/no_pipelining.the_addsub/i_lut6.i_lut6_addsub/i_simple_model.i_gt_1.carrychaingen[16].carrymux_CARRY4/CO[3]
                         net (fo=1, routed)           0.000     5.105    design_1_i/c_counter_binary_0/U0/i_synth/i_baseblox.i_baseblox_counter/the_addsub/no_pipelining.the_addsub/i_lut6.i_lut6_addsub/carry_simple_19
    SLICE_X43Y74         CARRY4 (Prop_carry4_CI_CO[3])
                                                      0.114     5.219 r  design_1_i/c_counter_binary_0/U0/i_synth/i_baseblox.i_baseblox_counter/the_addsub/no_pipelining.the_addsub/i_lut6.i_lut6_addsub/i_simple_model.i_gt_1.carrychaingen[20].carrymux_CARRY4/CO[3]
                         net (fo=1, routed)           0.009     5.228    design_1_i/c_counter_binary_0/U0/i_synth/i_baseblox.i_baseblox_counter/the_addsub/no_pipelining.the_addsub/i_lut6.i_lut6_addsub/carry_simple_23
    SLICE_X43Y75         CARRY4 (Prop_carry4_CI_O[3])
                                                      0.313     5.541 r  design_1_i/c_counter_binary_0/U0/i_synth/i_baseblox.i_baseblox_counter/the_addsub/no_pipelining.the_addsub/i_lut6.i_lut6_addsub/i_simple_model.i_gt_1.carrychaingen[24].carrymux_CARRY4/O[3]
                         net (fo=1, routed)           0.000     5.541    design_1_i/c_counter_binary_0/U0/i_synth/i_baseblox.i_baseblox_counter/the_addsub/no_pipelining.the_addsub/i_lut6.i_lut6_addsub/i_q.i_simple.qreg/s[27]
    SLICE_X43Y75         FDRE                                         r  design_1_i/c_counter_binary_0/U0/i_synth/i_baseblox.i_baseblox_counter/the_addsub/no_pipelining.the_addsub/i_lut6.i_lut6_addsub/i_q.i_simple.qreg/i_no_async_controls.output_reg[28]/D
  -------------------------------------------------------------------    -------------------

                         (clock clk_fpga_0 rise edge)
                                                     20.000    20.000 r  
    PS7_X0Y0             PS7                          0.000    20.000 r  design_1_i/processing_system7_0/inst/PS7_i/FCLKCLK[0]
                         net (fo=1, routed)           1.101    21.101    design_1_i/processing_system7_0/inst/FCLK_CLK_unbuffered[0]
    BUFGCTRL_X0Y0        BUFG (Prop_bufg_I_O)         0.091    21.192 r  design_1_i/processing_system7_0/inst/buffer_fclk_clk_0.FCLK_CLK_0_BUFG/O
                         net (fo=29, routed)          1.549    22.741    design_1_i/c_counter_binary_0/U0/i_synth/i_baseblox.i_baseblox_counter/the_addsub/no_pipelining.the_addsub/i_lut6.i_lut6_addsub/i_q.i_simple.qreg/CLK
    SLICE_X43Y75         FDRE                                         r  design_1_i/c_counter_binary_0/U0/i_synth/i_baseblox.i_baseblox_counter/the_addsub/no_pipelining.the_addsub/i_lut6.i_lut6_addsub/i_q.i_simple.qreg/i_no_async_controls.output_reg[28]/C
                         clock pessimism              0.230    22.971    
                         clock uncertainty           -0.302    22.669    
    SLICE_X43Y75         FDRE (Setup_fdre_C_D)        0.062    22.731    design_1_i/c_counter_binary_0/U0/i_synth/i_baseblox.i_baseblox_counter/the_addsub/no_pipelining.the_addsub/i_lut6.i_lut6_addsub/i_q.i_simple.qreg/i_no_async_controls.output_reg[28]
  -------------------------------------------------------------------
                         required time                         22.731    
                         arrival time                          -5.541    
  -------------------------------------------------------------------
                         slack                                 17.189    

Slack (MET) :             17.263ns  (required time - arrival time)
  Source:                 design_1_i/c_counter_binary_0/U0/i_synth/i_baseblox.i_baseblox_counter/the_addsub/no_pipelining.the_addsub/i_lut6.i_lut6_addsub/i_q.i_simple.qreg/i_no_async_controls.output_reg[2]/C
                            (rising edge-triggered cell FDRE clocked by clk_fpga_0  {rise@0.000ns fall@10.000ns period=20.000ns})
  Destination:            design_1_i/c_counter_binary_0/U0/i_synth/i_baseblox.i_baseblox_counter/the_addsub/no_pipelining.the_addsub/i_lut6.i_lut6_addsub/i_q.i_simple.qreg/i_no_async_controls.output_reg[27]/D
                            (rising edge-triggered cell FDRE clocked by clk_fpga_0  {rise@0.000ns fall@10.000ns period=20.000ns})
  Path Group:             clk_fpga_0
  Path Type:              Setup (Max at Slow Process Corner)
  Requirement:            20.000ns  (clk_fpga_0 rise@20.000ns - clk_fpga_0 rise@0.000ns)
  Data Path Delay:        2.428ns  (logic 1.939ns (79.844%)  route 0.489ns (20.156%))
  Logic Levels:           7  (CARRY4=7)
  Clock Path Skew:        -0.068ns (DCD - SCD + CPR)
    Destination Clock Delay (DCD):    2.741ns = ( 22.741 - 20.000 ) 
    Source Clock Delay      (SCD):    3.039ns
    Clock Pessimism Removal (CPR):    0.230ns
  Clock Uncertainty:      0.302ns  ((TSJ^2 + TIJ^2)^1/2 + DJ) / 2 + PE
    Total System Jitter     (TSJ):    0.071ns
    Total Input Jitter      (TIJ):    0.600ns
    Discrete Jitter          (DJ):    0.000ns
    Phase Error              (PE):    0.000ns

    Location             Delay type                Incr(ns)  Path(ns)    Netlist Resource(s)
  -------------------------------------------------------------------    -------------------
                         (clock clk_fpga_0 rise edge)
                                                      0.000     0.000 r  
    PS7_X0Y0             PS7                          0.000     0.000 r  design_1_i/processing_system7_0/inst/PS7_i/FCLKCLK[0]
                         net (fo=1, routed)           1.207     1.207    design_1_i/processing_system7_0/inst/FCLK_CLK_unbuffered[0]
    BUFGCTRL_X0Y0        BUFG (Prop_bufg_I_O)         0.101     1.308 r  design_1_i/processing_system7_0/inst/buffer_fclk_clk_0.FCLK_CLK_0_BUFG/O
                         net (fo=29, routed)          1.731     3.039    design_1_i/c_counter_binary_0/U0/i_synth/i_baseblox.i_baseblox_counter/the_addsub/no_pipelining.the_addsub/i_lut6.i_lut6_addsub/i_q.i_simple.qreg/CLK
    SLICE_X43Y69         FDRE                                         r  design_1_i/c_counter_binary_0/U0/i_synth/i_baseblox.i_baseblox_counter/the_addsub/no_pipelining.the_addsub/i_lut6.i_lut6_addsub/i_q.i_simple.qreg/i_no_async_controls.output_reg[2]/C
  -------------------------------------------------------------------    -------------------
    SLICE_X43Y69         FDRE (Prop_fdre_C_Q)         0.456     3.495 r  design_1_i/c_counter_binary_0/U0/i_synth/i_baseblox.i_baseblox_counter/the_addsub/no_pipelining.the_addsub/i_lut6.i_lut6_addsub/i_q.i_simple.qreg/i_no_async_controls.output_reg[2]/Q
                         net (fo=1, routed)           0.480     3.975    design_1_i/c_counter_binary_0/U0/i_synth/i_baseblox.i_baseblox_counter/the_addsub/no_pipelining.the_addsub/i_lut6.i_lut6_addsub/Q[1]
    SLICE_X43Y69         CARRY4 (Prop_carry4_S[1]_CO[3])
                                                      0.674     4.649 r  design_1_i/c_counter_binary_0/U0/i_synth/i_baseblox.i_baseblox_counter/the_addsub/no_pipelining.the_addsub/i_lut6.i_lut6_addsub/i_simple_model.carrymux0_CARRY4/CO[3]
                         net (fo=1, routed)           0.000     4.649    design_1_i/c_counter_binary_0/U0/i_synth/i_baseblox.i_baseblox_counter/the_addsub/no_pipelining.the_addsub/i_lut6.i_lut6_addsub/carry_simple_3
    SLICE_X43Y70         CARRY4 (Prop_carry4_CI_CO[3])
                                                      0.114     4.763 r  design_1_i/c_counter_binary_0/U0/i_synth/i_baseblox.i_baseblox_counter/the_addsub/no_pipelining.the_addsub/i_lut6.i_lut6_addsub/i_simple_model.i_gt_1.carrychaingen[4].carrymux_CARRY4/CO[3]
                         net (fo=1, routed)           0.000     4.763    design_1_i/c_counter_binary_0/U0/i_synth/i_baseblox.i_baseblox_counter/the_addsub/no_pipelining.the_addsub/i_lut6.i_lut6_addsub/carry_simple_7
    SLICE_X43Y71         CARRY4 (Prop_carry4_CI_CO[3])
                                                      0.114     4.877 r  design_1_i/c_counter_binary_0/U0/i_synth/i_baseblox.i_baseblox_counter/the_addsub/no_pipelining.the_addsub/i_lut6.i_lut6_addsub/i_simple_model.i_gt_1.carrychaingen[8].carrymux_CARRY4/CO[3]
                         net (fo=1, routed)           0.000     4.877    design_1_i/c_counter_binary_0/U0/i_synth/i_baseblox.i_baseblox_counter/the_addsub/no_pipelining.the_addsub/i_lut6.i_lut6_addsub/carry_simple_11
    SLICE_X43Y72         CARRY4 (Prop_carry4_CI_CO[3])
                                                      0.114     4.991 r  design_1_i/c_counter_binary_0/U0/i_synth/i_baseblox.i_baseblox_counter/the_addsub/no_pipelining.the_addsub/i_lut6.i_lut6_addsub/i_simple_model.i_gt_1.carrychaingen[12].carrymux_CARRY4/CO[3]
                         net (fo=1, routed)           0.000     4.991    design_1_i/c_counter_binary_0/U0/i_synth/i_baseblox.i_baseblox_counter/the_addsub/no_pipelining.the_addsub/i_lut6.i_lut6_addsub/carry_simple_15
    SLICE_X43Y73         CARRY4 (Prop_carry4_CI_CO[3])
                                                      0.114     5.105 r  design_1_i/c_counter_binary_0/U0/i_synth/i_baseblox.i_baseblox_counter/the_addsub/no_pipelining.the_addsub/i_lut6.i_lut6_addsub/i_simple_model.i_gt_1.carrychaingen[16].carrymux_CARRY4/CO[3]
                         net (fo=1, routed)           0.000     5.105    design_1_i/c_counter_binary_0/U0/i_synth/i_baseblox.i_baseblox_counter/the_addsub/no_pipelining.the_addsub/i_lut6.i_lut6_addsub/carry_simple_19
    SLICE_X43Y74         CARRY4 (Prop_carry4_CI_CO[3])
                                                      0.114     5.219 r  design_1_i/c_counter_binary_0/U0/i_synth/i_baseblox.i_baseblox_counter/the_addsub/no_pipelining.the_addsub/i_lut6.i_lut6_addsub/i_simple_model.i_gt_1.carrychaingen[20].carrymux_CARRY4/CO[3]
                         net (fo=1, routed)           0.009     5.228    design_1_i/c_counter_binary_0/U0/i_synth/i_baseblox.i_baseblox_counter/the_addsub/no_pipelining.the_addsub/i_lut6.i_lut6_addsub/carry_simple_23
    SLICE_X43Y75         CARRY4 (Prop_carry4_CI_O[2])
                                                      0.239     5.467 r  design_1_i/c_counter_binary_0/U0/i_synth/i_baseblox.i_baseblox_counter/the_addsub/no_pipelining.the_addsub/i_lut6.i_lut6_addsub/i_simple_model.i_gt_1.carrychaingen[24].carrymux_CARRY4/O[2]
                         net (fo=1, routed)           0.000     5.467    design_1_i/c_counter_binary_0/U0/i_synth/i_baseblox.i_baseblox_counter/the_addsub/no_pipelining.the_addsub/i_lut6.i_lut6_addsub/i_q.i_simple.qreg/s[26]
    SLICE_X43Y75         FDRE                                         r  design_1_i/c_counter_binary_0/U0/i_synth/i_baseblox.i_baseblox_counter/the_addsub/no_pipelining.the_addsub/i_lut6.i_lut6_addsub/i_q.i_simple.qreg/i_no_async_controls.output_reg[27]/D
  -------------------------------------------------------------------    -------------------

                         (clock clk_fpga_0 rise edge)
                                                     20.000    20.000 r  
    PS7_X0Y0             PS7                          0.000    20.000 r  design_1_i/processing_system7_0/inst/PS7_i/FCLKCLK[0]
                         net (fo=1, routed)           1.101    21.101    design_1_i/processing_system7_0/inst/FCLK_CLK_unbuffered[0]
    BUFGCTRL_X0Y0        BUFG (Prop_bufg_I_O)         0.091    21.192 r  design_1_i/processing_system7_0/inst/buffer_fclk_clk_0.FCLK_CLK_0_BUFG/O
                         net (fo=29, routed)          1.549    22.741    design_1_i/c_counter_binary_0/U0/i_synth/i_baseblox.i_baseblox_counter/the_addsub/no_pipelining.the_addsub/i_lut6.i_lut6_addsub/i_q.i_simple.qreg/CLK
    SLICE_X43Y75         FDRE                                         r  design_1_i/c_counter_binary_0/U0/i_synth/i_baseblox.i_baseblox_counter/the_addsub/no_pipelining.the_addsub/i_lut6.i_lut6_addsub/i_q.i_simple.qreg/i_no_async_controls.output_reg[27]/C
                         clock pessimism              0.230    22.971    
                         clock uncertainty           -0.302    22.669    
    SLICE_X43Y75         FDRE (Setup_fdre_C_D)        0.062    22.731    design_1_i/c_counter_binary_0/U0/i_synth/i_baseblox.i_baseblox_counter/the_addsub/no_pipelining.the_addsub/i_lut6.i_lut6_addsub/i_q.i_simple.qreg/i_no_async_controls.output_reg[27]
  -------------------------------------------------------------------
                         required time                         22.731    
                         arrival time                          -5.467    
  -------------------------------------------------------------------
                         slack                                 17.263    

Slack (MET) :             17.279ns  (required time - arrival time)
  Source:                 design_1_i/c_counter_binary_0/U0/i_synth/i_baseblox.i_baseblox_counter/the_addsub/no_pipelining.the_addsub/i_lut6.i_lut6_addsub/i_q.i_simple.qreg/i_no_async_controls.output_reg[2]/C
                            (rising edge-triggered cell FDRE clocked by clk_fpga_0  {rise@0.000ns fall@10.000ns period=20.000ns})
  Destination:            design_1_i/c_counter_binary_0/U0/i_synth/i_baseblox.i_baseblox_counter/the_addsub/no_pipelining.the_addsub/i_lut6.i_lut6_addsub/i_q.i_simple.qreg/i_no_async_controls.output_reg[25]/D
                            (rising edge-triggered cell FDRE clocked by clk_fpga_0  {rise@0.000ns fall@10.000ns period=20.000ns})
  Path Group:             clk_fpga_0
  Path Type:              Setup (Max at Slow Process Corner)
  Requirement:            20.000ns  (clk_fpga_0 rise@20.000ns - clk_fpga_0 rise@0.000ns)
  Data Path Delay:        2.412ns  (logic 1.923ns (79.710%)  route 0.489ns (20.290%))
  Logic Levels:           7  (CARRY4=7)
  Clock Path Skew:        -0.068ns (DCD - SCD + CPR)
    Destination Clock Delay (DCD):    2.741ns = ( 22.741 - 20.000 ) 
    Source Clock Delay      (SCD):    3.039ns
    Clock Pessimism Removal (CPR):    0.230ns
  Clock Uncertainty:      0.302ns  ((TSJ^2 + TIJ^2)^1/2 + DJ) / 2 + PE
    Total System Jitter     (TSJ):    0.071ns
    Total Input Jitter      (TIJ):    0.600ns
    Discrete Jitter          (DJ):    0.000ns
    Phase Error              (PE):    0.000ns

    Location             Delay type                Incr(ns)  Path(ns)    Netlist Resource(s)
  -------------------------------------------------------------------    -------------------
                         (clock clk_fpga_0 rise edge)
                                                      0.000     0.000 r  
    PS7_X0Y0             PS7                          0.000     0.000 r  design_1_i/processing_system7_0/inst/PS7_i/FCLKCLK[0]
                         net (fo=1, routed)           1.207     1.207    design_1_i/processing_system7_0/inst/FCLK_CLK_unbuffered[0]
    BUFGCTRL_X0Y0        BUFG (Prop_bufg_I_O)         0.101     1.308 r  design_1_i/processing_system7_0/inst/buffer_fclk_clk_0.FCLK_CLK_0_BUFG/O
                         net (fo=29, routed)          1.731     3.039    design_1_i/c_counter_binary_0/U0/i_synth/i_baseblox.i_baseblox_counter/the_addsub/no_pipelining.the_addsub/i_lut6.i_lut6_addsub/i_q.i_simple.qreg/CLK
    SLICE_X43Y69         FDRE                                         r  design_1_i/c_counter_binary_0/U0/i_synth/i_baseblox.i_baseblox_counter/the_addsub/no_pipelining.the_addsub/i_lut6.i_lut6_addsub/i_q.i_simple.qreg/i_no_async_controls.output_reg[2]/C
  -------------------------------------------------------------------    -------------------
    SLICE_X43Y69         FDRE (Prop_fdre_C_Q)         0.456     3.495 r  design_1_i/c_counter_binary_0/U0/i_synth/i_baseblox.i_baseblox_counter/the_addsub/no_pipelining.the_addsub/i_lut6.i_lut6_addsub/i_q.i_simple.qreg/i_no_async_controls.output_reg[2]/Q
                         net (fo=1, routed)           0.480     3.975    design_1_i/c_counter_binary_0/U0/i_synth/i_baseblox.i_baseblox_counter/the_addsub/no_pipelining.the_addsub/i_lut6.i_lut6_addsub/Q[1]
    SLICE_X43Y69         CARRY4 (Prop_carry4_S[1]_CO[3])
                                                      0.674     4.649 r  design_1_i/c_counter_binary_0/U0/i_synth/i_baseblox.i_baseblox_counter/the_addsub/no_pipelining.the_addsub/i_lut6.i_lut6_addsub/i_simple_model.carrymux0_CARRY4/CO[3]
                         net (fo=1, routed)           0.000     4.649    design_1_i/c_counter_binary_0/U0/i_synth/i_baseblox.i_baseblox_counter/the_addsub/no_pipelining.the_addsub/i_lut6.i_lut6_addsub/carry_simple_3
    SLICE_X43Y70         CARRY4 (Prop_carry4_CI_CO[3])
                                                      0.114     4.763 r  design_1_i/c_counter_binary_0/U0/i_synth/i_baseblox.i_baseblox_counter/the_addsub/no_pipelining.the_addsub/i_lut6.i_lut6_addsub/i_simple_model.i_gt_1.carrychaingen[4].carrymux_CARRY4/CO[3]
                         net (fo=1, routed)           0.000     4.763    design_1_i/c_counter_binary_0/U0/i_synth/i_baseblox.i_baseblox_counter/the_addsub/no_pipelining.the_addsub/i_lut6.i_lut6_addsub/carry_simple_7
    SLICE_X43Y71         CARRY4 (Prop_carry4_CI_CO[3])
                                                      0.114     4.877 r  design_1_i/c_counter_binary_0/U0/i_synth/i_baseblox.i_baseblox_counter/the_addsub/no_pipelining.the_addsub/i_lut6.i_lut6_addsub/i_simple_model.i_gt_1.carrychaingen[8].carrymux_CARRY4/CO[3]
                         net (fo=1, routed)           0.000     4.877    design_1_i/c_counter_binary_0/U0/i_synth/i_baseblox.i_baseblox_counter/the_addsub/no_pipelining.the_addsub/i_lut6.i_lut6_addsub/carry_simple_11
    SLICE_X43Y72         CARRY4 (Prop_carry4_CI_CO[3])
                                                      0.114     4.991 r  design_1_i/c_counter_binary_0/U0/i_synth/i_baseblox.i_baseblox_counter/the_addsub/no_pipelining.the_addsub/i_lut6.i_lut6_addsub/i_simple_model.i_gt_1.carrychaingen[12].carrymux_CARRY4/CO[3]
                         net (fo=1, routed)           0.000     4.991    design_1_i/c_counter_binary_0/U0/i_synth/i_baseblox.i_baseblox_counter/the_addsub/no_pipelining.the_addsub/i_lut6.i_lut6_addsub/carry_simple_15
    SLICE_X43Y73         CARRY4 (Prop_carry4_CI_CO[3])
                                                      0.114     5.105 r  design_1_i/c_counter_binary_0/U0/i_synth/i_baseblox.i_baseblox_counter/the_addsub/no_pipelining.the_addsub/i_lut6.i_lut6_addsub/i_simple_model.i_gt_1.carrychaingen[16].carrymux_CARRY4/CO[3]
                         net (fo=1, routed)           0.000     5.105    design_1_i/c_counter_binary_0/U0/i_synth/i_baseblox.i_baseblox_counter/the_addsub/no_pipelining.the_addsub/i_lut6.i_lut6_addsub/carry_simple_19
    SLICE_X43Y74         CARRY4 (Prop_carry4_CI_CO[3])
                                                      0.114     5.219 r  design_1_i/c_counter_binary_0/U0/i_synth/i_baseblox.i_baseblox_counter/the_addsub/no_pipelining.the_addsub/i_lut6.i_lut6_addsub/i_simple_model.i_gt_1.carrychaingen[20].carrymux_CARRY4/CO[3]
                         net (fo=1, routed)           0.009     5.228    design_1_i/c_counter_binary_0/U0/i_synth/i_baseblox.i_baseblox_counter/the_addsub/no_pipelining.the_addsub/i_lut6.i_lut6_addsub/carry_simple_23
    SLICE_X43Y75         CARRY4 (Prop_carry4_CI_O[0])
                                                      0.223     5.451 r  design_1_i/c_counter_binary_0/U0/i_synth/i_baseblox.i_baseblox_counter/the_addsub/no_pipelining.the_addsub/i_lut6.i_lut6_addsub/i_simple_model.i_gt_1.carrychaingen[24].carrymux_CARRY4/O[0]
                         net (fo=1, routed)           0.000     5.451    design_1_i/c_counter_binary_0/U0/i_synth/i_baseblox.i_baseblox_counter/the_addsub/no_pipelining.the_addsub/i_lut6.i_lut6_addsub/i_q.i_simple.qreg/s[24]
    SLICE_X43Y75         FDRE                                         r  design_1_i/c_counter_binary_0/U0/i_synth/i_baseblox.i_baseblox_counter/the_addsub/no_pipelining.the_addsub/i_lut6.i_lut6_addsub/i_q.i_simple.qreg/i_no_async_controls.output_reg[25]/D
  -------------------------------------------------------------------    -------------------

                         (clock clk_fpga_0 rise edge)
                                                     20.000    20.000 r  
    PS7_X0Y0             PS7                          0.000    20.000 r  design_1_i/processing_system7_0/inst/PS7_i/FCLKCLK[0]
                         net (fo=1, routed)           1.101    21.101    design_1_i/processing_system7_0/inst/FCLK_CLK_unbuffered[0]
    BUFGCTRL_X0Y0        BUFG (Prop_bufg_I_O)         0.091    21.192 r  design_1_i/processing_system7_0/inst/buffer_fclk_clk_0.FCLK_CLK_0_BUFG/O
                         net (fo=29, routed)          1.549    22.741    design_1_i/c_counter_binary_0/U0/i_synth/i_baseblox.i_baseblox_counter/the_addsub/no_pipelining.the_addsub/i_lut6.i_lut6_addsub/i_q.i_simple.qreg/CLK
    SLICE_X43Y75         FDRE                                         r  design_1_i/c_counter_binary_0/U0/i_synth/i_baseblox.i_baseblox_counter/the_addsub/no_pipelining.the_addsub/i_lut6.i_lut6_addsub/i_q.i_simple.qreg/i_no_async_controls.output_reg[25]/C
                         clock pessimism              0.230    22.971    
                         clock uncertainty           -0.302    22.669    
    SLICE_X43Y75         FDRE (Setup_fdre_C_D)        0.062    22.731    design_1_i/c_counter_binary_0/U0/i_synth/i_baseblox.i_baseblox_counter/the_addsub/no_pipelining.the_addsub/i_lut6.i_lut6_addsub/i_q.i_simple.qreg/i_no_async_controls.output_reg[25]
  -------------------------------------------------------------------
                         required time                         22.731    
                         arrival time                          -5.451    
  -------------------------------------------------------------------
                         slack                                 17.279    

Slack (MET) :             17.329ns  (required time - arrival time)
  Source:                 design_1_i/c_counter_binary_0/U0/i_synth/i_baseblox.i_baseblox_counter/the_addsub/no_pipelining.the_addsub/i_lut6.i_lut6_addsub/i_q.i_simple.qreg/i_no_async_controls.output_reg[2]/C
                            (rising edge-triggered cell FDRE clocked by clk_fpga_0  {rise@0.000ns fall@10.000ns period=20.000ns})
  Destination:            design_1_i/c_counter_binary_0/U0/i_synth/i_baseblox.i_baseblox_counter/the_addsub/no_pipelining.the_addsub/i_lut6.i_lut6_addsub/i_q.i_simple.qreg/i_no_async_controls.output_reg[22]/D
                            (rising edge-triggered cell FDRE clocked by clk_fpga_0  {rise@0.000ns fall@10.000ns period=20.000ns})
  Path Group:             clk_fpga_0
  Path Type:              Setup (Max at Slow Process Corner)
  Requirement:            20.000ns  (clk_fpga_0 rise@20.000ns - clk_fpga_0 rise@0.000ns)
  Data Path Delay:        2.400ns  (logic 1.920ns (79.984%)  route 0.480ns (20.016%))
  Logic Levels:           6  (CARRY4=6)
  Clock Path Skew:        -0.030ns (DCD - SCD + CPR)
    Destination Clock Delay (DCD):    2.741ns = ( 22.741 - 20.000 ) 
    Source Clock Delay      (SCD):    3.039ns
    Clock Pessimism Removal (CPR):    0.268ns
  Clock Uncertainty:      0.302ns  ((TSJ^2 + TIJ^2)^1/2 + DJ) / 2 + PE
    Total System Jitter     (TSJ):    0.071ns
    Total Input Jitter      (TIJ):    0.600ns
    Discrete Jitter          (DJ):    0.000ns
    Phase Error              (PE):    0.000ns

    Location             Delay type                Incr(ns)  Path(ns)    Netlist Resource(s)
  -------------------------------------------------------------------    -------------------
                         (clock clk_fpga_0 rise edge)
                                                      0.000     0.000 r  
    PS7_X0Y0             PS7                          0.000     0.000 r  design_1_i/processing_system7_0/inst/PS7_i/FCLKCLK[0]
                         net (fo=1, routed)           1.207     1.207    design_1_i/processing_system7_0/inst/FCLK_CLK_unbuffered[0]
    BUFGCTRL_X0Y0        BUFG (Prop_bufg_I_O)         0.101     1.308 r  design_1_i/processing_system7_0/inst/buffer_fclk_clk_0.FCLK_CLK_0_BUFG/O
                         net (fo=29, routed)          1.731     3.039    design_1_i/c_counter_binary_0/U0/i_synth/i_baseblox.i_baseblox_counter/the_addsub/no_pipelining.the_addsub/i_lut6.i_lut6_addsub/i_q.i_simple.qreg/CLK
    SLICE_X43Y69         FDRE                                         r  design_1_i/c_counter_binary_0/U0/i_synth/i_baseblox.i_baseblox_counter/the_addsub/no_pipelining.the_addsub/i_lut6.i_lut6_addsub/i_q.i_simple.qreg/i_no_async_controls.output_reg[2]/C
  -------------------------------------------------------------------    -------------------
    SLICE_X43Y69         FDRE (Prop_fdre_C_Q)         0.456     3.495 r  design_1_i/c_counter_binary_0/U0/i_synth/i_baseblox.i_baseblox_counter/the_addsub/no_pipelining.the_addsub/i_lut6.i_lut6_addsub/i_q.i_simple.qreg/i_no_async_controls.output_reg[2]/Q
                         net (fo=1, routed)           0.480     3.975    design_1_i/c_counter_binary_0/U0/i_synth/i_baseblox.i_baseblox_counter/the_addsub/no_pipelining.the_addsub/i_lut6.i_lut6_addsub/Q[1]
    SLICE_X43Y69         CARRY4 (Prop_carry4_S[1]_CO[3])
                                                      0.674     4.649 r  design_1_i/c_counter_binary_0/U0/i_synth/i_baseblox.i_baseblox_counter/the_addsub/no_pipelining.the_addsub/i_lut6.i_lut6_addsub/i_simple_model.carrymux0_CARRY4/CO[3]
                         net (fo=1, routed)           0.000     4.649    design_1_i/c_counter_binary_0/U0/i_synth/i_baseblox.i_baseblox_counter/the_addsub/no_pipelining.the_addsub/i_lut6.i_lut6_addsub/carry_simple_3
    SLICE_X43Y70         CARRY4 (Prop_carry4_CI_CO[3])
                                                      0.114     4.763 r  design_1_i/c_counter_binary_0/U0/i_synth/i_baseblox.i_baseblox_counter/the_addsub/no_pipelining.the_addsub/i_lut6.i_lut6_addsub/i_simple_model.i_gt_1.carrychaingen[4].carrymux_CARRY4/CO[3]
                         net (fo=1, routed)           0.000     4.763    design_1_i/c_counter_binary_0/U0/i_synth/i_baseblox.i_baseblox_counter/the_addsub/no_pipelining.the_addsub/i_lut6.i_lut6_addsub/carry_simple_7
    SLICE_X43Y71         CARRY4 (Prop_carry4_CI_CO[3])
                                                      0.114     4.877 r  design_1_i/c_counter_binary_0/U0/i_synth/i_baseblox.i_baseblox_counter/the_addsub/no_pipelining.the_addsub/i_lut6.i_lut6_addsub/i_simple_model.i_gt_1.carrychaingen[8].carrymux_CARRY4/CO[3]
                         net (fo=1, routed)           0.000     4.877    design_1_i/c_counter_binary_0/U0/i_synth/i_baseblox.i_baseblox_counter/the_addsub/no_pipelining.the_addsub/i_lut6.i_lut6_addsub/carry_simple_11
    SLICE_X43Y72         CARRY4 (Prop_carry4_CI_CO[3])
                                                      0.114     4.991 r  design_1_i/c_counter_binary_0/U0/i_synth/i_baseblox.i_baseblox_counter/the_addsub/no_pipelining.the_addsub/i_lut6.i_lut6_addsub/i_simple_model.i_gt_1.carrychaingen[12].carrymux_CARRY4/CO[3]
                         net (fo=1, routed)           0.000     4.991    design_1_i/c_counter_binary_0/U0/i_synth/i_baseblox.i_baseblox_counter/the_addsub/no_pipelining.the_addsub/i_lut6.i_lut6_addsub/carry_simple_15
    SLICE_X43Y73         CARRY4 (Prop_carry4_CI_CO[3])
                                                      0.114     5.105 r  design_1_i/c_counter_binary_0/U0/i_synth/i_baseblox.i_baseblox_counter/the_addsub/no_pipelining.the_addsub/i_lut6.i_lut6_addsub/i_simple_model.i_gt_1.carrychaingen[16].carrymux_CARRY4/CO[3]
                         net (fo=1, routed)           0.000     5.105    design_1_i/c_counter_binary_0/U0/i_synth/i_baseblox.i_baseblox_counter/the_addsub/no_pipelining.the_addsub/i_lut6.i_lut6_addsub/carry_simple_19
    SLICE_X43Y74         CARRY4 (Prop_carry4_CI_O[1])
                                                      0.334     5.439 r  design_1_i/c_counter_binary_0/U0/i_synth/i_baseblox.i_baseblox_counter/the_addsub/no_pipelining.the_addsub/i_lut6.i_lut6_addsub/i_simple_model.i_gt_1.carrychaingen[20].carrymux_CARRY4/O[1]
                         net (fo=1, routed)           0.000     5.439    design_1_i/c_counter_binary_0/U0/i_synth/i_baseblox.i_baseblox_counter/the_addsub/no_pipelining.the_addsub/i_lut6.i_lut6_addsub/i_q.i_simple.qreg/s[21]
    SLICE_X43Y74         FDRE                                         r  design_1_i/c_counter_binary_0/U0/i_synth/i_baseblox.i_baseblox_counter/the_addsub/no_pipelining.the_addsub/i_lut6.i_lut6_addsub/i_q.i_simple.qreg/i_no_async_controls.output_reg[22]/D
  -------------------------------------------------------------------    -------------------

                         (clock clk_fpga_0 rise edge)
                                                     20.000    20.000 r  
    PS7_X0Y0             PS7                          0.000    20.000 r  design_1_i/processing_system7_0/inst/PS7_i/FCLKCLK[0]
                         net (fo=1, routed)           1.101    21.101    design_1_i/processing_system7_0/inst/FCLK_CLK_unbuffered[0]
    BUFGCTRL_X0Y0        BUFG (Prop_bufg_I_O)         0.091    21.192 r  design_1_i/processing_system7_0/inst/buffer_fclk_clk_0.FCLK_CLK_0_BUFG/O
                         net (fo=29, routed)          1.549    22.741    design_1_i/c_counter_binary_0/U0/i_synth/i_baseblox.i_baseblox_counter/the_addsub/no_pipelining.the_addsub/i_lut6.i_lut6_addsub/i_q.i_simple.qreg/CLK
    SLICE_X43Y74         FDRE                                         r  design_1_i/c_counter_binary_0/U0/i_synth/i_baseblox.i_baseblox_counter/the_addsub/no_pipelining.the_addsub/i_lut6.i_lut6_addsub/i_q.i_simple.qreg/i_no_async_controls.output_reg[22]/C
                         clock pessimism              0.268    23.009    
                         clock uncertainty           -0.302    22.707    
    SLICE_X43Y74         FDRE (Setup_fdre_C_D)        0.062    22.769    design_1_i/c_counter_binary_0/U0/i_synth/i_baseblox.i_baseblox_counter/the_addsub/no_pipelining.the_addsub/i_lut6.i_lut6_addsub/i_q.i_simple.qreg/i_no_async_controls.output_reg[22]
  -------------------------------------------------------------------
                         required time                         22.769    
                         arrival time                          -5.439    
  -------------------------------------------------------------------
                         slack                                 17.329    

Slack (MET) :             17.350ns  (required time - arrival time)
  Source:                 design_1_i/c_counter_binary_0/U0/i_synth/i_baseblox.i_baseblox_counter/the_addsub/no_pipelining.the_addsub/i_lut6.i_lut6_addsub/i_q.i_simple.qreg/i_no_async_controls.output_reg[2]/C
                            (rising edge-triggered cell FDRE clocked by clk_fpga_0  {rise@0.000ns fall@10.000ns period=20.000ns})
  Destination:            design_1_i/c_counter_binary_0/U0/i_synth/i_baseblox.i_baseblox_counter/the_addsub/no_pipelining.the_addsub/i_lut6.i_lut6_addsub/i_q.i_simple.qreg/i_no_async_controls.output_reg[24]/D
                            (rising edge-triggered cell FDRE clocked by clk_fpga_0  {rise@0.000ns fall@10.000ns period=20.000ns})
  Path Group:             clk_fpga_0
  Path Type:              Setup (Max at Slow Process Corner)
  Requirement:            20.000ns  (clk_fpga_0 rise@20.000ns - clk_fpga_0 rise@0.000ns)
  Data Path Delay:        2.379ns  (logic 1.899ns (79.807%)  route 0.480ns (20.193%))
  Logic Levels:           6  (CARRY4=6)
  Clock Path Skew:        -0.030ns (DCD - SCD + CPR)
    Destination Clock Delay (DCD):    2.741ns = ( 22.741 - 20.000 ) 
    Source Clock Delay      (SCD):    3.039ns
    Clock Pessimism Removal (CPR):    0.268ns
  Clock Uncertainty:      0.302ns  ((TSJ^2 + TIJ^2)^1/2 + DJ) / 2 + PE
    Total System Jitter     (TSJ):    0.071ns
    Total Input Jitter      (TIJ):    0.600ns
    Discrete Jitter          (DJ):    0.000ns
    Phase Error              (PE):    0.000ns

    Location             Delay type                Incr(ns)  Path(ns)    Netlist Resource(s)
  -------------------------------------------------------------------    -------------------
                         (clock clk_fpga_0 rise edge)
                                                      0.000     0.000 r  
    PS7_X0Y0             PS7                          0.000     0.000 r  design_1_i/processing_system7_0/inst/PS7_i/FCLKCLK[0]
                         net (fo=1, routed)           1.207     1.207    design_1_i/processing_system7_0/inst/FCLK_CLK_unbuffered[0]
    BUFGCTRL_X0Y0        BUFG (Prop_bufg_I_O)         0.101     1.308 r  design_1_i/processing_system7_0/inst/buffer_fclk_clk_0.FCLK_CLK_0_BUFG/O
                         net (fo=29, routed)          1.731     3.039    design_1_i/c_counter_binary_0/U0/i_synth/i_baseblox.i_baseblox_counter/the_addsub/no_pipelining.the_addsub/i_lut6.i_lut6_addsub/i_q.i_simple.qreg/CLK
    SLICE_X43Y69         FDRE                                         r  design_1_i/c_counter_binary_0/U0/i_synth/i_baseblox.i_baseblox_counter/the_addsub/no_pipelining.the_addsub/i_lut6.i_lut6_addsub/i_q.i_simple.qreg/i_no_async_controls.output_reg[2]/C
  -------------------------------------------------------------------    -------------------
    SLICE_X43Y69         FDRE (Prop_fdre_C_Q)         0.456     3.495 r  design_1_i/c_counter_binary_0/U0/i_synth/i_baseblox.i_baseblox_counter/the_addsub/no_pipelining.the_addsub/i_lut6.i_lut6_addsub/i_q.i_simple.qreg/i_no_async_controls.output_reg[2]/Q
                         net (fo=1, routed)           0.480     3.975    design_1_i/c_counter_binary_0/U0/i_synth/i_baseblox.i_baseblox_counter/the_addsub/no_pipelining.the_addsub/i_lut6.i_lut6_addsub/Q[1]
    SLICE_X43Y69         CARRY4 (Prop_carry4_S[1]_CO[3])
                                                      0.674     4.649 r  design_1_i/c_counter_binary_0/U0/i_synth/i_baseblox.i_baseblox_counter/the_addsub/no_pipelining.the_addsub/i_lut6.i_lut6_addsub/i_simple_model.carrymux0_CARRY4/CO[3]
                         net (fo=1, routed)           0.000     4.649    design_1_i/c_counter_binary_0/U0/i_synth/i_baseblox.i_baseblox_counter/the_addsub/no_pipelining.the_addsub/i_lut6.i_lut6_addsub/carry_simple_3
    SLICE_X43Y70         CARRY4 (Prop_carry4_CI_CO[3])
                                                      0.114     4.763 r  design_1_i/c_counter_binary_0/U0/i_synth/i_baseblox.i_baseblox_counter/the_addsub/no_pipelining.the_addsub/i_lut6.i_lut6_addsub/i_simple_model.i_gt_1.carrychaingen[4].carrymux_CARRY4/CO[3]
                         net (fo=1, routed)           0.000     4.763    design_1_i/c_counter_binary_0/U0/i_synth/i_baseblox.i_baseblox_counter/the_addsub/no_pipelining.the_addsub/i_lut6.i_lut6_addsub/carry_simple_7
    SLICE_X43Y71         CARRY4 (Prop_carry4_CI_CO[3])
                                                      0.114     4.877 r  design_1_i/c_counter_binary_0/U0/i_synth/i_baseblox.i_baseblox_counter/the_addsub/no_pipelining.the_addsub/i_lut6.i_lut6_addsub/i_simple_model.i_gt_1.carrychaingen[8].carrymux_CARRY4/CO[3]
                         net (fo=1, routed)           0.000     4.877    design_1_i/c_counter_binary_0/U0/i_synth/i_baseblox.i_baseblox_counter/the_addsub/no_pipelining.the_addsub/i_lut6.i_lut6_addsub/carry_simple_11
    SLICE_X43Y72         CARRY4 (Prop_carry4_CI_CO[3])
                                                      0.114     4.991 r  design_1_i/c_counter_binary_0/U0/i_synth/i_baseblox.i_baseblox_counter/the_addsub/no_pipelining.the_addsub/i_lut6.i_lut6_addsub/i_simple_model.i_gt_1.carrychaingen[12].carrymux_CARRY4/CO[3]
                         net (fo=1, routed)           0.000     4.991    design_1_i/c_counter_binary_0/U0/i_synth/i_baseblox.i_baseblox_counter/the_addsub/no_pipelining.the_addsub/i_lut6.i_lut6_addsub/carry_simple_15
    SLICE_X43Y73         CARRY4 (Prop_carry4_CI_CO[3])
                                                      0.114     5.105 r  design_1_i/c_counter_binary_0/U0/i_synth/i_baseblox.i_baseblox_counter/the_addsub/no_pipelining.the_addsub/i_lut6.i_lut6_addsub/i_simple_model.i_gt_1.carrychaingen[16].carrymux_CARRY4/CO[3]
                         net (fo=1, routed)           0.000     5.105    design_1_i/c_counter_binary_0/U0/i_synth/i_baseblox.i_baseblox_counter/the_addsub/no_pipelining.the_addsub/i_lut6.i_lut6_addsub/carry_simple_19
    SLICE_X43Y74         CARRY4 (Prop_carry4_CI_O[3])
                                                      0.313     5.418 r  design_1_i/c_counter_binary_0/U0/i_synth/i_baseblox.i_baseblox_counter/the_addsub/no_pipelining.the_addsub/i_lut6.i_lut6_addsub/i_simple_model.i_gt_1.carrychaingen[20].carrymux_CARRY4/O[3]
                         net (fo=1, routed)           0.000     5.418    design_1_i/c_counter_binary_0/U0/i_synth/i_baseblox.i_baseblox_counter/the_addsub/no_pipelining.the_addsub/i_lut6.i_lut6_addsub/i_q.i_simple.qreg/s[23]
    SLICE_X43Y74         FDRE                                         r  design_1_i/c_counter_binary_0/U0/i_synth/i_baseblox.i_baseblox_counter/the_addsub/no_pipelining.the_addsub/i_lut6.i_lut6_addsub/i_q.i_simple.qreg/i_no_async_controls.output_reg[24]/D
  -------------------------------------------------------------------    -------------------

                         (clock clk_fpga_0 rise edge)
                                                     20.000    20.000 r  
    PS7_X0Y0             PS7                          0.000    20.000 r  design_1_i/processing_system7_0/inst/PS7_i/FCLKCLK[0]
                         net (fo=1, routed)           1.101    21.101    design_1_i/processing_system7_0/inst/FCLK_CLK_unbuffered[0]
    BUFGCTRL_X0Y0        BUFG (Prop_bufg_I_O)         0.091    21.192 r  design_1_i/processing_system7_0/inst/buffer_fclk_clk_0.FCLK_CLK_0_BUFG/O
                         net (fo=29, routed)          1.549    22.741    design_1_i/c_counter_binary_0/U0/i_synth/i_baseblox.i_baseblox_counter/the_addsub/no_pipelining.the_addsub/i_lut6.i_lut6_addsub/i_q.i_simple.qreg/CLK
    SLICE_X43Y74         FDRE                                         r  design_1_i/c_counter_binary_0/U0/i_synth/i_baseblox.i_baseblox_counter/the_addsub/no_pipelining.the_addsub/i_lut6.i_lut6_addsub/i_q.i_simple.qreg/i_no_async_controls.output_reg[24]/C
                         clock pessimism              0.268    23.009    
                         clock uncertainty           -0.302    22.707    
    SLICE_X43Y74         FDRE (Setup_fdre_C_D)        0.062    22.769    design_1_i/c_counter_binary_0/U0/i_synth/i_baseblox.i_baseblox_counter/the_addsub/no_pipelining.the_addsub/i_lut6.i_lut6_addsub/i_q.i_simple.qreg/i_no_async_controls.output_reg[24]
  -------------------------------------------------------------------
                         required time                         22.769    
                         arrival time                          -5.418    
  -------------------------------------------------------------------
                         slack                                 17.350    

Slack (MET) :             17.424ns  (required time - arrival time)
  Source:                 design_1_i/c_counter_binary_0/U0/i_synth/i_baseblox.i_baseblox_counter/the_addsub/no_pipelining.the_addsub/i_lut6.i_lut6_addsub/i_q.i_simple.qreg/i_no_async_controls.output_reg[2]/C
                            (rising edge-triggered cell FDRE clocked by clk_fpga_0  {rise@0.000ns fall@10.000ns period=20.000ns})
  Destination:            design_1_i/c_counter_binary_0/U0/i_synth/i_baseblox.i_baseblox_counter/the_addsub/no_pipelining.the_addsub/i_lut6.i_lut6_addsub/i_q.i_simple.qreg/i_no_async_controls.output_reg[23]/D
                            (rising edge-triggered cell FDRE clocked by clk_fpga_0  {rise@0.000ns fall@10.000ns period=20.000ns})
  Path Group:             clk_fpga_0
  Path Type:              Setup (Max at Slow Process Corner)
  Requirement:            20.000ns  (clk_fpga_0 rise@20.000ns - clk_fpga_0 rise@0.000ns)
  Data Path Delay:        2.305ns  (logic 1.825ns (79.159%)  route 0.480ns (20.841%))
  Logic Levels:           6  (CARRY4=6)
  Clock Path Skew:        -0.030ns (DCD - SCD + CPR)
    Destination Clock Delay (DCD):    2.741ns = ( 22.741 - 20.000 ) 
    Source Clock Delay      (SCD):    3.039ns
    Clock Pessimism Removal (CPR):    0.268ns
  Clock Uncertainty:      0.302ns  ((TSJ^2 + TIJ^2)^1/2 + DJ) / 2 + PE
    Total System Jitter     (TSJ):    0.071ns
    Total Input Jitter      (TIJ):    0.600ns
    Discrete Jitter          (DJ):    0.000ns
    Phase Error              (PE):    0.000ns

    Location             Delay type                Incr(ns)  Path(ns)    Netlist Resource(s)
  -------------------------------------------------------------------    -------------------
                         (clock clk_fpga_0 rise edge)
                                                      0.000     0.000 r  
    PS7_X0Y0             PS7                          0.000     0.000 r  design_1_i/processing_system7_0/inst/PS7_i/FCLKCLK[0]
                         net (fo=1, routed)           1.207     1.207    design_1_i/processing_system7_0/inst/FCLK_CLK_unbuffered[0]
    BUFGCTRL_X0Y0        BUFG (Prop_bufg_I_O)         0.101     1.308 r  design_1_i/processing_system7_0/inst/buffer_fclk_clk_0.FCLK_CLK_0_BUFG/O
                         net (fo=29, routed)          1.731     3.039    design_1_i/c_counter_binary_0/U0/i_synth/i_baseblox.i_baseblox_counter/the_addsub/no_pipelining.the_addsub/i_lut6.i_lut6_addsub/i_q.i_simple.qreg/CLK
    SLICE_X43Y69         FDRE                                         r  design_1_i/c_counter_binary_0/U0/i_synth/i_baseblox.i_baseblox_counter/the_addsub/no_pipelining.the_addsub/i_lut6.i_lut6_addsub/i_q.i_simple.qreg/i_no_async_controls.output_reg[2]/C
  -------------------------------------------------------------------    -------------------
    SLICE_X43Y69         FDRE (Prop_fdre_C_Q)         0.456     3.495 r  design_1_i/c_counter_binary_0/U0/i_synth/i_baseblox.i_baseblox_counter/the_addsub/no_pipelining.the_addsub/i_lut6.i_lut6_addsub/i_q.i_simple.qreg/i_no_async_controls.output_reg[2]/Q
                         net (fo=1, routed)           0.480     3.975    design_1_i/c_counter_binary_0/U0/i_synth/i_baseblox.i_baseblox_counter/the_addsub/no_pipelining.the_addsub/i_lut6.i_lut6_addsub/Q[1]
    SLICE_X43Y69         CARRY4 (Prop_carry4_S[1]_CO[3])
                                                      0.674     4.649 r  design_1_i/c_counter_binary_0/U0/i_synth/i_baseblox.i_baseblox_counter/the_addsub/no_pipelining.the_addsub/i_lut6.i_lut6_addsub/i_simple_model.carrymux0_CARRY4/CO[3]
                         net (fo=1, routed)           0.000     4.649    design_1_i/c_counter_binary_0/U0/i_synth/i_baseblox.i_baseblox_counter/the_addsub/no_pipelining.the_addsub/i_lut6.i_lut6_addsub/carry_simple_3
    SLICE_X43Y70         CARRY4 (Prop_carry4_CI_CO[3])
                                                      0.114     4.763 r  design_1_i/c_counter_binary_0/U0/i_synth/i_baseblox.i_baseblox_counter/the_addsub/no_pipelining.the_addsub/i_lut6.i_lut6_addsub/i_simple_model.i_gt_1.carrychaingen[4].carrymux_CARRY4/CO[3]
                         net (fo=1, routed)           0.000     4.763    design_1_i/c_counter_binary_0/U0/i_synth/i_baseblox.i_baseblox_counter/the_addsub/no_pipelining.the_addsub/i_lut6.i_lut6_addsub/carry_simple_7
    SLICE_X43Y71         CARRY4 (Prop_carry4_CI_CO[3])
                                                      0.114     4.877 r  design_1_i/c_counter_binary_0/U0/i_synth/i_baseblox.i_baseblox_counter/the_addsub/no_pipelining.the_addsub/i_lut6.i_lut6_addsub/i_simple_model.i_gt_1.carrychaingen[8].carrymux_CARRY4/CO[3]
                         net (fo=1, routed)           0.000     4.877    design_1_i/c_counter_binary_0/U0/i_synth/i_baseblox.i_baseblox_counter/the_addsub/no_pipelining.the_addsub/i_lut6.i_lut6_addsub/carry_simple_11
    SLICE_X43Y72         CARRY4 (Prop_carry4_CI_CO[3])
                                                      0.114     4.991 r  design_1_i/c_counter_binary_0/U0/i_synth/i_baseblox.i_baseblox_counter/the_addsub/no_pipelining.the_addsub/i_lut6.i_lut6_addsub/i_simple_model.i_gt_1.carrychaingen[12].carrymux_CARRY4/CO[3]
                         net (fo=1, routed)           0.000     4.991    design_1_i/c_counter_binary_0/U0/i_synth/i_baseblox.i_baseblox_counter/the_addsub/no_pipelining.the_addsub/i_lut6.i_lut6_addsub/carry_simple_15
    SLICE_X43Y73         CARRY4 (Prop_carry4_CI_CO[3])
                                                      0.114     5.105 r  design_1_i/c_counter_binary_0/U0/i_synth/i_baseblox.i_baseblox_counter/the_addsub/no_pipelining.the_addsub/i_lut6.i_lut6_addsub/i_simple_model.i_gt_1.carrychaingen[16].carrymux_CARRY4/CO[3]
                         net (fo=1, routed)           0.000     5.105    design_1_i/c_counter_binary_0/U0/i_synth/i_baseblox.i_baseblox_counter/the_addsub/no_pipelining.the_addsub/i_lut6.i_lut6_addsub/carry_simple_19
    SLICE_X43Y74         CARRY4 (Prop_carry4_CI_O[2])
                                                      0.239     5.344 r  design_1_i/c_counter_binary_0/U0/i_synth/i_baseblox.i_baseblox_counter/the_addsub/no_pipelining.the_addsub/i_lut6.i_lut6_addsub/i_simple_model.i_gt_1.carrychaingen[20].carrymux_CARRY4/O[2]
                         net (fo=1, routed)           0.000     5.344    design_1_i/c_counter_binary_0/U0/i_synth/i_baseblox.i_baseblox_counter/the_addsub/no_pipelining.the_addsub/i_lut6.i_lut6_addsub/i_q.i_simple.qreg/s[22]
    SLICE_X43Y74         FDRE                                         r  design_1_i/c_counter_binary_0/U0/i_synth/i_baseblox.i_baseblox_counter/the_addsub/no_pipelining.the_addsub/i_lut6.i_lut6_addsub/i_q.i_simple.qreg/i_no_async_controls.output_reg[23]/D
  -------------------------------------------------------------------    -------------------

                         (clock clk_fpga_0 rise edge)
                                                     20.000    20.000 r  
    PS7_X0Y0             PS7                          0.000    20.000 r  design_1_i/processing_system7_0/inst/PS7_i/FCLKCLK[0]
                         net (fo=1, routed)           1.101    21.101    design_1_i/processing_system7_0/inst/FCLK_CLK_unbuffered[0]
    BUFGCTRL_X0Y0        BUFG (Prop_bufg_I_O)         0.091    21.192 r  design_1_i/processing_system7_0/inst/buffer_fclk_clk_0.FCLK_CLK_0_BUFG/O
                         net (fo=29, routed)          1.549    22.741    design_1_i/c_counter_binary_0/U0/i_synth/i_baseblox.i_baseblox_counter/the_addsub/no_pipelining.the_addsub/i_lut6.i_lut6_addsub/i_q.i_simple.qreg/CLK
    SLICE_X43Y74         FDRE                                         r  design_1_i/c_counter_binary_0/U0/i_synth/i_baseblox.i_baseblox_counter/the_addsub/no_pipelining.the_addsub/i_lut6.i_lut6_addsub/i_q.i_simple.qreg/i_no_async_controls.output_reg[23]/C
                         clock pessimism              0.268    23.009    
                         clock uncertainty           -0.302    22.707    
    SLICE_X43Y74         FDRE (Setup_fdre_C_D)        0.062    22.769    design_1_i/c_counter_binary_0/U0/i_synth/i_baseblox.i_baseblox_counter/the_addsub/no_pipelining.the_addsub/i_lut6.i_lut6_addsub/i_q.i_simple.qreg/i_no_async_controls.output_reg[23]
  -------------------------------------------------------------------
                         required time                         22.769    
                         arrival time                          -5.344    
  -------------------------------------------------------------------
                         slack                                 17.424    

Slack (MET) :             17.440ns  (required time - arrival time)
  Source:                 design_1_i/c_counter_binary_0/U0/i_synth/i_baseblox.i_baseblox_counter/the_addsub/no_pipelining.the_addsub/i_lut6.i_lut6_addsub/i_q.i_simple.qreg/i_no_async_controls.output_reg[2]/C
                            (rising edge-triggered cell FDRE clocked by clk_fpga_0  {rise@0.000ns fall@10.000ns period=20.000ns})
  Destination:            design_1_i/c_counter_binary_0/U0/i_synth/i_baseblox.i_baseblox_counter/the_addsub/no_pipelining.the_addsub/i_lut6.i_lut6_addsub/i_q.i_simple.qreg/i_no_async_controls.output_reg[21]/D
                            (rising edge-triggered cell FDRE clocked by clk_fpga_0  {rise@0.000ns fall@10.000ns period=20.000ns})
  Path Group:             clk_fpga_0
  Path Type:              Setup (Max at Slow Process Corner)
  Requirement:            20.000ns  (clk_fpga_0 rise@20.000ns - clk_fpga_0 rise@0.000ns)
  Data Path Delay:        2.289ns  (logic 1.809ns (79.013%)  route 0.480ns (20.987%))
  Logic Levels:           6  (CARRY4=6)
  Clock Path Skew:        -0.030ns (DCD - SCD + CPR)
    Destination Clock Delay (DCD):    2.741ns = ( 22.741 - 20.000 ) 
    Source Clock Delay      (SCD):    3.039ns
    Clock Pessimism Removal (CPR):    0.268ns
  Clock Uncertainty:      0.302ns  ((TSJ^2 + TIJ^2)^1/2 + DJ) / 2 + PE
    Total System Jitter     (TSJ):    0.071ns
    Total Input Jitter      (TIJ):    0.600ns
    Discrete Jitter          (DJ):    0.000ns
    Phase Error              (PE):    0.000ns

    Location             Delay type                Incr(ns)  Path(ns)    Netlist Resource(s)
  -------------------------------------------------------------------    -------------------
                         (clock clk_fpga_0 rise edge)
                                                      0.000     0.000 r  
    PS7_X0Y0             PS7                          0.000     0.000 r  design_1_i/processing_system7_0/inst/PS7_i/FCLKCLK[0]
                         net (fo=1, routed)           1.207     1.207    design_1_i/processing_system7_0/inst/FCLK_CLK_unbuffered[0]
    BUFGCTRL_X0Y0        BUFG (Prop_bufg_I_O)         0.101     1.308 r  design_1_i/processing_system7_0/inst/buffer_fclk_clk_0.FCLK_CLK_0_BUFG/O
                         net (fo=29, routed)          1.731     3.039    design_1_i/c_counter_binary_0/U0/i_synth/i_baseblox.i_baseblox_counter/the_addsub/no_pipelining.the_addsub/i_lut6.i_lut6_addsub/i_q.i_simple.qreg/CLK
    SLICE_X43Y69         FDRE                                         r  design_1_i/c_counter_binary_0/U0/i_synth/i_baseblox.i_baseblox_counter/the_addsub/no_pipelining.the_addsub/i_lut6.i_lut6_addsub/i_q.i_simple.qreg/i_no_async_controls.output_reg[2]/C
  -------------------------------------------------------------------    -------------------
    SLICE_X43Y69         FDRE (Prop_fdre_C_Q)         0.456     3.495 r  design_1_i/c_counter_binary_0/U0/i_synth/i_baseblox.i_baseblox_counter/the_addsub/no_pipelining.the_addsub/i_lut6.i_lut6_addsub/i_q.i_simple.qreg/i_no_async_controls.output_reg[2]/Q
                         net (fo=1, routed)           0.480     3.975    design_1_i/c_counter_binary_0/U0/i_synth/i_baseblox.i_baseblox_counter/the_addsub/no_pipelining.the_addsub/i_lut6.i_lut6_addsub/Q[1]
    SLICE_X43Y69         CARRY4 (Prop_carry4_S[1]_CO[3])
                                                      0.674     4.649 r  design_1_i/c_counter_binary_0/U0/i_synth/i_baseblox.i_baseblox_counter/the_addsub/no_pipelining.the_addsub/i_lut6.i_lut6_addsub/i_simple_model.carrymux0_CARRY4/CO[3]
                         net (fo=1, routed)           0.000     4.649    design_1_i/c_counter_binary_0/U0/i_synth/i_baseblox.i_baseblox_counter/the_addsub/no_pipelining.the_addsub/i_lut6.i_lut6_addsub/carry_simple_3
    SLICE_X43Y70         CARRY4 (Prop_carry4_CI_CO[3])
                                                      0.114     4.763 r  design_1_i/c_counter_binary_0/U0/i_synth/i_baseblox.i_baseblox_counter/the_addsub/no_pipelining.the_addsub/i_lut6.i_lut6_addsub/i_simple_model.i_gt_1.carrychaingen[4].carrymux_CARRY4/CO[3]
                         net (fo=1, routed)           0.000     4.763    design_1_i/c_counter_binary_0/U0/i_synth/i_baseblox.i_baseblox_counter/the_addsub/no_pipelining.the_addsub/i_lut6.i_lut6_addsub/carry_simple_7
    SLICE_X43Y71         CARRY4 (Prop_carry4_CI_CO[3])
                                                      0.114     4.877 r  design_1_i/c_counter_binary_0/U0/i_synth/i_baseblox.i_baseblox_counter/the_addsub/no_pipelining.the_addsub/i_lut6.i_lut6_addsub/i_simple_model.i_gt_1.carrychaingen[8].carrymux_CARRY4/CO[3]
                         net (fo=1, routed)           0.000     4.877    design_1_i/c_counter_binary_0/U0/i_synth/i_baseblox.i_baseblox_counter/the_addsub/no_pipelining.the_addsub/i_lut6.i_lut6_addsub/carry_simple_11
    SLICE_X43Y72         CARRY4 (Prop_carry4_CI_CO[3])
                                                      0.114     4.991 r  design_1_i/c_counter_binary_0/U0/i_synth/i_baseblox.i_baseblox_counter/the_addsub/no_pipelining.the_addsub/i_lut6.i_lut6_addsub/i_simple_model.i_gt_1.carrychaingen[12].carrymux_CARRY4/CO[3]
                         net (fo=1, routed)           0.000     4.991    design_1_i/c_counter_binary_0/U0/i_synth/i_baseblox.i_baseblox_counter/the_addsub/no_pipelining.the_addsub/i_lut6.i_lut6_addsub/carry_simple_15
    SLICE_X43Y73         CARRY4 (Prop_carry4_CI_CO[3])
                                                      0.114     5.105 r  design_1_i/c_counter_binary_0/U0/i_synth/i_baseblox.i_baseblox_counter/the_addsub/no_pipelining.the_addsub/i_lut6.i_lut6_addsub/i_simple_model.i_gt_1.carrychaingen[16].carrymux_CARRY4/CO[3]
                         net (fo=1, routed)           0.000     5.105    design_1_i/c_counter_binary_0/U0/i_synth/i_baseblox.i_baseblox_counter/the_addsub/no_pipelining.the_addsub/i_lut6.i_lut6_addsub/carry_simple_19
    SLICE_X43Y74         CARRY4 (Prop_carry4_CI_O[0])
                                                      0.223     5.328 r  design_1_i/c_counter_binary_0/U0/i_synth/i_baseblox.i_baseblox_counter/the_addsub/no_pipelining.the_addsub/i_lut6.i_lut6_addsub/i_simple_model.i_gt_1.carrychaingen[20].carrymux_CARRY4/O[0]
                         net (fo=1, routed)           0.000     5.328    design_1_i/c_counter_binary_0/U0/i_synth/i_baseblox.i_baseblox_counter/the_addsub/no_pipelining.the_addsub/i_lut6.i_lut6_addsub/i_q.i_simple.qreg/s[20]
    SLICE_X43Y74         FDRE                                         r  design_1_i/c_counter_binary_0/U0/i_synth/i_baseblox.i_baseblox_counter/the_addsub/no_pipelining.the_addsub/i_lut6.i_lut6_addsub/i_q.i_simple.qreg/i_no_async_controls.output_reg[21]/D
  -------------------------------------------------------------------    -------------------

                         (clock clk_fpga_0 rise edge)
                                                     20.000    20.000 r  
    PS7_X0Y0             PS7                          0.000    20.000 r  design_1_i/processing_system7_0/inst/PS7_i/FCLKCLK[0]
                         net (fo=1, routed)           1.101    21.101    design_1_i/processing_system7_0/inst/FCLK_CLK_unbuffered[0]
    BUFGCTRL_X0Y0        BUFG (Prop_bufg_I_O)         0.091    21.192 r  design_1_i/processing_system7_0/inst/buffer_fclk_clk_0.FCLK_CLK_0_BUFG/O
                         net (fo=29, routed)          1.549    22.741    design_1_i/c_counter_binary_0/U0/i_synth/i_baseblox.i_baseblox_counter/the_addsub/no_pipelining.the_addsub/i_lut6.i_lut6_addsub/i_q.i_simple.qreg/CLK
    SLICE_X43Y74         FDRE                                         r  design_1_i/c_counter_binary_0/U0/i_synth/i_baseblox.i_baseblox_counter/the_addsub/no_pipelining.the_addsub/i_lut6.i_lut6_addsub/i_q.i_simple.qreg/i_no_async_controls.output_reg[21]/C
                         clock pessimism              0.268    23.009    
                         clock uncertainty           -0.302    22.707    
    SLICE_X43Y74         FDRE (Setup_fdre_C_D)        0.062    22.769    design_1_i/c_counter_binary_0/U0/i_synth/i_baseblox.i_baseblox_counter/the_addsub/no_pipelining.the_addsub/i_lut6.i_lut6_addsub/i_q.i_simple.qreg/i_no_async_controls.output_reg[21]
  -------------------------------------------------------------------
                         required time                         22.769    
                         arrival time                          -5.328    
  -------------------------------------------------------------------
                         slack                                 17.440    

Slack (MET) :             17.445ns  (required time - arrival time)
  Source:                 design_1_i/c_counter_binary_0/U0/i_synth/i_baseblox.i_baseblox_counter/the_addsub/no_pipelining.the_addsub/i_lut6.i_lut6_addsub/i_q.i_simple.qreg/i_no_async_controls.output_reg[2]/C
                            (rising edge-triggered cell FDRE clocked by clk_fpga_0  {rise@0.000ns fall@10.000ns period=20.000ns})
  Destination:            design_1_i/c_counter_binary_0/U0/i_synth/i_baseblox.i_baseblox_counter/the_addsub/no_pipelining.the_addsub/i_lut6.i_lut6_addsub/i_q.i_simple.qreg/i_no_async_controls.output_reg[18]/D
                            (rising edge-triggered cell FDRE clocked by clk_fpga_0  {rise@0.000ns fall@10.000ns period=20.000ns})
  Path Group:             clk_fpga_0
  Path Type:              Setup (Max at Slow Process Corner)
  Requirement:            20.000ns  (clk_fpga_0 rise@20.000ns - clk_fpga_0 rise@0.000ns)
  Data Path Delay:        2.286ns  (logic 1.806ns (78.986%)  route 0.480ns (21.014%))
  Logic Levels:           5  (CARRY4=5)
  Clock Path Skew:        -0.028ns (DCD - SCD + CPR)
    Destination Clock Delay (DCD):    2.743ns = ( 22.743 - 20.000 ) 
    Source Clock Delay      (SCD):    3.039ns
    Clock Pessimism Removal (CPR):    0.268ns
  Clock Uncertainty:      0.302ns  ((TSJ^2 + TIJ^2)^1/2 + DJ) / 2 + PE
    Total System Jitter     (TSJ):    0.071ns
    Total Input Jitter      (TIJ):    0.600ns
    Discrete Jitter          (DJ):    0.000ns
    Phase Error              (PE):    0.000ns

    Location             Delay type                Incr(ns)  Path(ns)    Netlist Resource(s)
  -------------------------------------------------------------------    -------------------
                         (clock clk_fpga_0 rise edge)
                                                      0.000     0.000 r  
    PS7_X0Y0             PS7                          0.000     0.000 r  design_1_i/processing_system7_0/inst/PS7_i/FCLKCLK[0]
                         net (fo=1, routed)           1.207     1.207    design_1_i/processing_system7_0/inst/FCLK_CLK_unbuffered[0]
    BUFGCTRL_X0Y0        BUFG (Prop_bufg_I_O)         0.101     1.308 r  design_1_i/processing_system7_0/inst/buffer_fclk_clk_0.FCLK_CLK_0_BUFG/O
                         net (fo=29, routed)          1.731     3.039    design_1_i/c_counter_binary_0/U0/i_synth/i_baseblox.i_baseblox_counter/the_addsub/no_pipelining.the_addsub/i_lut6.i_lut6_addsub/i_q.i_simple.qreg/CLK
    SLICE_X43Y69         FDRE                                         r  design_1_i/c_counter_binary_0/U0/i_synth/i_baseblox.i_baseblox_counter/the_addsub/no_pipelining.the_addsub/i_lut6.i_lut6_addsub/i_q.i_simple.qreg/i_no_async_controls.output_reg[2]/C
  -------------------------------------------------------------------    -------------------
    SLICE_X43Y69         FDRE (Prop_fdre_C_Q)         0.456     3.495 r  design_1_i/c_counter_binary_0/U0/i_synth/i_baseblox.i_baseblox_counter/the_addsub/no_pipelining.the_addsub/i_lut6.i_lut6_addsub/i_q.i_simple.qreg/i_no_async_controls.output_reg[2]/Q
                         net (fo=1, routed)           0.480     3.975    design_1_i/c_counter_binary_0/U0/i_synth/i_baseblox.i_baseblox_counter/the_addsub/no_pipelining.the_addsub/i_lut6.i_lut6_addsub/Q[1]
    SLICE_X43Y69         CARRY4 (Prop_carry4_S[1]_CO[3])
                                                      0.674     4.649 r  design_1_i/c_counter_binary_0/U0/i_synth/i_baseblox.i_baseblox_counter/the_addsub/no_pipelining.the_addsub/i_lut6.i_lut6_addsub/i_simple_model.carrymux0_CARRY4/CO[3]
                         net (fo=1, routed)           0.000     4.649    design_1_i/c_counter_binary_0/U0/i_synth/i_baseblox.i_baseblox_counter/the_addsub/no_pipelining.the_addsub/i_lut6.i_lut6_addsub/carry_simple_3
    SLICE_X43Y70         CARRY4 (Prop_carry4_CI_CO[3])
                                                      0.114     4.763 r  design_1_i/c_counter_binary_0/U0/i_synth/i_baseblox.i_baseblox_counter/the_addsub/no_pipelining.the_addsub/i_lut6.i_lut6_addsub/i_simple_model.i_gt_1.carrychaingen[4].carrymux_CARRY4/CO[3]
                         net (fo=1, routed)           0.000     4.763    design_1_i/c_counter_binary_0/U0/i_synth/i_baseblox.i_baseblox_counter/the_addsub/no_pipelining.the_addsub/i_lut6.i_lut6_addsub/carry_simple_7
    SLICE_X43Y71         CARRY4 (Prop_carry4_CI_CO[3])
                                                      0.114     4.877 r  design_1_i/c_counter_binary_0/U0/i_synth/i_baseblox.i_baseblox_counter/the_addsub/no_pipelining.the_addsub/i_lut6.i_lut6_addsub/i_simple_model.i_gt_1.carrychaingen[8].carrymux_CARRY4/CO[3]
                         net (fo=1, routed)           0.000     4.877    design_1_i/c_counter_binary_0/U0/i_synth/i_baseblox.i_baseblox_counter/the_addsub/no_pipelining.the_addsub/i_lut6.i_lut6_addsub/carry_simple_11
    SLICE_X43Y72         CARRY4 (Prop_carry4_CI_CO[3])
                                                      0.114     4.991 r  design_1_i/c_counter_binary_0/U0/i_synth/i_baseblox.i_baseblox_counter/the_addsub/no_pipelining.the_addsub/i_lut6.i_lut6_addsub/i_simple_model.i_gt_1.carrychaingen[12].carrymux_CARRY4/CO[3]
                         net (fo=1, routed)           0.000     4.991    design_1_i/c_counter_binary_0/U0/i_synth/i_baseblox.i_baseblox_counter/the_addsub/no_pipelining.the_addsub/i_lut6.i_lut6_addsub/carry_simple_15
    SLICE_X43Y73         CARRY4 (Prop_carry4_CI_O[1])
                                                      0.334     5.325 r  design_1_i/c_counter_binary_0/U0/i_synth/i_baseblox.i_baseblox_counter/the_addsub/no_pipelining.the_addsub/i_lut6.i_lut6_addsub/i_simple_model.i_gt_1.carrychaingen[16].carrymux_CARRY4/O[1]
                         net (fo=1, routed)           0.000     5.325    design_1_i/c_counter_binary_0/U0/i_synth/i_baseblox.i_baseblox_counter/the_addsub/no_pipelining.the_addsub/i_lut6.i_lut6_addsub/i_q.i_simple.qreg/s[17]
    SLICE_X43Y73         FDRE                                         r  design_1_i/c_counter_binary_0/U0/i_synth/i_baseblox.i_baseblox_counter/the_addsub/no_pipelining.the_addsub/i_lut6.i_lut6_addsub/i_q.i_simple.qreg/i_no_async_controls.output_reg[18]/D
  -------------------------------------------------------------------    -------------------

                         (clock clk_fpga_0 rise edge)
                                                     20.000    20.000 r  
    PS7_X0Y0             PS7                          0.000    20.000 r  design_1_i/processing_system7_0/inst/PS7_i/FCLKCLK[0]
                         net (fo=1, routed)           1.101    21.101    design_1_i/processing_system7_0/inst/FCLK_CLK_unbuffered[0]
    BUFGCTRL_X0Y0        BUFG (Prop_bufg_I_O)         0.091    21.192 r  design_1_i/processing_system7_0/inst/buffer_fclk_clk_0.FCLK_CLK_0_BUFG/O
                         net (fo=29, routed)          1.551    22.743    design_1_i/c_counter_binary_0/U0/i_synth/i_baseblox.i_baseblox_counter/the_addsub/no_pipelining.the_addsub/i_lut6.i_lut6_addsub/i_q.i_simple.qreg/CLK
    SLICE_X43Y73         FDRE                                         r  design_1_i/c_counter_binary_0/U0/i_synth/i_baseblox.i_baseblox_counter/the_addsub/no_pipelining.the_addsub/i_lut6.i_lut6_addsub/i_q.i_simple.qreg/i_no_async_controls.output_reg[18]/C
                         clock pessimism              0.268    23.011    
                         clock uncertainty           -0.302    22.709    
    SLICE_X43Y73         FDRE (Setup_fdre_C_D)        0.062    22.771    design_1_i/c_counter_binary_0/U0/i_synth/i_baseblox.i_baseblox_counter/the_addsub/no_pipelining.the_addsub/i_lut6.i_lut6_addsub/i_q.i_simple.qreg/i_no_async_controls.output_reg[18]
  -------------------------------------------------------------------
                         required time                         22.771    
                         arrival time                          -5.325    
  -------------------------------------------------------------------
                         slack                                 17.445    

Slack (MET) :             17.466ns  (required time - arrival time)
  Source:                 design_1_i/c_counter_binary_0/U0/i_synth/i_baseblox.i_baseblox_counter/the_addsub/no_pipelining.the_addsub/i_lut6.i_lut6_addsub/i_q.i_simple.qreg/i_no_async_controls.output_reg[2]/C
                            (rising edge-triggered cell FDRE clocked by clk_fpga_0  {rise@0.000ns fall@10.000ns period=20.000ns})
  Destination:            design_1_i/c_counter_binary_0/U0/i_synth/i_baseblox.i_baseblox_counter/the_addsub/no_pipelining.the_addsub/i_lut6.i_lut6_addsub/i_q.i_simple.qreg/i_no_async_controls.output_reg[20]/D
                            (rising edge-triggered cell FDRE clocked by clk_fpga_0  {rise@0.000ns fall@10.000ns period=20.000ns})
  Path Group:             clk_fpga_0
  Path Type:              Setup (Max at Slow Process Corner)
  Requirement:            20.000ns  (clk_fpga_0 rise@20.000ns - clk_fpga_0 rise@0.000ns)
  Data Path Delay:        2.265ns  (logic 1.785ns (78.791%)  route 0.480ns (21.209%))
  Logic Levels:           5  (CARRY4=5)
  Clock Path Skew:        -0.028ns (DCD - SCD + CPR)
    Destination Clock Delay (DCD):    2.743ns = ( 22.743 - 20.000 ) 
    Source Clock Delay      (SCD):    3.039ns
    Clock Pessimism Removal (CPR):    0.268ns
  Clock Uncertainty:      0.302ns  ((TSJ^2 + TIJ^2)^1/2 + DJ) / 2 + PE
    Total System Jitter     (TSJ):    0.071ns
    Total Input Jitter      (TIJ):    0.600ns
    Discrete Jitter          (DJ):    0.000ns
    Phase Error              (PE):    0.000ns

    Location             Delay type                Incr(ns)  Path(ns)    Netlist Resource(s)
  -------------------------------------------------------------------    -------------------
                         (clock clk_fpga_0 rise edge)
                                                      0.000     0.000 r  
    PS7_X0Y0             PS7                          0.000     0.000 r  design_1_i/processing_system7_0/inst/PS7_i/FCLKCLK[0]
                         net (fo=1, routed)           1.207     1.207    design_1_i/processing_system7_0/inst/FCLK_CLK_unbuffered[0]
    BUFGCTRL_X0Y0        BUFG (Prop_bufg_I_O)         0.101     1.308 r  design_1_i/processing_system7_0/inst/buffer_fclk_clk_0.FCLK_CLK_0_BUFG/O
                         net (fo=29, routed)          1.731     3.039    design_1_i/c_counter_binary_0/U0/i_synth/i_baseblox.i_baseblox_counter/the_addsub/no_pipelining.the_addsub/i_lut6.i_lut6_addsub/i_q.i_simple.qreg/CLK
    SLICE_X43Y69         FDRE                                         r  design_1_i/c_counter_binary_0/U0/i_synth/i_baseblox.i_baseblox_counter/the_addsub/no_pipelining.the_addsub/i_lut6.i_lut6_addsub/i_q.i_simple.qreg/i_no_async_controls.output_reg[2]/C
  -------------------------------------------------------------------    -------------------
    SLICE_X43Y69         FDRE (Prop_fdre_C_Q)         0.456     3.495 r  design_1_i/c_counter_binary_0/U0/i_synth/i_baseblox.i_baseblox_counter/the_addsub/no_pipelining.the_addsub/i_lut6.i_lut6_addsub/i_q.i_simple.qreg/i_no_async_controls.output_reg[2]/Q
                         net (fo=1, routed)           0.480     3.975    design_1_i/c_counter_binary_0/U0/i_synth/i_baseblox.i_baseblox_counter/the_addsub/no_pipelining.the_addsub/i_lut6.i_lut6_addsub/Q[1]
    SLICE_X43Y69         CARRY4 (Prop_carry4_S[1]_CO[3])
                                                      0.674     4.649 r  design_1_i/c_counter_binary_0/U0/i_synth/i_baseblox.i_baseblox_counter/the_addsub/no_pipelining.the_addsub/i_lut6.i_lut6_addsub/i_simple_model.carrymux0_CARRY4/CO[3]
                         net (fo=1, routed)           0.000     4.649    design_1_i/c_counter_binary_0/U0/i_synth/i_baseblox.i_baseblox_counter/the_addsub/no_pipelining.the_addsub/i_lut6.i_lut6_addsub/carry_simple_3
    SLICE_X43Y70         CARRY4 (Prop_carry4_CI_CO[3])
                                                      0.114     4.763 r  design_1_i/c_counter_binary_0/U0/i_synth/i_baseblox.i_baseblox_counter/the_addsub/no_pipelining.the_addsub/i_lut6.i_lut6_addsub/i_simple_model.i_gt_1.carrychaingen[4].carrymux_CARRY4/CO[3]
                         net (fo=1, routed)           0.000     4.763    design_1_i/c_counter_binary_0/U0/i_synth/i_baseblox.i_baseblox_counter/the_addsub/no_pipelining.the_addsub/i_lut6.i_lut6_addsub/carry_simple_7
    SLICE_X43Y71         CARRY4 (Prop_carry4_CI_CO[3])
                                                      0.114     4.877 r  design_1_i/c_counter_binary_0/U0/i_synth/i_baseblox.i_baseblox_counter/the_addsub/no_pipelining.the_addsub/i_lut6.i_lut6_addsub/i_simple_model.i_gt_1.carrychaingen[8].carrymux_CARRY4/CO[3]
                         net (fo=1, routed)           0.000     4.877    design_1_i/c_counter_binary_0/U0/i_synth/i_baseblox.i_baseblox_counter/the_addsub/no_pipelining.the_addsub/i_lut6.i_lut6_addsub/carry_simple_11
    SLICE_X43Y72         CARRY4 (Prop_carry4_CI_CO[3])
                                                      0.114     4.991 r  design_1_i/c_counter_binary_0/U0/i_synth/i_baseblox.i_baseblox_counter/the_addsub/no_pipelining.the_addsub/i_lut6.i_lut6_addsub/i_simple_model.i_gt_1.carrychaingen[12].carrymux_CARRY4/CO[3]
                         net (fo=1, routed)           0.000     4.991    design_1_i/c_counter_binary_0/U0/i_synth/i_baseblox.i_baseblox_counter/the_addsub/no_pipelining.the_addsub/i_lut6.i_lut6_addsub/carry_simple_15
    SLICE_X43Y73         CARRY4 (Prop_carry4_CI_O[3])
                                                      0.313     5.304 r  design_1_i/c_counter_binary_0/U0/i_synth/i_baseblox.i_baseblox_counter/the_addsub/no_pipelining.the_addsub/i_lut6.i_lut6_addsub/i_simple_model.i_gt_1.carrychaingen[16].carrymux_CARRY4/O[3]
                         net (fo=1, routed)           0.000     5.304    design_1_i/c_counter_binary_0/U0/i_synth/i_baseblox.i_baseblox_counter/the_addsub/no_pipelining.the_addsub/i_lut6.i_lut6_addsub/i_q.i_simple.qreg/s[19]
    SLICE_X43Y73         FDRE                                         r  design_1_i/c_counter_binary_0/U0/i_synth/i_baseblox.i_baseblox_counter/the_addsub/no_pipelining.the_addsub/i_lut6.i_lut6_addsub/i_q.i_simple.qreg/i_no_async_controls.output_reg[20]/D
  -------------------------------------------------------------------    -------------------

                         (clock clk_fpga_0 rise edge)
                                                     20.000    20.000 r  
    PS7_X0Y0             PS7                          0.000    20.000 r  design_1_i/processing_system7_0/inst/PS7_i/FCLKCLK[0]
                         net (fo=1, routed)           1.101    21.101    design_1_i/processing_system7_0/inst/FCLK_CLK_unbuffered[0]
    BUFGCTRL_X0Y0        BUFG (Prop_bufg_I_O)         0.091    21.192 r  design_1_i/processing_system7_0/inst/buffer_fclk_clk_0.FCLK_CLK_0_BUFG/O
                         net (fo=29, routed)          1.551    22.743    design_1_i/c_counter_binary_0/U0/i_synth/i_baseblox.i_baseblox_counter/the_addsub/no_pipelining.the_addsub/i_lut6.i_lut6_addsub/i_q.i_simple.qreg/CLK
    SLICE_X43Y73         FDRE                                         r  design_1_i/c_counter_binary_0/U0/i_synth/i_baseblox.i_baseblox_counter/the_addsub/no_pipelining.the_addsub/i_lut6.i_lut6_addsub/i_q.i_simple.qreg/i_no_async_controls.output_reg[20]/C
                         clock pessimism              0.268    23.011    
                         clock uncertainty           -0.302    22.709    
    SLICE_X43Y73         FDRE (Setup_fdre_C_D)        0.062    22.771    design_1_i/c_counter_binary_0/U0/i_synth/i_baseblox.i_baseblox_counter/the_addsub/no_pipelining.the_addsub/i_lut6.i_lut6_addsub/i_q.i_simple.qreg/i_no_async_controls.output_reg[20]
  -------------------------------------------------------------------
                         required time                         22.771    
                         arrival time                          -5.304    
  -------------------------------------------------------------------
                         slack                                 17.466    





Min Delay Paths
--------------------------------------------------------------------------------------
Slack (MET) :             0.252ns  (arrival time - required time)
  Source:                 design_1_i/c_counter_binary_0/U0/i_synth/i_baseblox.i_baseblox_counter/the_addsub/no_pipelining.the_addsub/i_lut6.i_lut6_addsub/i_q.i_simple.qreg/i_no_async_controls.output_reg[28]/C
                            (rising edge-triggered cell FDRE clocked by clk_fpga_0  {rise@0.000ns fall@10.000ns period=20.000ns})
  Destination:            design_1_i/c_counter_binary_0/U0/i_synth/i_baseblox.i_baseblox_counter/the_addsub/no_pipelining.the_addsub/i_lut6.i_lut6_addsub/i_q.i_simple.qreg/i_no_async_controls.output_reg[28]/D
                            (rising edge-triggered cell FDRE clocked by clk_fpga_0  {rise@0.000ns fall@10.000ns period=20.000ns})
  Path Group:             clk_fpga_0
  Path Type:              Hold (Min at Fast Process Corner)
  Requirement:            0.000ns  (clk_fpga_0 rise@0.000ns - clk_fpga_0 rise@0.000ns)
  Data Path Delay:        0.357ns  (logic 0.249ns (69.714%)  route 0.108ns (30.286%))
  Logic Levels:           1  (CARRY4=1)
  Clock Path Skew:        0.000ns (DCD - SCD - CPR)
    Destination Clock Delay (DCD):    1.214ns
    Source Clock Delay      (SCD):    0.918ns
    Clock Pessimism Removal (CPR):    0.296ns

    Location             Delay type                Incr(ns)  Path(ns)    Netlist Resource(s)
  -------------------------------------------------------------------    -------------------
                         (clock clk_fpga_0 rise edge)
                                                      0.000     0.000 r  
    PS7_X0Y0             PS7                          0.000     0.000 r  design_1_i/processing_system7_0/inst/PS7_i/FCLKCLK[0]
                         net (fo=1, routed)           0.315     0.315    design_1_i/processing_system7_0/inst/FCLK_CLK_unbuffered[0]
    BUFGCTRL_X0Y0        BUFG (Prop_bufg_I_O)         0.026     0.341 r  design_1_i/processing_system7_0/inst/buffer_fclk_clk_0.FCLK_CLK_0_BUFG/O
                         net (fo=29, routed)          0.577     0.918    design_1_i/c_counter_binary_0/U0/i_synth/i_baseblox.i_baseblox_counter/the_addsub/no_pipelining.the_addsub/i_lut6.i_lut6_addsub/i_q.i_simple.qreg/CLK
    SLICE_X43Y75         FDRE                                         r  design_1_i/c_counter_binary_0/U0/i_synth/i_baseblox.i_baseblox_counter/the_addsub/no_pipelining.the_addsub/i_lut6.i_lut6_addsub/i_q.i_simple.qreg/i_no_async_controls.output_reg[28]/C
  -------------------------------------------------------------------    -------------------
    SLICE_X43Y75         FDRE (Prop_fdre_C_Q)         0.141     1.059 r  design_1_i/c_counter_binary_0/U0/i_synth/i_baseblox.i_baseblox_counter/the_addsub/no_pipelining.the_addsub/i_lut6.i_lut6_addsub/i_q.i_simple.qreg/i_no_async_controls.output_reg[28]/Q
                         net (fo=1, routed)           0.108     1.167    design_1_i/c_counter_binary_0/U0/i_synth/i_baseblox.i_baseblox_counter/the_addsub/no_pipelining.the_addsub/i_lut6.i_lut6_addsub/Q[27]
    SLICE_X43Y75         CARRY4 (Prop_carry4_S[3]_O[3])
                                                      0.108     1.275 r  design_1_i/c_counter_binary_0/U0/i_synth/i_baseblox.i_baseblox_counter/the_addsub/no_pipelining.the_addsub/i_lut6.i_lut6_addsub/i_simple_model.i_gt_1.carrychaingen[24].carrymux_CARRY4/O[3]
                         net (fo=1, routed)           0.000     1.275    design_1_i/c_counter_binary_0/U0/i_synth/i_baseblox.i_baseblox_counter/the_addsub/no_pipelining.the_addsub/i_lut6.i_lut6_addsub/i_q.i_simple.qreg/s[27]
    SLICE_X43Y75         FDRE                                         r  design_1_i/c_counter_binary_0/U0/i_synth/i_baseblox.i_baseblox_counter/the_addsub/no_pipelining.the_addsub/i_lut6.i_lut6_addsub/i_q.i_simple.qreg/i_no_async_controls.output_reg[28]/D
  -------------------------------------------------------------------    -------------------

                         (clock clk_fpga_0 rise edge)
                                                      0.000     0.000 r  
    PS7_X0Y0             PS7                          0.000     0.000 r  design_1_i/processing_system7_0/inst/PS7_i/FCLKCLK[0]
                         net (fo=1, routed)           0.341     0.341    design_1_i/processing_system7_0/inst/FCLK_CLK_unbuffered[0]
    BUFGCTRL_X0Y0        BUFG (Prop_bufg_I_O)         0.029     0.370 r  design_1_i/processing_system7_0/inst/buffer_fclk_clk_0.FCLK_CLK_0_BUFG/O
                         net (fo=29, routed)          0.844     1.214    design_1_i/c_counter_binary_0/U0/i_synth/i_baseblox.i_baseblox_counter/the_addsub/no_pipelining.the_addsub/i_lut6.i_lut6_addsub/i_q.i_simple.qreg/CLK
    SLICE_X43Y75         FDRE                                         r  design_1_i/c_counter_binary_0/U0/i_synth/i_baseblox.i_baseblox_counter/the_addsub/no_pipelining.the_addsub/i_lut6.i_lut6_addsub/i_q.i_simple.qreg/i_no_async_controls.output_reg[28]/C
                         clock pessimism             -0.296     0.918    
    SLICE_X43Y75         FDRE (Hold_fdre_C_D)         0.105     1.023    design_1_i/c_counter_binary_0/U0/i_synth/i_baseblox.i_baseblox_counter/the_addsub/no_pipelining.the_addsub/i_lut6.i_lut6_addsub/i_q.i_simple.qreg/i_no_async_controls.output_reg[28]
  -------------------------------------------------------------------
                         required time                         -1.023    
                         arrival time                           1.275    
  -------------------------------------------------------------------
                         slack                                  0.252    

Slack (MET) :             0.252ns  (arrival time - required time)
  Source:                 design_1_i/c_counter_binary_0/U0/i_synth/i_baseblox.i_baseblox_counter/the_addsub/no_pipelining.the_addsub/i_lut6.i_lut6_addsub/i_q.i_simple.qreg/i_no_async_controls.output_reg[4]/C
                            (rising edge-triggered cell FDRE clocked by clk_fpga_0  {rise@0.000ns fall@10.000ns period=20.000ns})
  Destination:            design_1_i/c_counter_binary_0/U0/i_synth/i_baseblox.i_baseblox_counter/the_addsub/no_pipelining.the_addsub/i_lut6.i_lut6_addsub/i_q.i_simple.qreg/i_no_async_controls.output_reg[4]/D
                            (rising edge-triggered cell FDRE clocked by clk_fpga_0  {rise@0.000ns fall@10.000ns period=20.000ns})
  Path Group:             clk_fpga_0
  Path Type:              Hold (Min at Fast Process Corner)
  Requirement:            0.000ns  (clk_fpga_0 rise@0.000ns - clk_fpga_0 rise@0.000ns)
  Data Path Delay:        0.357ns  (logic 0.249ns (69.714%)  route 0.108ns (30.286%))
  Logic Levels:           1  (CARRY4=1)
  Clock Path Skew:        0.000ns (DCD - SCD - CPR)
    Destination Clock Delay (DCD):    1.220ns
    Source Clock Delay      (SCD):    0.923ns
    Clock Pessimism Removal (CPR):    0.297ns

    Location             Delay type                Incr(ns)  Path(ns)    Netlist Resource(s)
  -------------------------------------------------------------------    -------------------
                         (clock clk_fpga_0 rise edge)
                                                      0.000     0.000 r  
    PS7_X0Y0             PS7                          0.000     0.000 r  design_1_i/processing_system7_0/inst/PS7_i/FCLKCLK[0]
                         net (fo=1, routed)           0.315     0.315    design_1_i/processing_system7_0/inst/FCLK_CLK_unbuffered[0]
    BUFGCTRL_X0Y0        BUFG (Prop_bufg_I_O)         0.026     0.341 r  design_1_i/processing_system7_0/inst/buffer_fclk_clk_0.FCLK_CLK_0_BUFG/O
                         net (fo=29, routed)          0.582     0.923    design_1_i/c_counter_binary_0/U0/i_synth/i_baseblox.i_baseblox_counter/the_addsub/no_pipelining.the_addsub/i_lut6.i_lut6_addsub/i_q.i_simple.qreg/CLK
    SLICE_X43Y69         FDRE                                         r  design_1_i/c_counter_binary_0/U0/i_synth/i_baseblox.i_baseblox_counter/the_addsub/no_pipelining.the_addsub/i_lut6.i_lut6_addsub/i_q.i_simple.qreg/i_no_async_controls.output_reg[4]/C
  -------------------------------------------------------------------    -------------------
    SLICE_X43Y69         FDRE (Prop_fdre_C_Q)         0.141     1.064 r  design_1_i/c_counter_binary_0/U0/i_synth/i_baseblox.i_baseblox_counter/the_addsub/no_pipelining.the_addsub/i_lut6.i_lut6_addsub/i_q.i_simple.qreg/i_no_async_controls.output_reg[4]/Q
                         net (fo=1, routed)           0.108     1.172    design_1_i/c_counter_binary_0/U0/i_synth/i_baseblox.i_baseblox_counter/the_addsub/no_pipelining.the_addsub/i_lut6.i_lut6_addsub/Q[3]
    SLICE_X43Y69         CARRY4 (Prop_carry4_S[3]_O[3])
                                                      0.108     1.280 r  design_1_i/c_counter_binary_0/U0/i_synth/i_baseblox.i_baseblox_counter/the_addsub/no_pipelining.the_addsub/i_lut6.i_lut6_addsub/i_simple_model.carrymux0_CARRY4/O[3]
                         net (fo=1, routed)           0.000     1.280    design_1_i/c_counter_binary_0/U0/i_synth/i_baseblox.i_baseblox_counter/the_addsub/no_pipelining.the_addsub/i_lut6.i_lut6_addsub/i_q.i_simple.qreg/s[3]
    SLICE_X43Y69         FDRE                                         r  design_1_i/c_counter_binary_0/U0/i_synth/i_baseblox.i_baseblox_counter/the_addsub/no_pipelining.the_addsub/i_lut6.i_lut6_addsub/i_q.i_simple.qreg/i_no_async_controls.output_reg[4]/D
  -------------------------------------------------------------------    -------------------

                         (clock clk_fpga_0 rise edge)
                                                      0.000     0.000 r  
    PS7_X0Y0             PS7                          0.000     0.000 r  design_1_i/processing_system7_0/inst/PS7_i/FCLKCLK[0]
                         net (fo=1, routed)           0.341     0.341    design_1_i/processing_system7_0/inst/FCLK_CLK_unbuffered[0]
    BUFGCTRL_X0Y0        BUFG (Prop_bufg_I_O)         0.029     0.370 r  design_1_i/processing_system7_0/inst/buffer_fclk_clk_0.FCLK_CLK_0_BUFG/O
                         net (fo=29, routed)          0.850     1.220    design_1_i/c_counter_binary_0/U0/i_synth/i_baseblox.i_baseblox_counter/the_addsub/no_pipelining.the_addsub/i_lut6.i_lut6_addsub/i_q.i_simple.qreg/CLK
    SLICE_X43Y69         FDRE                                         r  design_1_i/c_counter_binary_0/U0/i_synth/i_baseblox.i_baseblox_counter/the_addsub/no_pipelining.the_addsub/i_lut6.i_lut6_addsub/i_q.i_simple.qreg/i_no_async_controls.output_reg[4]/C
                         clock pessimism             -0.297     0.923    
    SLICE_X43Y69         FDRE (Hold_fdre_C_D)         0.105     1.028    design_1_i/c_counter_binary_0/U0/i_synth/i_baseblox.i_baseblox_counter/the_addsub/no_pipelining.the_addsub/i_lut6.i_lut6_addsub/i_q.i_simple.qreg/i_no_async_controls.output_reg[4]
  -------------------------------------------------------------------
                         required time                         -1.028    
                         arrival time                           1.280    
  -------------------------------------------------------------------
                         slack                                  0.252    

Slack (MET) :             0.252ns  (arrival time - required time)
  Source:                 design_1_i/c_counter_binary_0/U0/i_synth/i_baseblox.i_baseblox_counter/the_addsub/no_pipelining.the_addsub/i_lut6.i_lut6_addsub/i_q.i_simple.qreg/i_no_async_controls.output_reg[12]/C
                            (rising edge-triggered cell FDRE clocked by clk_fpga_0  {rise@0.000ns fall@10.000ns period=20.000ns})
  Destination:            design_1_i/c_counter_binary_0/U0/i_synth/i_baseblox.i_baseblox_counter/the_addsub/no_pipelining.the_addsub/i_lut6.i_lut6_addsub/i_q.i_simple.qreg/i_no_async_controls.output_reg[12]/D
                            (rising edge-triggered cell FDRE clocked by clk_fpga_0  {rise@0.000ns fall@10.000ns period=20.000ns})
  Path Group:             clk_fpga_0
  Path Type:              Hold (Min at Fast Process Corner)
  Requirement:            0.000ns  (clk_fpga_0 rise@0.000ns - clk_fpga_0 rise@0.000ns)
  Data Path Delay:        0.357ns  (logic 0.249ns (69.714%)  route 0.108ns (30.286%))
  Logic Levels:           1  (CARRY4=1)
  Clock Path Skew:        0.000ns (DCD - SCD - CPR)
    Destination Clock Delay (DCD):    1.218ns
    Source Clock Delay      (SCD):    0.921ns
    Clock Pessimism Removal (CPR):    0.297ns

    Location             Delay type                Incr(ns)  Path(ns)    Netlist Resource(s)
  -------------------------------------------------------------------    -------------------
                         (clock clk_fpga_0 rise edge)
                                                      0.000     0.000 r  
    PS7_X0Y0             PS7                          0.000     0.000 r  design_1_i/processing_system7_0/inst/PS7_i/FCLKCLK[0]
                         net (fo=1, routed)           0.315     0.315    design_1_i/processing_system7_0/inst/FCLK_CLK_unbuffered[0]
    BUFGCTRL_X0Y0        BUFG (Prop_bufg_I_O)         0.026     0.341 r  design_1_i/processing_system7_0/inst/buffer_fclk_clk_0.FCLK_CLK_0_BUFG/O
                         net (fo=29, routed)          0.580     0.921    design_1_i/c_counter_binary_0/U0/i_synth/i_baseblox.i_baseblox_counter/the_addsub/no_pipelining.the_addsub/i_lut6.i_lut6_addsub/i_q.i_simple.qreg/CLK
    SLICE_X43Y71         FDRE                                         r  design_1_i/c_counter_binary_0/U0/i_synth/i_baseblox.i_baseblox_counter/the_addsub/no_pipelining.the_addsub/i_lut6.i_lut6_addsub/i_q.i_simple.qreg/i_no_async_controls.output_reg[12]/C
  -------------------------------------------------------------------    -------------------
    SLICE_X43Y71         FDRE (Prop_fdre_C_Q)         0.141     1.062 r  design_1_i/c_counter_binary_0/U0/i_synth/i_baseblox.i_baseblox_counter/the_addsub/no_pipelining.the_addsub/i_lut6.i_lut6_addsub/i_q.i_simple.qreg/i_no_async_controls.output_reg[12]/Q
                         net (fo=1, routed)           0.108     1.170    design_1_i/c_counter_binary_0/U0/i_synth/i_baseblox.i_baseblox_counter/the_addsub/no_pipelining.the_addsub/i_lut6.i_lut6_addsub/Q[11]
    SLICE_X43Y71         CARRY4 (Prop_carry4_S[3]_O[3])
                                                      0.108     1.278 r  design_1_i/c_counter_binary_0/U0/i_synth/i_baseblox.i_baseblox_counter/the_addsub/no_pipelining.the_addsub/i_lut6.i_lut6_addsub/i_simple_model.i_gt_1.carrychaingen[8].carrymux_CARRY4/O[3]
                         net (fo=1, routed)           0.000     1.278    design_1_i/c_counter_binary_0/U0/i_synth/i_baseblox.i_baseblox_counter/the_addsub/no_pipelining.the_addsub/i_lut6.i_lut6_addsub/i_q.i_simple.qreg/s[11]
    SLICE_X43Y71         FDRE                                         r  design_1_i/c_counter_binary_0/U0/i_synth/i_baseblox.i_baseblox_counter/the_addsub/no_pipelining.the_addsub/i_lut6.i_lut6_addsub/i_q.i_simple.qreg/i_no_async_controls.output_reg[12]/D
  -------------------------------------------------------------------    -------------------

                         (clock clk_fpga_0 rise edge)
                                                      0.000     0.000 r  
    PS7_X0Y0             PS7                          0.000     0.000 r  design_1_i/processing_system7_0/inst/PS7_i/FCLKCLK[0]
                         net (fo=1, routed)           0.341     0.341    design_1_i/processing_system7_0/inst/FCLK_CLK_unbuffered[0]
    BUFGCTRL_X0Y0        BUFG (Prop_bufg_I_O)         0.029     0.370 r  design_1_i/processing_system7_0/inst/buffer_fclk_clk_0.FCLK_CLK_0_BUFG/O
                         net (fo=29, routed)          0.848     1.218    design_1_i/c_counter_binary_0/U0/i_synth/i_baseblox.i_baseblox_counter/the_addsub/no_pipelining.the_addsub/i_lut6.i_lut6_addsub/i_q.i_simple.qreg/CLK
    SLICE_X43Y71         FDRE                                         r  design_1_i/c_counter_binary_0/U0/i_synth/i_baseblox.i_baseblox_counter/the_addsub/no_pipelining.the_addsub/i_lut6.i_lut6_addsub/i_q.i_simple.qreg/i_no_async_controls.output_reg[12]/C
                         clock pessimism             -0.297     0.921    
    SLICE_X43Y71         FDRE (Hold_fdre_C_D)         0.105     1.026    design_1_i/c_counter_binary_0/U0/i_synth/i_baseblox.i_baseblox_counter/the_addsub/no_pipelining.the_addsub/i_lut6.i_lut6_addsub/i_q.i_simple.qreg/i_no_async_controls.output_reg[12]
  -------------------------------------------------------------------
                         required time                         -1.026    
                         arrival time                           1.278    
  -------------------------------------------------------------------
                         slack                                  0.252    

Slack (MET) :             0.252ns  (arrival time - required time)
  Source:                 design_1_i/c_counter_binary_0/U0/i_synth/i_baseblox.i_baseblox_counter/the_addsub/no_pipelining.the_addsub/i_lut6.i_lut6_addsub/i_q.i_simple.qreg/i_no_async_controls.output_reg[16]/C
                            (rising edge-triggered cell FDRE clocked by clk_fpga_0  {rise@0.000ns fall@10.000ns period=20.000ns})
  Destination:            design_1_i/c_counter_binary_0/U0/i_synth/i_baseblox.i_baseblox_counter/the_addsub/no_pipelining.the_addsub/i_lut6.i_lut6_addsub/i_q.i_simple.qreg/i_no_async_controls.output_reg[16]/D
                            (rising edge-triggered cell FDRE clocked by clk_fpga_0  {rise@0.000ns fall@10.000ns period=20.000ns})
  Path Group:             clk_fpga_0
  Path Type:              Hold (Min at Fast Process Corner)
  Requirement:            0.000ns  (clk_fpga_0 rise@0.000ns - clk_fpga_0 rise@0.000ns)
  Data Path Delay:        0.357ns  (logic 0.249ns (69.714%)  route 0.108ns (30.286%))
  Logic Levels:           1  (CARRY4=1)
  Clock Path Skew:        0.000ns (DCD - SCD - CPR)
    Destination Clock Delay (DCD):    1.217ns
    Source Clock Delay      (SCD):    0.921ns
    Clock Pessimism Removal (CPR):    0.296ns

    Location             Delay type                Incr(ns)  Path(ns)    Netlist Resource(s)
  -------------------------------------------------------------------    -------------------
                         (clock clk_fpga_0 rise edge)
                                                      0.000     0.000 r  
    PS7_X0Y0             PS7                          0.000     0.000 r  design_1_i/processing_system7_0/inst/PS7_i/FCLKCLK[0]
                         net (fo=1, routed)           0.315     0.315    design_1_i/processing_system7_0/inst/FCLK_CLK_unbuffered[0]
    BUFGCTRL_X0Y0        BUFG (Prop_bufg_I_O)         0.026     0.341 r  design_1_i/processing_system7_0/inst/buffer_fclk_clk_0.FCLK_CLK_0_BUFG/O
                         net (fo=29, routed)          0.580     0.921    design_1_i/c_counter_binary_0/U0/i_synth/i_baseblox.i_baseblox_counter/the_addsub/no_pipelining.the_addsub/i_lut6.i_lut6_addsub/i_q.i_simple.qreg/CLK
    SLICE_X43Y72         FDRE                                         r  design_1_i/c_counter_binary_0/U0/i_synth/i_baseblox.i_baseblox_counter/the_addsub/no_pipelining.the_addsub/i_lut6.i_lut6_addsub/i_q.i_simple.qreg/i_no_async_controls.output_reg[16]/C
  -------------------------------------------------------------------    -------------------
    SLICE_X43Y72         FDRE (Prop_fdre_C_Q)         0.141     1.062 r  design_1_i/c_counter_binary_0/U0/i_synth/i_baseblox.i_baseblox_counter/the_addsub/no_pipelining.the_addsub/i_lut6.i_lut6_addsub/i_q.i_simple.qreg/i_no_async_controls.output_reg[16]/Q
                         net (fo=1, routed)           0.108     1.170    design_1_i/c_counter_binary_0/U0/i_synth/i_baseblox.i_baseblox_counter/the_addsub/no_pipelining.the_addsub/i_lut6.i_lut6_addsub/Q[15]
    SLICE_X43Y72         CARRY4 (Prop_carry4_S[3]_O[3])
                                                      0.108     1.278 r  design_1_i/c_counter_binary_0/U0/i_synth/i_baseblox.i_baseblox_counter/the_addsub/no_pipelining.the_addsub/i_lut6.i_lut6_addsub/i_simple_model.i_gt_1.carrychaingen[12].carrymux_CARRY4/O[3]
                         net (fo=1, routed)           0.000     1.278    design_1_i/c_counter_binary_0/U0/i_synth/i_baseblox.i_baseblox_counter/the_addsub/no_pipelining.the_addsub/i_lut6.i_lut6_addsub/i_q.i_simple.qreg/s[15]
    SLICE_X43Y72         FDRE                                         r  design_1_i/c_counter_binary_0/U0/i_synth/i_baseblox.i_baseblox_counter/the_addsub/no_pipelining.the_addsub/i_lut6.i_lut6_addsub/i_q.i_simple.qreg/i_no_async_controls.output_reg[16]/D
  -------------------------------------------------------------------    -------------------

                         (clock clk_fpga_0 rise edge)
                                                      0.000     0.000 r  
    PS7_X0Y0             PS7                          0.000     0.000 r  design_1_i/processing_system7_0/inst/PS7_i/FCLKCLK[0]
                         net (fo=1, routed)           0.341     0.341    design_1_i/processing_system7_0/inst/FCLK_CLK_unbuffered[0]
    BUFGCTRL_X0Y0        BUFG (Prop_bufg_I_O)         0.029     0.370 r  design_1_i/processing_system7_0/inst/buffer_fclk_clk_0.FCLK_CLK_0_BUFG/O
                         net (fo=29, routed)          0.847     1.217    design_1_i/c_counter_binary_0/U0/i_synth/i_baseblox.i_baseblox_counter/the_addsub/no_pipelining.the_addsub/i_lut6.i_lut6_addsub/i_q.i_simple.qreg/CLK
    SLICE_X43Y72         FDRE                                         r  design_1_i/c_counter_binary_0/U0/i_synth/i_baseblox.i_baseblox_counter/the_addsub/no_pipelining.the_addsub/i_lut6.i_lut6_addsub/i_q.i_simple.qreg/i_no_async_controls.output_reg[16]/C
                         clock pessimism             -0.296     0.921    
    SLICE_X43Y72         FDRE (Hold_fdre_C_D)         0.105     1.026    design_1_i/c_counter_binary_0/U0/i_synth/i_baseblox.i_baseblox_counter/the_addsub/no_pipelining.the_addsub/i_lut6.i_lut6_addsub/i_q.i_simple.qreg/i_no_async_controls.output_reg[16]
  -------------------------------------------------------------------
                         required time                         -1.026    
                         arrival time                           1.278    
  -------------------------------------------------------------------
                         slack                                  0.252    

Slack (MET) :             0.252ns  (arrival time - required time)
  Source:                 design_1_i/c_counter_binary_0/U0/i_synth/i_baseblox.i_baseblox_counter/the_addsub/no_pipelining.the_addsub/i_lut6.i_lut6_addsub/i_q.i_simple.qreg/i_no_async_controls.output_reg[20]/C
                            (rising edge-triggered cell FDRE clocked by clk_fpga_0  {rise@0.000ns fall@10.000ns period=20.000ns})
  Destination:            design_1_i/c_counter_binary_0/U0/i_synth/i_baseblox.i_baseblox_counter/the_addsub/no_pipelining.the_addsub/i_lut6.i_lut6_addsub/i_q.i_simple.qreg/i_no_async_controls.output_reg[20]/D
                            (rising edge-triggered cell FDRE clocked by clk_fpga_0  {rise@0.000ns fall@10.000ns period=20.000ns})
  Path Group:             clk_fpga_0
  Path Type:              Hold (Min at Fast Process Corner)
  Requirement:            0.000ns  (clk_fpga_0 rise@0.000ns - clk_fpga_0 rise@0.000ns)
  Data Path Delay:        0.357ns  (logic 0.249ns (69.714%)  route 0.108ns (30.286%))
  Logic Levels:           1  (CARRY4=1)
  Clock Path Skew:        0.000ns (DCD - SCD - CPR)
    Destination Clock Delay (DCD):    1.215ns
    Source Clock Delay      (SCD):    0.919ns
    Clock Pessimism Removal (CPR):    0.296ns

    Location             Delay type                Incr(ns)  Path(ns)    Netlist Resource(s)
  -------------------------------------------------------------------    -------------------
                         (clock clk_fpga_0 rise edge)
                                                      0.000     0.000 r  
    PS7_X0Y0             PS7                          0.000     0.000 r  design_1_i/processing_system7_0/inst/PS7_i/FCLKCLK[0]
                         net (fo=1, routed)           0.315     0.315    design_1_i/processing_system7_0/inst/FCLK_CLK_unbuffered[0]
    BUFGCTRL_X0Y0        BUFG (Prop_bufg_I_O)         0.026     0.341 r  design_1_i/processing_system7_0/inst/buffer_fclk_clk_0.FCLK_CLK_0_BUFG/O
                         net (fo=29, routed)          0.578     0.919    design_1_i/c_counter_binary_0/U0/i_synth/i_baseblox.i_baseblox_counter/the_addsub/no_pipelining.the_addsub/i_lut6.i_lut6_addsub/i_q.i_simple.qreg/CLK
    SLICE_X43Y73         FDRE                                         r  design_1_i/c_counter_binary_0/U0/i_synth/i_baseblox.i_baseblox_counter/the_addsub/no_pipelining.the_addsub/i_lut6.i_lut6_addsub/i_q.i_simple.qreg/i_no_async_controls.output_reg[20]/C
  -------------------------------------------------------------------    -------------------
    SLICE_X43Y73         FDRE (Prop_fdre_C_Q)         0.141     1.060 r  design_1_i/c_counter_binary_0/U0/i_synth/i_baseblox.i_baseblox_counter/the_addsub/no_pipelining.the_addsub/i_lut6.i_lut6_addsub/i_q.i_simple.qreg/i_no_async_controls.output_reg[20]/Q
                         net (fo=1, routed)           0.108     1.168    design_1_i/c_counter_binary_0/U0/i_synth/i_baseblox.i_baseblox_counter/the_addsub/no_pipelining.the_addsub/i_lut6.i_lut6_addsub/Q[19]
    SLICE_X43Y73         CARRY4 (Prop_carry4_S[3]_O[3])
                                                      0.108     1.276 r  design_1_i/c_counter_binary_0/U0/i_synth/i_baseblox.i_baseblox_counter/the_addsub/no_pipelining.the_addsub/i_lut6.i_lut6_addsub/i_simple_model.i_gt_1.carrychaingen[16].carrymux_CARRY4/O[3]
                         net (fo=1, routed)           0.000     1.276    design_1_i/c_counter_binary_0/U0/i_synth/i_baseblox.i_baseblox_counter/the_addsub/no_pipelining.the_addsub/i_lut6.i_lut6_addsub/i_q.i_simple.qreg/s[19]
    SLICE_X43Y73         FDRE                                         r  design_1_i/c_counter_binary_0/U0/i_synth/i_baseblox.i_baseblox_counter/the_addsub/no_pipelining.the_addsub/i_lut6.i_lut6_addsub/i_q.i_simple.qreg/i_no_async_controls.output_reg[20]/D
  -------------------------------------------------------------------    -------------------

                         (clock clk_fpga_0 rise edge)
                                                      0.000     0.000 r  
    PS7_X0Y0             PS7                          0.000     0.000 r  design_1_i/processing_system7_0/inst/PS7_i/FCLKCLK[0]
                         net (fo=1, routed)           0.341     0.341    design_1_i/processing_system7_0/inst/FCLK_CLK_unbuffered[0]
    BUFGCTRL_X0Y0        BUFG (Prop_bufg_I_O)         0.029     0.370 r  design_1_i/processing_system7_0/inst/buffer_fclk_clk_0.FCLK_CLK_0_BUFG/O
                         net (fo=29, routed)          0.845     1.215    design_1_i/c_counter_binary_0/U0/i_synth/i_baseblox.i_baseblox_counter/the_addsub/no_pipelining.the_addsub/i_lut6.i_lut6_addsub/i_q.i_simple.qreg/CLK
    SLICE_X43Y73         FDRE                                         r  design_1_i/c_counter_binary_0/U0/i_synth/i_baseblox.i_baseblox_counter/the_addsub/no_pipelining.the_addsub/i_lut6.i_lut6_addsub/i_q.i_simple.qreg/i_no_async_controls.output_reg[20]/C
                         clock pessimism             -0.296     0.919    
    SLICE_X43Y73         FDRE (Hold_fdre_C_D)         0.105     1.024    design_1_i/c_counter_binary_0/U0/i_synth/i_baseblox.i_baseblox_counter/the_addsub/no_pipelining.the_addsub/i_lut6.i_lut6_addsub/i_q.i_simple.qreg/i_no_async_controls.output_reg[20]
  -------------------------------------------------------------------
                         required time                         -1.024    
                         arrival time                           1.276    
  -------------------------------------------------------------------
                         slack                                  0.252    

Slack (MET) :             0.252ns  (arrival time - required time)
  Source:                 design_1_i/c_counter_binary_0/U0/i_synth/i_baseblox.i_baseblox_counter/the_addsub/no_pipelining.the_addsub/i_lut6.i_lut6_addsub/i_q.i_simple.qreg/i_no_async_controls.output_reg[8]/C
                            (rising edge-triggered cell FDRE clocked by clk_fpga_0  {rise@0.000ns fall@10.000ns period=20.000ns})
  Destination:            design_1_i/c_counter_binary_0/U0/i_synth/i_baseblox.i_baseblox_counter/the_addsub/no_pipelining.the_addsub/i_lut6.i_lut6_addsub/i_q.i_simple.qreg/i_no_async_controls.output_reg[8]/D
                            (rising edge-triggered cell FDRE clocked by clk_fpga_0  {rise@0.000ns fall@10.000ns period=20.000ns})
  Path Group:             clk_fpga_0
  Path Type:              Hold (Min at Fast Process Corner)
  Requirement:            0.000ns  (clk_fpga_0 rise@0.000ns - clk_fpga_0 rise@0.000ns)
  Data Path Delay:        0.357ns  (logic 0.249ns (69.714%)  route 0.108ns (30.286%))
  Logic Levels:           1  (CARRY4=1)
  Clock Path Skew:        0.000ns (DCD - SCD - CPR)
    Destination Clock Delay (DCD):    1.219ns
    Source Clock Delay      (SCD):    0.922ns
    Clock Pessimism Removal (CPR):    0.297ns

    Location             Delay type                Incr(ns)  Path(ns)    Netlist Resource(s)
  -------------------------------------------------------------------    -------------------
                         (clock clk_fpga_0 rise edge)
                                                      0.000     0.000 r  
    PS7_X0Y0             PS7                          0.000     0.000 r  design_1_i/processing_system7_0/inst/PS7_i/FCLKCLK[0]
                         net (fo=1, routed)           0.315     0.315    design_1_i/processing_system7_0/inst/FCLK_CLK_unbuffered[0]
    BUFGCTRL_X0Y0        BUFG (Prop_bufg_I_O)         0.026     0.341 r  design_1_i/processing_system7_0/inst/buffer_fclk_clk_0.FCLK_CLK_0_BUFG/O
                         net (fo=29, routed)          0.581     0.922    design_1_i/c_counter_binary_0/U0/i_synth/i_baseblox.i_baseblox_counter/the_addsub/no_pipelining.the_addsub/i_lut6.i_lut6_addsub/i_q.i_simple.qreg/CLK
    SLICE_X43Y70         FDRE                                         r  design_1_i/c_counter_binary_0/U0/i_synth/i_baseblox.i_baseblox_counter/the_addsub/no_pipelining.the_addsub/i_lut6.i_lut6_addsub/i_q.i_simple.qreg/i_no_async_controls.output_reg[8]/C
  -------------------------------------------------------------------    -------------------
    SLICE_X43Y70         FDRE (Prop_fdre_C_Q)         0.141     1.063 r  design_1_i/c_counter_binary_0/U0/i_synth/i_baseblox.i_baseblox_counter/the_addsub/no_pipelining.the_addsub/i_lut6.i_lut6_addsub/i_q.i_simple.qreg/i_no_async_controls.output_reg[8]/Q
                         net (fo=1, routed)           0.108     1.171    design_1_i/c_counter_binary_0/U0/i_synth/i_baseblox.i_baseblox_counter/the_addsub/no_pipelining.the_addsub/i_lut6.i_lut6_addsub/Q[7]
    SLICE_X43Y70         CARRY4 (Prop_carry4_S[3]_O[3])
                                                      0.108     1.279 r  design_1_i/c_counter_binary_0/U0/i_synth/i_baseblox.i_baseblox_counter/the_addsub/no_pipelining.the_addsub/i_lut6.i_lut6_addsub/i_simple_model.i_gt_1.carrychaingen[4].carrymux_CARRY4/O[3]
                         net (fo=1, routed)           0.000     1.279    design_1_i/c_counter_binary_0/U0/i_synth/i_baseblox.i_baseblox_counter/the_addsub/no_pipelining.the_addsub/i_lut6.i_lut6_addsub/i_q.i_simple.qreg/s[7]
    SLICE_X43Y70         FDRE                                         r  design_1_i/c_counter_binary_0/U0/i_synth/i_baseblox.i_baseblox_counter/the_addsub/no_pipelining.the_addsub/i_lut6.i_lut6_addsub/i_q.i_simple.qreg/i_no_async_controls.output_reg[8]/D
  -------------------------------------------------------------------    -------------------

                         (clock clk_fpga_0 rise edge)
                                                      0.000     0.000 r  
    PS7_X0Y0             PS7                          0.000     0.000 r  design_1_i/processing_system7_0/inst/PS7_i/FCLKCLK[0]
                         net (fo=1, routed)           0.341     0.341    design_1_i/processing_system7_0/inst/FCLK_CLK_unbuffered[0]
    BUFGCTRL_X0Y0        BUFG (Prop_bufg_I_O)         0.029     0.370 r  design_1_i/processing_system7_0/inst/buffer_fclk_clk_0.FCLK_CLK_0_BUFG/O
                         net (fo=29, routed)          0.849     1.219    design_1_i/c_counter_binary_0/U0/i_synth/i_baseblox.i_baseblox_counter/the_addsub/no_pipelining.the_addsub/i_lut6.i_lut6_addsub/i_q.i_simple.qreg/CLK
    SLICE_X43Y70         FDRE                                         r  design_1_i/c_counter_binary_0/U0/i_synth/i_baseblox.i_baseblox_counter/the_addsub/no_pipelining.the_addsub/i_lut6.i_lut6_addsub/i_q.i_simple.qreg/i_no_async_controls.output_reg[8]/C
                         clock pessimism             -0.297     0.922    
    SLICE_X43Y70         FDRE (Hold_fdre_C_D)         0.105     1.027    design_1_i/c_counter_binary_0/U0/i_synth/i_baseblox.i_baseblox_counter/the_addsub/no_pipelining.the_addsub/i_lut6.i_lut6_addsub/i_q.i_simple.qreg/i_no_async_controls.output_reg[8]
  -------------------------------------------------------------------
                         required time                         -1.027    
                         arrival time                           1.279    
  -------------------------------------------------------------------
                         slack                                  0.252    

Slack (MET) :             0.256ns  (arrival time - required time)
  Source:                 design_1_i/c_counter_binary_0/U0/i_synth/i_baseblox.i_baseblox_counter/the_addsub/no_pipelining.the_addsub/i_lut6.i_lut6_addsub/i_q.i_simple.qreg/i_no_async_controls.output_reg[13]/C
                            (rising edge-triggered cell FDRE clocked by clk_fpga_0  {rise@0.000ns fall@10.000ns period=20.000ns})
  Destination:            design_1_i/c_counter_binary_0/U0/i_synth/i_baseblox.i_baseblox_counter/the_addsub/no_pipelining.the_addsub/i_lut6.i_lut6_addsub/i_q.i_simple.qreg/i_no_async_controls.output_reg[13]/D
                            (rising edge-triggered cell FDRE clocked by clk_fpga_0  {rise@0.000ns fall@10.000ns period=20.000ns})
  Path Group:             clk_fpga_0
  Path Type:              Hold (Min at Fast Process Corner)
  Requirement:            0.000ns  (clk_fpga_0 rise@0.000ns - clk_fpga_0 rise@0.000ns)
  Data Path Delay:        0.361ns  (logic 0.256ns (70.880%)  route 0.105ns (29.120%))
  Logic Levels:           1  (CARRY4=1)
  Clock Path Skew:        0.000ns (DCD - SCD - CPR)
    Destination Clock Delay (DCD):    1.217ns
    Source Clock Delay      (SCD):    0.921ns
    Clock Pessimism Removal (CPR):    0.296ns

    Location             Delay type                Incr(ns)  Path(ns)    Netlist Resource(s)
  -------------------------------------------------------------------    -------------------
                         (clock clk_fpga_0 rise edge)
                                                      0.000     0.000 r  
    PS7_X0Y0             PS7                          0.000     0.000 r  design_1_i/processing_system7_0/inst/PS7_i/FCLKCLK[0]
                         net (fo=1, routed)           0.315     0.315    design_1_i/processing_system7_0/inst/FCLK_CLK_unbuffered[0]
    BUFGCTRL_X0Y0        BUFG (Prop_bufg_I_O)         0.026     0.341 r  design_1_i/processing_system7_0/inst/buffer_fclk_clk_0.FCLK_CLK_0_BUFG/O
                         net (fo=29, routed)          0.580     0.921    design_1_i/c_counter_binary_0/U0/i_synth/i_baseblox.i_baseblox_counter/the_addsub/no_pipelining.the_addsub/i_lut6.i_lut6_addsub/i_q.i_simple.qreg/CLK
    SLICE_X43Y72         FDRE                                         r  design_1_i/c_counter_binary_0/U0/i_synth/i_baseblox.i_baseblox_counter/the_addsub/no_pipelining.the_addsub/i_lut6.i_lut6_addsub/i_q.i_simple.qreg/i_no_async_controls.output_reg[13]/C
  -------------------------------------------------------------------    -------------------
    SLICE_X43Y72         FDRE (Prop_fdre_C_Q)         0.141     1.062 r  design_1_i/c_counter_binary_0/U0/i_synth/i_baseblox.i_baseblox_counter/the_addsub/no_pipelining.the_addsub/i_lut6.i_lut6_addsub/i_q.i_simple.qreg/i_no_async_controls.output_reg[13]/Q
                         net (fo=1, routed)           0.105     1.167    design_1_i/c_counter_binary_0/U0/i_synth/i_baseblox.i_baseblox_counter/the_addsub/no_pipelining.the_addsub/i_lut6.i_lut6_addsub/Q[12]
    SLICE_X43Y72         CARRY4 (Prop_carry4_S[0]_O[0])
                                                      0.115     1.282 r  design_1_i/c_counter_binary_0/U0/i_synth/i_baseblox.i_baseblox_counter/the_addsub/no_pipelining.the_addsub/i_lut6.i_lut6_addsub/i_simple_model.i_gt_1.carrychaingen[12].carrymux_CARRY4/O[0]
                         net (fo=1, routed)           0.000     1.282    design_1_i/c_counter_binary_0/U0/i_synth/i_baseblox.i_baseblox_counter/the_addsub/no_pipelining.the_addsub/i_lut6.i_lut6_addsub/i_q.i_simple.qreg/s[12]
    SLICE_X43Y72         FDRE                                         r  design_1_i/c_counter_binary_0/U0/i_synth/i_baseblox.i_baseblox_counter/the_addsub/no_pipelining.the_addsub/i_lut6.i_lut6_addsub/i_q.i_simple.qreg/i_no_async_controls.output_reg[13]/D
  -------------------------------------------------------------------    -------------------

                         (clock clk_fpga_0 rise edge)
                                                      0.000     0.000 r  
    PS7_X0Y0             PS7                          0.000     0.000 r  design_1_i/processing_system7_0/inst/PS7_i/FCLKCLK[0]
                         net (fo=1, routed)           0.341     0.341    design_1_i/processing_system7_0/inst/FCLK_CLK_unbuffered[0]
    BUFGCTRL_X0Y0        BUFG (Prop_bufg_I_O)         0.029     0.370 r  design_1_i/processing_system7_0/inst/buffer_fclk_clk_0.FCLK_CLK_0_BUFG/O
                         net (fo=29, routed)          0.847     1.217    design_1_i/c_counter_binary_0/U0/i_synth/i_baseblox.i_baseblox_counter/the_addsub/no_pipelining.the_addsub/i_lut6.i_lut6_addsub/i_q.i_simple.qreg/CLK
    SLICE_X43Y72         FDRE                                         r  design_1_i/c_counter_binary_0/U0/i_synth/i_baseblox.i_baseblox_counter/the_addsub/no_pipelining.the_addsub/i_lut6.i_lut6_addsub/i_q.i_simple.qreg/i_no_async_controls.output_reg[13]/C
                         clock pessimism             -0.296     0.921    
    SLICE_X43Y72         FDRE (Hold_fdre_C_D)         0.105     1.026    design_1_i/c_counter_binary_0/U0/i_synth/i_baseblox.i_baseblox_counter/the_addsub/no_pipelining.the_addsub/i_lut6.i_lut6_addsub/i_q.i_simple.qreg/i_no_async_controls.output_reg[13]
  -------------------------------------------------------------------
                         required time                         -1.026    
                         arrival time                           1.282    
  -------------------------------------------------------------------
                         slack                                  0.256    

Slack (MET) :             0.256ns  (arrival time - required time)
  Source:                 design_1_i/c_counter_binary_0/U0/i_synth/i_baseblox.i_baseblox_counter/the_addsub/no_pipelining.the_addsub/i_lut6.i_lut6_addsub/i_q.i_simple.qreg/i_no_async_controls.output_reg[17]/C
                            (rising edge-triggered cell FDRE clocked by clk_fpga_0  {rise@0.000ns fall@10.000ns period=20.000ns})
  Destination:            design_1_i/c_counter_binary_0/U0/i_synth/i_baseblox.i_baseblox_counter/the_addsub/no_pipelining.the_addsub/i_lut6.i_lut6_addsub/i_q.i_simple.qreg/i_no_async_controls.output_reg[17]/D
                            (rising edge-triggered cell FDRE clocked by clk_fpga_0  {rise@0.000ns fall@10.000ns period=20.000ns})
  Path Group:             clk_fpga_0
  Path Type:              Hold (Min at Fast Process Corner)
  Requirement:            0.000ns  (clk_fpga_0 rise@0.000ns - clk_fpga_0 rise@0.000ns)
  Data Path Delay:        0.361ns  (logic 0.256ns (70.880%)  route 0.105ns (29.120%))
  Logic Levels:           1  (CARRY4=1)
  Clock Path Skew:        0.000ns (DCD - SCD - CPR)
    Destination Clock Delay (DCD):    1.215ns
    Source Clock Delay      (SCD):    0.919ns
    Clock Pessimism Removal (CPR):    0.296ns

    Location             Delay type                Incr(ns)  Path(ns)    Netlist Resource(s)
  -------------------------------------------------------------------    -------------------
                         (clock clk_fpga_0 rise edge)
                                                      0.000     0.000 r  
    PS7_X0Y0             PS7                          0.000     0.000 r  design_1_i/processing_system7_0/inst/PS7_i/FCLKCLK[0]
                         net (fo=1, routed)           0.315     0.315    design_1_i/processing_system7_0/inst/FCLK_CLK_unbuffered[0]
    BUFGCTRL_X0Y0        BUFG (Prop_bufg_I_O)         0.026     0.341 r  design_1_i/processing_system7_0/inst/buffer_fclk_clk_0.FCLK_CLK_0_BUFG/O
                         net (fo=29, routed)          0.578     0.919    design_1_i/c_counter_binary_0/U0/i_synth/i_baseblox.i_baseblox_counter/the_addsub/no_pipelining.the_addsub/i_lut6.i_lut6_addsub/i_q.i_simple.qreg/CLK
    SLICE_X43Y73         FDRE                                         r  design_1_i/c_counter_binary_0/U0/i_synth/i_baseblox.i_baseblox_counter/the_addsub/no_pipelining.the_addsub/i_lut6.i_lut6_addsub/i_q.i_simple.qreg/i_no_async_controls.output_reg[17]/C
  -------------------------------------------------------------------    -------------------
    SLICE_X43Y73         FDRE (Prop_fdre_C_Q)         0.141     1.060 r  design_1_i/c_counter_binary_0/U0/i_synth/i_baseblox.i_baseblox_counter/the_addsub/no_pipelining.the_addsub/i_lut6.i_lut6_addsub/i_q.i_simple.qreg/i_no_async_controls.output_reg[17]/Q
                         net (fo=1, routed)           0.105     1.165    design_1_i/c_counter_binary_0/U0/i_synth/i_baseblox.i_baseblox_counter/the_addsub/no_pipelining.the_addsub/i_lut6.i_lut6_addsub/Q[16]
    SLICE_X43Y73         CARRY4 (Prop_carry4_S[0]_O[0])
                                                      0.115     1.280 r  design_1_i/c_counter_binary_0/U0/i_synth/i_baseblox.i_baseblox_counter/the_addsub/no_pipelining.the_addsub/i_lut6.i_lut6_addsub/i_simple_model.i_gt_1.carrychaingen[16].carrymux_CARRY4/O[0]
                         net (fo=1, routed)           0.000     1.280    design_1_i/c_counter_binary_0/U0/i_synth/i_baseblox.i_baseblox_counter/the_addsub/no_pipelining.the_addsub/i_lut6.i_lut6_addsub/i_q.i_simple.qreg/s[16]
    SLICE_X43Y73         FDRE                                         r  design_1_i/c_counter_binary_0/U0/i_synth/i_baseblox.i_baseblox_counter/the_addsub/no_pipelining.the_addsub/i_lut6.i_lut6_addsub/i_q.i_simple.qreg/i_no_async_controls.output_reg[17]/D
  -------------------------------------------------------------------    -------------------

                         (clock clk_fpga_0 rise edge)
                                                      0.000     0.000 r  
    PS7_X0Y0             PS7                          0.000     0.000 r  design_1_i/processing_system7_0/inst/PS7_i/FCLKCLK[0]
                         net (fo=1, routed)           0.341     0.341    design_1_i/processing_system7_0/inst/FCLK_CLK_unbuffered[0]
    BUFGCTRL_X0Y0        BUFG (Prop_bufg_I_O)         0.029     0.370 r  design_1_i/processing_system7_0/inst/buffer_fclk_clk_0.FCLK_CLK_0_BUFG/O
                         net (fo=29, routed)          0.845     1.215    design_1_i/c_counter_binary_0/U0/i_synth/i_baseblox.i_baseblox_counter/the_addsub/no_pipelining.the_addsub/i_lut6.i_lut6_addsub/i_q.i_simple.qreg/CLK
    SLICE_X43Y73         FDRE                                         r  design_1_i/c_counter_binary_0/U0/i_synth/i_baseblox.i_baseblox_counter/the_addsub/no_pipelining.the_addsub/i_lut6.i_lut6_addsub/i_q.i_simple.qreg/i_no_async_controls.output_reg[17]/C
                         clock pessimism             -0.296     0.919    
    SLICE_X43Y73         FDRE (Hold_fdre_C_D)         0.105     1.024    design_1_i/c_counter_binary_0/U0/i_synth/i_baseblox.i_baseblox_counter/the_addsub/no_pipelining.the_addsub/i_lut6.i_lut6_addsub/i_q.i_simple.qreg/i_no_async_controls.output_reg[17]
  -------------------------------------------------------------------
                         required time                         -1.024    
                         arrival time                           1.280    
  -------------------------------------------------------------------
                         slack                                  0.256    

Slack (MET) :             0.256ns  (arrival time - required time)
  Source:                 design_1_i/c_counter_binary_0/U0/i_synth/i_baseblox.i_baseblox_counter/the_addsub/no_pipelining.the_addsub/i_lut6.i_lut6_addsub/i_q.i_simple.qreg/i_no_async_controls.output_reg[21]/C
                            (rising edge-triggered cell FDRE clocked by clk_fpga_0  {rise@0.000ns fall@10.000ns period=20.000ns})
  Destination:            design_1_i/c_counter_binary_0/U0/i_synth/i_baseblox.i_baseblox_counter/the_addsub/no_pipelining.the_addsub/i_lut6.i_lut6_addsub/i_q.i_simple.qreg/i_no_async_controls.output_reg[21]/D
                            (rising edge-triggered cell FDRE clocked by clk_fpga_0  {rise@0.000ns fall@10.000ns period=20.000ns})
  Path Group:             clk_fpga_0
  Path Type:              Hold (Min at Fast Process Corner)
  Requirement:            0.000ns  (clk_fpga_0 rise@0.000ns - clk_fpga_0 rise@0.000ns)
  Data Path Delay:        0.361ns  (logic 0.256ns (70.880%)  route 0.105ns (29.120%))
  Logic Levels:           1  (CARRY4=1)
  Clock Path Skew:        0.000ns (DCD - SCD - CPR)
    Destination Clock Delay (DCD):    1.214ns
    Source Clock Delay      (SCD):    0.918ns
    Clock Pessimism Removal (CPR):    0.296ns

    Location             Delay type                Incr(ns)  Path(ns)    Netlist Resource(s)
  -------------------------------------------------------------------    -------------------
                         (clock clk_fpga_0 rise edge)
                                                      0.000     0.000 r  
    PS7_X0Y0             PS7                          0.000     0.000 r  design_1_i/processing_system7_0/inst/PS7_i/FCLKCLK[0]
                         net (fo=1, routed)           0.315     0.315    design_1_i/processing_system7_0/inst/FCLK_CLK_unbuffered[0]
    BUFGCTRL_X0Y0        BUFG (Prop_bufg_I_O)         0.026     0.341 r  design_1_i/processing_system7_0/inst/buffer_fclk_clk_0.FCLK_CLK_0_BUFG/O
                         net (fo=29, routed)          0.577     0.918    design_1_i/c_counter_binary_0/U0/i_synth/i_baseblox.i_baseblox_counter/the_addsub/no_pipelining.the_addsub/i_lut6.i_lut6_addsub/i_q.i_simple.qreg/CLK
    SLICE_X43Y74         FDRE                                         r  design_1_i/c_counter_binary_0/U0/i_synth/i_baseblox.i_baseblox_counter/the_addsub/no_pipelining.the_addsub/i_lut6.i_lut6_addsub/i_q.i_simple.qreg/i_no_async_controls.output_reg[21]/C
  -------------------------------------------------------------------    -------------------
    SLICE_X43Y74         FDRE (Prop_fdre_C_Q)         0.141     1.059 r  design_1_i/c_counter_binary_0/U0/i_synth/i_baseblox.i_baseblox_counter/the_addsub/no_pipelining.the_addsub/i_lut6.i_lut6_addsub/i_q.i_simple.qreg/i_no_async_controls.output_reg[21]/Q
                         net (fo=1, routed)           0.105     1.164    design_1_i/c_counter_binary_0/U0/i_synth/i_baseblox.i_baseblox_counter/the_addsub/no_pipelining.the_addsub/i_lut6.i_lut6_addsub/Q[20]
    SLICE_X43Y74         CARRY4 (Prop_carry4_S[0]_O[0])
                                                      0.115     1.279 r  design_1_i/c_counter_binary_0/U0/i_synth/i_baseblox.i_baseblox_counter/the_addsub/no_pipelining.the_addsub/i_lut6.i_lut6_addsub/i_simple_model.i_gt_1.carrychaingen[20].carrymux_CARRY4/O[0]
                         net (fo=1, routed)           0.000     1.279    design_1_i/c_counter_binary_0/U0/i_synth/i_baseblox.i_baseblox_counter/the_addsub/no_pipelining.the_addsub/i_lut6.i_lut6_addsub/i_q.i_simple.qreg/s[20]
    SLICE_X43Y74         FDRE                                         r  design_1_i/c_counter_binary_0/U0/i_synth/i_baseblox.i_baseblox_counter/the_addsub/no_pipelining.the_addsub/i_lut6.i_lut6_addsub/i_q.i_simple.qreg/i_no_async_controls.output_reg[21]/D
  -------------------------------------------------------------------    -------------------

                         (clock clk_fpga_0 rise edge)
                                                      0.000     0.000 r  
    PS7_X0Y0             PS7                          0.000     0.000 r  design_1_i/processing_system7_0/inst/PS7_i/FCLKCLK[0]
                         net (fo=1, routed)           0.341     0.341    design_1_i/processing_system7_0/inst/FCLK_CLK_unbuffered[0]
    BUFGCTRL_X0Y0        BUFG (Prop_bufg_I_O)         0.029     0.370 r  design_1_i/processing_system7_0/inst/buffer_fclk_clk_0.FCLK_CLK_0_BUFG/O
                         net (fo=29, routed)          0.844     1.214    design_1_i/c_counter_binary_0/U0/i_synth/i_baseblox.i_baseblox_counter/the_addsub/no_pipelining.the_addsub/i_lut6.i_lut6_addsub/i_q.i_simple.qreg/CLK
    SLICE_X43Y74         FDRE                                         r  design_1_i/c_counter_binary_0/U0/i_synth/i_baseblox.i_baseblox_counter/the_addsub/no_pipelining.the_addsub/i_lut6.i_lut6_addsub/i_q.i_simple.qreg/i_no_async_controls.output_reg[21]/C
                         clock pessimism             -0.296     0.918    
    SLICE_X43Y74         FDRE (Hold_fdre_C_D)         0.105     1.023    design_1_i/c_counter_binary_0/U0/i_synth/i_baseblox.i_baseblox_counter/the_addsub/no_pipelining.the_addsub/i_lut6.i_lut6_addsub/i_q.i_simple.qreg/i_no_async_controls.output_reg[21]
  -------------------------------------------------------------------
                         required time                         -1.023    
                         arrival time                           1.279    
  -------------------------------------------------------------------
                         slack                                  0.256    

Slack (MET) :             0.256ns  (arrival time - required time)
  Source:                 design_1_i/c_counter_binary_0/U0/i_synth/i_baseblox.i_baseblox_counter/the_addsub/no_pipelining.the_addsub/i_lut6.i_lut6_addsub/i_q.i_simple.qreg/i_no_async_controls.output_reg[5]/C
                            (rising edge-triggered cell FDRE clocked by clk_fpga_0  {rise@0.000ns fall@10.000ns period=20.000ns})
  Destination:            design_1_i/c_counter_binary_0/U0/i_synth/i_baseblox.i_baseblox_counter/the_addsub/no_pipelining.the_addsub/i_lut6.i_lut6_addsub/i_q.i_simple.qreg/i_no_async_controls.output_reg[5]/D
                            (rising edge-triggered cell FDRE clocked by clk_fpga_0  {rise@0.000ns fall@10.000ns period=20.000ns})
  Path Group:             clk_fpga_0
  Path Type:              Hold (Min at Fast Process Corner)
  Requirement:            0.000ns  (clk_fpga_0 rise@0.000ns - clk_fpga_0 rise@0.000ns)
  Data Path Delay:        0.361ns  (logic 0.256ns (70.880%)  route 0.105ns (29.120%))
  Logic Levels:           1  (CARRY4=1)
  Clock Path Skew:        0.000ns (DCD - SCD - CPR)
    Destination Clock Delay (DCD):    1.219ns
    Source Clock Delay      (SCD):    0.922ns
    Clock Pessimism Removal (CPR):    0.297ns

    Location             Delay type                Incr(ns)  Path(ns)    Netlist Resource(s)
  -------------------------------------------------------------------    -------------------
                         (clock clk_fpga_0 rise edge)
                                                      0.000     0.000 r  
    PS7_X0Y0             PS7                          0.000     0.000 r  design_1_i/processing_system7_0/inst/PS7_i/FCLKCLK[0]
                         net (fo=1, routed)           0.315     0.315    design_1_i/processing_system7_0/inst/FCLK_CLK_unbuffered[0]
    BUFGCTRL_X0Y0        BUFG (Prop_bufg_I_O)         0.026     0.341 r  design_1_i/processing_system7_0/inst/buffer_fclk_clk_0.FCLK_CLK_0_BUFG/O
                         net (fo=29, routed)          0.581     0.922    design_1_i/c_counter_binary_0/U0/i_synth/i_baseblox.i_baseblox_counter/the_addsub/no_pipelining.the_addsub/i_lut6.i_lut6_addsub/i_q.i_simple.qreg/CLK
    SLICE_X43Y70         FDRE                                         r  design_1_i/c_counter_binary_0/U0/i_synth/i_baseblox.i_baseblox_counter/the_addsub/no_pipelining.the_addsub/i_lut6.i_lut6_addsub/i_q.i_simple.qreg/i_no_async_controls.output_reg[5]/C
  -------------------------------------------------------------------    -------------------
    SLICE_X43Y70         FDRE (Prop_fdre_C_Q)         0.141     1.063 r  design_1_i/c_counter_binary_0/U0/i_synth/i_baseblox.i_baseblox_counter/the_addsub/no_pipelining.the_addsub/i_lut6.i_lut6_addsub/i_q.i_simple.qreg/i_no_async_controls.output_reg[5]/Q
                         net (fo=1, routed)           0.105     1.168    design_1_i/c_counter_binary_0/U0/i_synth/i_baseblox.i_baseblox_counter/the_addsub/no_pipelining.the_addsub/i_lut6.i_lut6_addsub/Q[4]
    SLICE_X43Y70         CARRY4 (Prop_carry4_S[0]_O[0])
                                                      0.115     1.283 r  design_1_i/c_counter_binary_0/U0/i_synth/i_baseblox.i_baseblox_counter/the_addsub/no_pipelining.the_addsub/i_lut6.i_lut6_addsub/i_simple_model.i_gt_1.carrychaingen[4].carrymux_CARRY4/O[0]
                         net (fo=1, routed)           0.000     1.283    design_1_i/c_counter_binary_0/U0/i_synth/i_baseblox.i_baseblox_counter/the_addsub/no_pipelining.the_addsub/i_lut6.i_lut6_addsub/i_q.i_simple.qreg/s[4]
    SLICE_X43Y70         FDRE                                         r  design_1_i/c_counter_binary_0/U0/i_synth/i_baseblox.i_baseblox_counter/the_addsub/no_pipelining.the_addsub/i_lut6.i_lut6_addsub/i_q.i_simple.qreg/i_no_async_controls.output_reg[5]/D
  -------------------------------------------------------------------    -------------------

                         (clock clk_fpga_0 rise edge)
                                                      0.000     0.000 r  
    PS7_X0Y0             PS7                          0.000     0.000 r  design_1_i/processing_system7_0/inst/PS7_i/FCLKCLK[0]
                         net (fo=1, routed)           0.341     0.341    design_1_i/processing_system7_0/inst/FCLK_CLK_unbuffered[0]
    BUFGCTRL_X0Y0        BUFG (Prop_bufg_I_O)         0.029     0.370 r  design_1_i/processing_system7_0/inst/buffer_fclk_clk_0.FCLK_CLK_0_BUFG/O
                         net (fo=29, routed)          0.849     1.219    design_1_i/c_counter_binary_0/U0/i_synth/i_baseblox.i_baseblox_counter/the_addsub/no_pipelining.the_addsub/i_lut6.i_lut6_addsub/i_q.i_simple.qreg/CLK
    SLICE_X43Y70         FDRE                                         r  design_1_i/c_counter_binary_0/U0/i_synth/i_baseblox.i_baseblox_counter/the_addsub/no_pipelining.the_addsub/i_lut6.i_lut6_addsub/i_q.i_simple.qreg/i_no_async_controls.output_reg[5]/C
                         clock pessimism             -0.297     0.922    
    SLICE_X43Y70         FDRE (Hold_fdre_C_D)         0.105     1.027    design_1_i/c_counter_binary_0/U0/i_synth/i_baseblox.i_baseblox_counter/the_addsub/no_pipelining.the_addsub/i_lut6.i_lut6_addsub/i_q.i_simple.qreg/i_no_async_controls.output_reg[5]
  -------------------------------------------------------------------
                         required time                         -1.027    
                         arrival time                           1.283    
  -------------------------------------------------------------------
                         slack                                  0.256    





Pulse Width Checks
--------------------------------------------------------------------------------------
Clock Name:         clk_fpga_0
Waveform(ns):       { 0.000 10.000 }
Period(ns):         20.000
Sources:            { design_1_i/processing_system7_0/inst/PS7_i/FCLKCLK[0] }

Check Type        Corner  Lib Pin  Reference Pin  Required(ns)  Actual(ns)  Slack(ns)  Location       Pin
Min Period        n/a     BUFG/I   n/a            2.155         20.000      17.845     BUFGCTRL_X0Y0  design_1_i/processing_system7_0/inst/buffer_fclk_clk_0.FCLK_CLK_0_BUFG/I
Min Period        n/a     FDRE/C   n/a            1.000         20.000      19.000     SLICE_X43Y71   design_1_i/c_counter_binary_0/U0/i_synth/i_baseblox.i_baseblox_counter/the_addsub/no_pipelining.the_addsub/i_lut6.i_lut6_addsub/i_q.i_simple.qreg/i_no_async_controls.output_reg[10]/C
Min Period        n/a     FDRE/C   n/a            1.000         20.000      19.000     SLICE_X43Y71   design_1_i/c_counter_binary_0/U0/i_synth/i_baseblox.i_baseblox_counter/the_addsub/no_pipelining.the_addsub/i_lut6.i_lut6_addsub/i_q.i_simple.qreg/i_no_async_controls.output_reg[11]/C
Min Period        n/a     FDRE/C   n/a            1.000         20.000      19.000     SLICE_X43Y71   design_1_i/c_counter_binary_0/U0/i_synth/i_baseblox.i_baseblox_counter/the_addsub/no_pipelining.the_addsub/i_lut6.i_lut6_addsub/i_q.i_simple.qreg/i_no_async_controls.output_reg[12]/C
Min Period        n/a     FDRE/C   n/a            1.000         20.000      19.000     SLICE_X43Y72   design_1_i/c_counter_binary_0/U0/i_synth/i_baseblox.i_baseblox_counter/the_addsub/no_pipelining.the_addsub/i_lut6.i_lut6_addsub/i_q.i_simple.qreg/i_no_async_controls.output_reg[13]/C
Min Period        n/a     FDRE/C   n/a            1.000         20.000      19.000     SLICE_X43Y72   design_1_i/c_counter_binary_0/U0/i_synth/i_baseblox.i_baseblox_counter/the_addsub/no_pipelining.the_addsub/i_lut6.i_lut6_addsub/i_q.i_simple.qreg/i_no_async_controls.output_reg[14]/C
Min Period        n/a     FDRE/C   n/a            1.000         20.000      19.000     SLICE_X43Y72   design_1_i/c_counter_binary_0/U0/i_synth/i_baseblox.i_baseblox_counter/the_addsub/no_pipelining.the_addsub/i_lut6.i_lut6_addsub/i_q.i_simple.qreg/i_no_async_controls.output_reg[15]/C
Min Period        n/a     FDRE/C   n/a            1.000         20.000      19.000     SLICE_X43Y72   design_1_i/c_counter_binary_0/U0/i_synth/i_baseblox.i_baseblox_counter/the_addsub/no_pipelining.the_addsub/i_lut6.i_lut6_addsub/i_q.i_simple.qreg/i_no_async_controls.output_reg[16]/C
Min Period        n/a     FDRE/C   n/a            1.000         20.000      19.000     SLICE_X43Y73   design_1_i/c_counter_binary_0/U0/i_synth/i_baseblox.i_baseblox_counter/the_addsub/no_pipelining.the_addsub/i_lut6.i_lut6_addsub/i_q.i_simple.qreg/i_no_async_controls.output_reg[17]/C
Min Period        n/a     FDRE/C   n/a            1.000         20.000      19.000     SLICE_X43Y73   design_1_i/c_counter_binary_0/U0/i_synth/i_baseblox.i_baseblox_counter/the_addsub/no_pipelining.the_addsub/i_lut6.i_lut6_addsub/i_q.i_simple.qreg/i_no_async_controls.output_reg[18]/C
Low Pulse Width   Slow    FDRE/C   n/a            0.500         10.000      9.500      SLICE_X43Y71   design_1_i/c_counter_binary_0/U0/i_synth/i_baseblox.i_baseblox_counter/the_addsub/no_pipelining.the_addsub/i_lut6.i_lut6_addsub/i_q.i_simple.qreg/i_no_async_controls.output_reg[10]/C
Low Pulse Width   Fast    FDRE/C   n/a            0.500         10.000      9.500      SLICE_X43Y71   design_1_i/c_counter_binary_0/U0/i_synth/i_baseblox.i_baseblox_counter/the_addsub/no_pipelining.the_addsub/i_lut6.i_lut6_addsub/i_q.i_simple.qreg/i_no_async_controls.output_reg[10]/C
Low Pulse Width   Slow    FDRE/C   n/a            0.500         10.000      9.500      SLICE_X43Y71   design_1_i/c_counter_binary_0/U0/i_synth/i_baseblox.i_baseblox_counter/the_addsub/no_pipelining.the_addsub/i_lut6.i_lut6_addsub/i_q.i_simple.qreg/i_no_async_controls.output_reg[11]/C
Low Pulse Width   Fast    FDRE/C   n/a            0.500         10.000      9.500      SLICE_X43Y71   design_1_i/c_counter_binary_0/U0/i_synth/i_baseblox.i_baseblox_counter/the_addsub/no_pipelining.the_addsub/i_lut6.i_lut6_addsub/i_q.i_simple.qreg/i_no_async_controls.output_reg[11]/C
Low Pulse Width   Slow    FDRE/C   n/a            0.500         10.000      9.500      SLICE_X43Y71   design_1_i/c_counter_binary_0/U0/i_synth/i_baseblox.i_baseblox_counter/the_addsub/no_pipelining.the_addsub/i_lut6.i_lut6_addsub/i_q.i_simple.qreg/i_no_async_controls.output_reg[12]/C
Low Pulse Width   Fast    FDRE/C   n/a            0.500         10.000      9.500      SLICE_X43Y71   design_1_i/c_counter_binary_0/U0/i_synth/i_baseblox.i_baseblox_counter/the_addsub/no_pipelining.the_addsub/i_lut6.i_lut6_addsub/i_q.i_simple.qreg/i_no_async_controls.output_reg[12]/C
Low Pulse Width   Slow    FDRE/C   n/a            0.500         10.000      9.500      SLICE_X43Y72   design_1_i/c_counter_binary_0/U0/i_synth/i_baseblox.i_baseblox_counter/the_addsub/no_pipelining.the_addsub/i_lut6.i_lut6_addsub/i_q.i_simple.qreg/i_no_async_controls.output_reg[13]/C
Low Pulse Width   Fast    FDRE/C   n/a            0.500         10.000      9.500      SLICE_X43Y72   design_1_i/c_counter_binary_0/U0/i_synth/i_baseblox.i_baseblox_counter/the_addsub/no_pipelining.the_addsub/i_lut6.i_lut6_addsub/i_q.i_simple.qreg/i_no_async_controls.output_reg[13]/C
Low Pulse Width   Slow    FDRE/C   n/a            0.500         10.000      9.500      SLICE_X43Y72   design_1_i/c_counter_binary_0/U0/i_synth/i_baseblox.i_baseblox_counter/the_addsub/no_pipelining.the_addsub/i_lut6.i_lut6_addsub/i_q.i_simple.qreg/i_no_async_controls.output_reg[14]/C
Low Pulse Width   Fast    FDRE/C   n/a            0.500         10.000      9.500      SLICE_X43Y72   design_1_i/c_counter_binary_0/U0/i_synth/i_baseblox.i_baseblox_counter/the_addsub/no_pipelining.the_addsub/i_lut6.i_lut6_addsub/i_q.i_simple.qreg/i_no_async_controls.output_reg[14]/C
High Pulse Width  Slow    FDRE/C   n/a            0.500         10.000      9.500      SLICE_X43Y71   design_1_i/c_counter_binary_0/U0/i_synth/i_baseblox.i_baseblox_counter/the_addsub/no_pipelining.the_addsub/i_lut6.i_lut6_addsub/i_q.i_simple.qreg/i_no_async_controls.output_reg[10]/C
High Pulse Width  Fast    FDRE/C   n/a            0.500         10.000      9.500      SLICE_X43Y71   design_1_i/c_counter_binary_0/U0/i_synth/i_baseblox.i_baseblox_counter/the_addsub/no_pipelining.the_addsub/i_lut6.i_lut6_addsub/i_q.i_simple.qreg/i_no_async_controls.output_reg[10]/C
High Pulse Width  Slow    FDRE/C   n/a            0.500         10.000      9.500      SLICE_X43Y71   design_1_i/c_counter_binary_0/U0/i_synth/i_baseblox.i_baseblox_counter/the_addsub/no_pipelining.the_addsub/i_lut6.i_lut6_addsub/i_q.i_simple.qreg/i_no_async_controls.output_reg[11]/C
High Pulse Width  Fast    FDRE/C   n/a            0.500         10.000      9.500      SLICE_X43Y71   design_1_i/c_counter_binary_0/U0/i_synth/i_baseblox.i_baseblox_counter/the_addsub/no_pipelining.the_addsub/i_lut6.i_lut6_addsub/i_q.i_simple.qreg/i_no_async_controls.output_reg[11]/C
High Pulse Width  Slow    FDRE/C   n/a            0.500         10.000      9.500      SLICE_X43Y71   design_1_i/c_counter_binary_0/U0/i_synth/i_baseblox.i_baseblox_counter/the_addsub/no_pipelining.the_addsub/i_lut6.i_lut6_addsub/i_q.i_simple.qreg/i_no_async_controls.output_reg[12]/C
High Pulse Width  Fast    FDRE/C   n/a            0.500         10.000      9.500      SLICE_X43Y71   design_1_i/c_counter_binary_0/U0/i_synth/i_baseblox.i_baseblox_counter/the_addsub/no_pipelining.the_addsub/i_lut6.i_lut6_addsub/i_q.i_simple.qreg/i_no_async_controls.output_reg[12]/C
High Pulse Width  Slow    FDRE/C   n/a            0.500         10.000      9.500      SLICE_X43Y72   design_1_i/c_counter_binary_0/U0/i_synth/i_baseblox.i_baseblox_counter/the_addsub/no_pipelining.the_addsub/i_lut6.i_lut6_addsub/i_q.i_simple.qreg/i_no_async_controls.output_reg[13]/C
High Pulse Width  Fast    FDRE/C   n/a            0.500         10.000      9.500      SLICE_X43Y72   design_1_i/c_counter_binary_0/U0/i_synth/i_baseblox.i_baseblox_counter/the_addsub/no_pipelining.the_addsub/i_lut6.i_lut6_addsub/i_q.i_simple.qreg/i_no_async_controls.output_reg[13]/C
High Pulse Width  Slow    FDRE/C   n/a            0.500         10.000      9.500      SLICE_X43Y72   design_1_i/c_counter_binary_0/U0/i_synth/i_baseblox.i_baseblox_counter/the_addsub/no_pipelining.the_addsub/i_lut6.i_lut6_addsub/i_q.i_simple.qreg/i_no_async_controls.output_reg[14]/C
High Pulse Width  Fast    FDRE/C   n/a            0.500         10.000      9.500      SLICE_X43Y72   design_1_i/c_counter_binary_0/U0/i_synth/i_baseblox.i_baseblox_counter/the_addsub/no_pipelining.the_addsub/i_lut6.i_lut6_addsub/i_q.i_simple.qreg/i_no_async_controls.output_reg[14]/C



--------------------------------------------------------------------------------------
Path Group:  (none)
From Clock:  clk_fpga_0
  To Clock:  

Max Delay             4 Endpoints
Min Delay             4 Endpoints
--------------------------------------------------------------------------------------


Max Delay Paths
--------------------------------------------------------------------------------------
Slack:                    inf
  Source:                 design_1_i/c_counter_binary_0/U0/i_synth/i_baseblox.i_baseblox_counter/the_addsub/no_pipelining.the_addsub/i_lut6.i_lut6_addsub/i_q.i_simple.qreg/i_no_async_controls.output_reg[24]/C
                            (rising edge-triggered cell FDRE clocked by clk_fpga_0  {rise@0.000ns fall@10.000ns period=20.000ns})
  Destination:            LED[0]
                            (output port)
  Path Group:             (none)
  Path Type:              Max at Slow Process Corner
  Data Path Delay:        6.418ns  (logic 3.987ns (62.124%)  route 2.431ns (37.876%))
  Logic Levels:           1  (OBUF=1)
  Clock Uncertainty:      0.301ns  ((TSJ^2 + TIJ^2)^1/2 + DJ) / 2 + PE
    Total System Jitter     (TSJ):    0.050ns
    Total Input Jitter      (TIJ):    0.600ns
    Discrete Jitter          (DJ):    0.000ns
    Phase Error              (PE):    0.000ns

    Location             Delay type                Incr(ns)  Path(ns)    Netlist Resource(s)
  -------------------------------------------------------------------    -------------------
                         (clock clk_fpga_0 rise edge)
                                                      0.000     0.000 r  
    PS7_X0Y0             PS7                          0.000     0.000 r  design_1_i/processing_system7_0/inst/PS7_i/FCLKCLK[0]
                         net (fo=1, routed)           1.207     1.207    design_1_i/processing_system7_0/inst/FCLK_CLK_unbuffered[0]
    BUFGCTRL_X0Y0        BUFG (Prop_bufg_I_O)         0.101     1.308 r  design_1_i/processing_system7_0/inst/buffer_fclk_clk_0.FCLK_CLK_0_BUFG/O
                         net (fo=29, routed)          1.723     3.031    design_1_i/c_counter_binary_0/U0/i_synth/i_baseblox.i_baseblox_counter/the_addsub/no_pipelining.the_addsub/i_lut6.i_lut6_addsub/i_q.i_simple.qreg/CLK
    SLICE_X43Y74         FDRE                                         r  design_1_i/c_counter_binary_0/U0/i_synth/i_baseblox.i_baseblox_counter/the_addsub/no_pipelining.the_addsub/i_lut6.i_lut6_addsub/i_q.i_simple.qreg/i_no_async_controls.output_reg[24]/C
  -------------------------------------------------------------------    -------------------
    SLICE_X43Y74         FDRE (Prop_fdre_C_Q)         0.456     3.487 r  design_1_i/c_counter_binary_0/U0/i_synth/i_baseblox.i_baseblox_counter/the_addsub/no_pipelining.the_addsub/i_lut6.i_lut6_addsub/i_q.i_simple.qreg/i_no_async_controls.output_reg[24]/Q
                         net (fo=2, routed)           2.431     5.918    LED_OBUF[0]
    M14                  OBUF (Prop_obuf_I_O)         3.531     9.449 r  LED_OBUF[0]_inst/O
                         net (fo=0)                   0.000     9.449    LED[0]
    M14                                                               r  LED[0] (OUT)
  -------------------------------------------------------------------    -------------------

Slack:                    inf
  Source:                 design_1_i/c_counter_binary_0/U0/i_synth/i_baseblox.i_baseblox_counter/the_addsub/no_pipelining.the_addsub/i_lut6.i_lut6_addsub/i_q.i_simple.qreg/i_no_async_controls.output_reg[25]/C
                            (rising edge-triggered cell FDRE clocked by clk_fpga_0  {rise@0.000ns fall@10.000ns period=20.000ns})
  Destination:            LED[1]
                            (output port)
  Path Group:             (none)
  Path Type:              Max at Slow Process Corner
  Data Path Delay:        6.372ns  (logic 3.995ns (62.699%)  route 2.377ns (37.301%))
  Logic Levels:           1  (OBUF=1)
  Clock Uncertainty:      0.301ns  ((TSJ^2 + TIJ^2)^1/2 + DJ) / 2 + PE
    Total System Jitter     (TSJ):    0.050ns
    Total Input Jitter      (TIJ):    0.600ns
    Discrete Jitter          (DJ):    0.000ns
    Phase Error              (PE):    0.000ns

    Location             Delay type                Incr(ns)  Path(ns)    Netlist Resource(s)
  -------------------------------------------------------------------    -------------------
                         (clock clk_fpga_0 rise edge)
                                                      0.000     0.000 r  
    PS7_X0Y0             PS7                          0.000     0.000 r  design_1_i/processing_system7_0/inst/PS7_i/FCLKCLK[0]
                         net (fo=1, routed)           1.207     1.207    design_1_i/processing_system7_0/inst/FCLK_CLK_unbuffered[0]
    BUFGCTRL_X0Y0        BUFG (Prop_bufg_I_O)         0.101     1.308 r  design_1_i/processing_system7_0/inst/buffer_fclk_clk_0.FCLK_CLK_0_BUFG/O
                         net (fo=29, routed)          1.723     3.031    design_1_i/c_counter_binary_0/U0/i_synth/i_baseblox.i_baseblox_counter/the_addsub/no_pipelining.the_addsub/i_lut6.i_lut6_addsub/i_q.i_simple.qreg/CLK
    SLICE_X43Y75         FDRE                                         r  design_1_i/c_counter_binary_0/U0/i_synth/i_baseblox.i_baseblox_counter/the_addsub/no_pipelining.the_addsub/i_lut6.i_lut6_addsub/i_q.i_simple.qreg/i_no_async_controls.output_reg[25]/C
  -------------------------------------------------------------------    -------------------
    SLICE_X43Y75         FDRE (Prop_fdre_C_Q)         0.456     3.487 r  design_1_i/c_counter_binary_0/U0/i_synth/i_baseblox.i_baseblox_counter/the_addsub/no_pipelining.the_addsub/i_lut6.i_lut6_addsub/i_q.i_simple.qreg/i_no_async_controls.output_reg[25]/Q
                         net (fo=2, routed)           2.377     5.864    LED_OBUF[1]
    M15                  OBUF (Prop_obuf_I_O)         3.539     9.403 r  LED_OBUF[1]_inst/O
                         net (fo=0)                   0.000     9.403    LED[1]
    M15                                                               r  LED[1] (OUT)
  -------------------------------------------------------------------    -------------------

Slack:                    inf
  Source:                 design_1_i/c_counter_binary_0/U0/i_synth/i_baseblox.i_baseblox_counter/the_addsub/no_pipelining.the_addsub/i_lut6.i_lut6_addsub/i_q.i_simple.qreg/i_no_async_controls.output_reg[26]/C
                            (rising edge-triggered cell FDRE clocked by clk_fpga_0  {rise@0.000ns fall@10.000ns period=20.000ns})
  Destination:            LED[2]
                            (output port)
  Path Group:             (none)
  Path Type:              Max at Slow Process Corner
  Data Path Delay:        6.263ns  (logic 3.941ns (62.936%)  route 2.321ns (37.064%))
  Logic Levels:           1  (OBUF=1)
  Clock Uncertainty:      0.301ns  ((TSJ^2 + TIJ^2)^1/2 + DJ) / 2 + PE
    Total System Jitter     (TSJ):    0.050ns
    Total Input Jitter      (TIJ):    0.600ns
    Discrete Jitter          (DJ):    0.000ns
    Phase Error              (PE):    0.000ns

    Location             Delay type                Incr(ns)  Path(ns)    Netlist Resource(s)
  -------------------------------------------------------------------    -------------------
                         (clock clk_fpga_0 rise edge)
                                                      0.000     0.000 r  
    PS7_X0Y0             PS7                          0.000     0.000 r  design_1_i/processing_system7_0/inst/PS7_i/FCLKCLK[0]
                         net (fo=1, routed)           1.207     1.207    design_1_i/processing_system7_0/inst/FCLK_CLK_unbuffered[0]
    BUFGCTRL_X0Y0        BUFG (Prop_bufg_I_O)         0.101     1.308 r  design_1_i/processing_system7_0/inst/buffer_fclk_clk_0.FCLK_CLK_0_BUFG/O
                         net (fo=29, routed)          1.723     3.031    design_1_i/c_counter_binary_0/U0/i_synth/i_baseblox.i_baseblox_counter/the_addsub/no_pipelining.the_addsub/i_lut6.i_lut6_addsub/i_q.i_simple.qreg/CLK
    SLICE_X43Y75         FDRE                                         r  design_1_i/c_counter_binary_0/U0/i_synth/i_baseblox.i_baseblox_counter/the_addsub/no_pipelining.the_addsub/i_lut6.i_lut6_addsub/i_q.i_simple.qreg/i_no_async_controls.output_reg[26]/C
  -------------------------------------------------------------------    -------------------
    SLICE_X43Y75         FDRE (Prop_fdre_C_Q)         0.456     3.487 r  design_1_i/c_counter_binary_0/U0/i_synth/i_baseblox.i_baseblox_counter/the_addsub/no_pipelining.the_addsub/i_lut6.i_lut6_addsub/i_q.i_simple.qreg/i_no_async_controls.output_reg[26]/Q
                         net (fo=2, routed)           2.321     5.808    LED_OBUF[2]
    G14                  OBUF (Prop_obuf_I_O)         3.485     9.294 r  LED_OBUF[2]_inst/O
                         net (fo=0)                   0.000     9.294    LED[2]
    G14                                                               r  LED[2] (OUT)
  -------------------------------------------------------------------    -------------------

Slack:                    inf
  Source:                 design_1_i/c_counter_binary_0/U0/i_synth/i_baseblox.i_baseblox_counter/the_addsub/no_pipelining.the_addsub/i_lut6.i_lut6_addsub/i_q.i_simple.qreg/i_no_async_controls.output_reg[27]/C
                            (rising edge-triggered cell FDRE clocked by clk_fpga_0  {rise@0.000ns fall@10.000ns period=20.000ns})
  Destination:            LED[3]
                            (output port)
  Path Group:             (none)
  Path Type:              Max at Slow Process Corner
  Data Path Delay:        6.240ns  (logic 3.966ns (63.559%)  route 2.274ns (36.441%))
  Logic Levels:           1  (OBUF=1)
  Clock Uncertainty:      0.301ns  ((TSJ^2 + TIJ^2)^1/2 + DJ) / 2 + PE
    Total System Jitter     (TSJ):    0.050ns
    Total Input Jitter      (TIJ):    0.600ns
    Discrete Jitter          (DJ):    0.000ns
    Phase Error              (PE):    0.000ns

    Location             Delay type                Incr(ns)  Path(ns)    Netlist Resource(s)
  -------------------------------------------------------------------    -------------------
                         (clock clk_fpga_0 rise edge)
                                                      0.000     0.000 r  
    PS7_X0Y0             PS7                          0.000     0.000 r  design_1_i/processing_system7_0/inst/PS7_i/FCLKCLK[0]
                         net (fo=1, routed)           1.207     1.207    design_1_i/processing_system7_0/inst/FCLK_CLK_unbuffered[0]
    BUFGCTRL_X0Y0        BUFG (Prop_bufg_I_O)         0.101     1.308 r  design_1_i/processing_system7_0/inst/buffer_fclk_clk_0.FCLK_CLK_0_BUFG/O
                         net (fo=29, routed)          1.723     3.031    design_1_i/c_counter_binary_0/U0/i_synth/i_baseblox.i_baseblox_counter/the_addsub/no_pipelining.the_addsub/i_lut6.i_lut6_addsub/i_q.i_simple.qreg/CLK
    SLICE_X43Y75         FDRE                                         r  design_1_i/c_counter_binary_0/U0/i_synth/i_baseblox.i_baseblox_counter/the_addsub/no_pipelining.the_addsub/i_lut6.i_lut6_addsub/i_q.i_simple.qreg/i_no_async_controls.output_reg[27]/C
  -------------------------------------------------------------------    -------------------
    SLICE_X43Y75         FDRE (Prop_fdre_C_Q)         0.456     3.487 r  design_1_i/c_counter_binary_0/U0/i_synth/i_baseblox.i_baseblox_counter/the_addsub/no_pipelining.the_addsub/i_lut6.i_lut6_addsub/i_q.i_simple.qreg/i_no_async_controls.output_reg[27]/Q
                         net (fo=2, routed)           2.274     5.761    LED_OBUF[3]
    D18                  OBUF (Prop_obuf_I_O)         3.510     9.271 r  LED_OBUF[3]_inst/O
                         net (fo=0)                   0.000     9.271    LED[3]
    D18                                                               r  LED[3] (OUT)
  -------------------------------------------------------------------    -------------------





Min Delay Paths
--------------------------------------------------------------------------------------
Slack:                    inf
  Source:                 design_1_i/c_counter_binary_0/U0/i_synth/i_baseblox.i_baseblox_counter/the_addsub/no_pipelining.the_addsub/i_lut6.i_lut6_addsub/i_q.i_simple.qreg/i_no_async_controls.output_reg[27]/C
                            (rising edge-triggered cell FDRE clocked by clk_fpga_0  {rise@0.000ns fall@10.000ns period=20.000ns})
  Destination:            LED[3]
                            (output port)
  Path Group:             (none)
  Path Type:              Min at Fast Process Corner
  Data Path Delay:        1.949ns  (logic 1.352ns (69.376%)  route 0.597ns (30.624%))
  Logic Levels:           1  (OBUF=1)
  Clock Uncertainty:      0.301ns  ((TSJ^2 + TIJ^2)^1/2 + DJ) / 2 + PE
    Total System Jitter     (TSJ):    0.050ns
    Total Input Jitter      (TIJ):    0.600ns
    Discrete Jitter          (DJ):    0.000ns
    Phase Error              (PE):    0.000ns

    Location             Delay type                Incr(ns)  Path(ns)    Netlist Resource(s)
  -------------------------------------------------------------------    -------------------
                         (clock clk_fpga_0 rise edge)
                                                      0.000     0.000 r  
    PS7_X0Y0             PS7                          0.000     0.000 r  design_1_i/processing_system7_0/inst/PS7_i/FCLKCLK[0]
                         net (fo=1, routed)           0.315     0.315    design_1_i/processing_system7_0/inst/FCLK_CLK_unbuffered[0]
    BUFGCTRL_X0Y0        BUFG (Prop_bufg_I_O)         0.026     0.341 r  design_1_i/processing_system7_0/inst/buffer_fclk_clk_0.FCLK_CLK_0_BUFG/O
                         net (fo=29, routed)          0.577     0.918    design_1_i/c_counter_binary_0/U0/i_synth/i_baseblox.i_baseblox_counter/the_addsub/no_pipelining.the_addsub/i_lut6.i_lut6_addsub/i_q.i_simple.qreg/CLK
    SLICE_X43Y75         FDRE                                         r  design_1_i/c_counter_binary_0/U0/i_synth/i_baseblox.i_baseblox_counter/the_addsub/no_pipelining.the_addsub/i_lut6.i_lut6_addsub/i_q.i_simple.qreg/i_no_async_controls.output_reg[27]/C
  -------------------------------------------------------------------    -------------------
    SLICE_X43Y75         FDRE (Prop_fdre_C_Q)         0.141     1.059 r  design_1_i/c_counter_binary_0/U0/i_synth/i_baseblox.i_baseblox_counter/the_addsub/no_pipelining.the_addsub/i_lut6.i_lut6_addsub/i_q.i_simple.qreg/i_no_async_controls.output_reg[27]/Q
                         net (fo=2, routed)           0.597     1.655    LED_OBUF[3]
    D18                  OBUF (Prop_obuf_I_O)         1.211     2.866 r  LED_OBUF[3]_inst/O
                         net (fo=0)                   0.000     2.866    LED[3]
    D18                                                               r  LED[3] (OUT)
  -------------------------------------------------------------------    -------------------

Slack:                    inf
  Source:                 design_1_i/c_counter_binary_0/U0/i_synth/i_baseblox.i_baseblox_counter/the_addsub/no_pipelining.the_addsub/i_lut6.i_lut6_addsub/i_q.i_simple.qreg/i_no_async_controls.output_reg[26]/C
                            (rising edge-triggered cell FDRE clocked by clk_fpga_0  {rise@0.000ns fall@10.000ns period=20.000ns})
  Destination:            LED[2]
                            (output port)
  Path Group:             (none)
  Path Type:              Min at Fast Process Corner
  Data Path Delay:        1.952ns  (logic 1.328ns (68.023%)  route 0.624ns (31.977%))
  Logic Levels:           1  (OBUF=1)
  Clock Uncertainty:      0.301ns  ((TSJ^2 + TIJ^2)^1/2 + DJ) / 2 + PE
    Total System Jitter     (TSJ):    0.050ns
    Total Input Jitter      (TIJ):    0.600ns
    Discrete Jitter          (DJ):    0.000ns
    Phase Error              (PE):    0.000ns

    Location             Delay type                Incr(ns)  Path(ns)    Netlist Resource(s)
  -------------------------------------------------------------------    -------------------
                         (clock clk_fpga_0 rise edge)
                                                      0.000     0.000 r  
    PS7_X0Y0             PS7                          0.000     0.000 r  design_1_i/processing_system7_0/inst/PS7_i/FCLKCLK[0]
                         net (fo=1, routed)           0.315     0.315    design_1_i/processing_system7_0/inst/FCLK_CLK_unbuffered[0]
    BUFGCTRL_X0Y0        BUFG (Prop_bufg_I_O)         0.026     0.341 r  design_1_i/processing_system7_0/inst/buffer_fclk_clk_0.FCLK_CLK_0_BUFG/O
                         net (fo=29, routed)          0.577     0.918    design_1_i/c_counter_binary_0/U0/i_synth/i_baseblox.i_baseblox_counter/the_addsub/no_pipelining.the_addsub/i_lut6.i_lut6_addsub/i_q.i_simple.qreg/CLK
    SLICE_X43Y75         FDRE                                         r  design_1_i/c_counter_binary_0/U0/i_synth/i_baseblox.i_baseblox_counter/the_addsub/no_pipelining.the_addsub/i_lut6.i_lut6_addsub/i_q.i_simple.qreg/i_no_async_controls.output_reg[26]/C
  -------------------------------------------------------------------    -------------------
    SLICE_X43Y75         FDRE (Prop_fdre_C_Q)         0.141     1.059 r  design_1_i/c_counter_binary_0/U0/i_synth/i_baseblox.i_baseblox_counter/the_addsub/no_pipelining.the_addsub/i_lut6.i_lut6_addsub/i_q.i_simple.qreg/i_no_async_controls.output_reg[26]/Q
                         net (fo=2, routed)           0.624     1.683    LED_OBUF[2]
    G14                  OBUF (Prop_obuf_I_O)         1.187     2.870 r  LED_OBUF[2]_inst/O
                         net (fo=0)                   0.000     2.870    LED[2]
    G14                                                               r  LED[2] (OUT)
  -------------------------------------------------------------------    -------------------

Slack:                    inf
  Source:                 design_1_i/c_counter_binary_0/U0/i_synth/i_baseblox.i_baseblox_counter/the_addsub/no_pipelining.the_addsub/i_lut6.i_lut6_addsub/i_q.i_simple.qreg/i_no_async_controls.output_reg[24]/C
                            (rising edge-triggered cell FDRE clocked by clk_fpga_0  {rise@0.000ns fall@10.000ns period=20.000ns})
  Destination:            LED[0]
                            (output port)
  Path Group:             (none)
  Path Type:              Min at Fast Process Corner
  Data Path Delay:        2.042ns  (logic 1.373ns (67.241%)  route 0.669ns (32.759%))
  Logic Levels:           1  (OBUF=1)
  Clock Uncertainty:      0.301ns  ((TSJ^2 + TIJ^2)^1/2 + DJ) / 2 + PE
    Total System Jitter     (TSJ):    0.050ns
    Total Input Jitter      (TIJ):    0.600ns
    Discrete Jitter          (DJ):    0.000ns
    Phase Error              (PE):    0.000ns

    Location             Delay type                Incr(ns)  Path(ns)    Netlist Resource(s)
  -------------------------------------------------------------------    -------------------
                         (clock clk_fpga_0 rise edge)
                                                      0.000     0.000 r  
    PS7_X0Y0             PS7                          0.000     0.000 r  design_1_i/processing_system7_0/inst/PS7_i/FCLKCLK[0]
                         net (fo=1, routed)           0.315     0.315    design_1_i/processing_system7_0/inst/FCLK_CLK_unbuffered[0]
    BUFGCTRL_X0Y0        BUFG (Prop_bufg_I_O)         0.026     0.341 r  design_1_i/processing_system7_0/inst/buffer_fclk_clk_0.FCLK_CLK_0_BUFG/O
                         net (fo=29, routed)          0.577     0.918    design_1_i/c_counter_binary_0/U0/i_synth/i_baseblox.i_baseblox_counter/the_addsub/no_pipelining.the_addsub/i_lut6.i_lut6_addsub/i_q.i_simple.qreg/CLK
    SLICE_X43Y74         FDRE                                         r  design_1_i/c_counter_binary_0/U0/i_synth/i_baseblox.i_baseblox_counter/the_addsub/no_pipelining.the_addsub/i_lut6.i_lut6_addsub/i_q.i_simple.qreg/i_no_async_controls.output_reg[24]/C
  -------------------------------------------------------------------    -------------------
    SLICE_X43Y74         FDRE (Prop_fdre_C_Q)         0.141     1.059 r  design_1_i/c_counter_binary_0/U0/i_synth/i_baseblox.i_baseblox_counter/the_addsub/no_pipelining.the_addsub/i_lut6.i_lut6_addsub/i_q.i_simple.qreg/i_no_async_controls.output_reg[24]/Q
                         net (fo=2, routed)           0.669     1.728    LED_OBUF[0]
    M14                  OBUF (Prop_obuf_I_O)         1.232     2.960 r  LED_OBUF[0]_inst/O
                         net (fo=0)                   0.000     2.960    LED[0]
    M14                                                               r  LED[0] (OUT)
  -------------------------------------------------------------------    -------------------

Slack:                    inf
  Source:                 design_1_i/c_counter_binary_0/U0/i_synth/i_baseblox.i_baseblox_counter/the_addsub/no_pipelining.the_addsub/i_lut6.i_lut6_addsub/i_q.i_simple.qreg/i_no_async_controls.output_reg[25]/C
                            (rising edge-triggered cell FDRE clocked by clk_fpga_0  {rise@0.000ns fall@10.000ns period=20.000ns})
  Destination:            LED[1]
                            (output port)
  Path Group:             (none)
  Path Type:              Min at Fast Process Corner
  Data Path Delay:        2.043ns  (logic 1.381ns (67.604%)  route 0.662ns (32.396%))
  Logic Levels:           1  (OBUF=1)
  Clock Uncertainty:      0.301ns  ((TSJ^2 + TIJ^2)^1/2 + DJ) / 2 + PE
    Total System Jitter     (TSJ):    0.050ns
    Total Input Jitter      (TIJ):    0.600ns
    Discrete Jitter          (DJ):    0.000ns
    Phase Error              (PE):    0.000ns

    Location             Delay type                Incr(ns)  Path(ns)    Netlist Resource(s)
  -------------------------------------------------------------------    -------------------
                         (clock clk_fpga_0 rise edge)
                                                      0.000     0.000 r  
    PS7_X0Y0             PS7                          0.000     0.000 r  design_1_i/processing_system7_0/inst/PS7_i/FCLKCLK[0]
                         net (fo=1, routed)           0.315     0.315    design_1_i/processing_system7_0/inst/FCLK_CLK_unbuffered[0]
    BUFGCTRL_X0Y0        BUFG (Prop_bufg_I_O)         0.026     0.341 r  design_1_i/processing_system7_0/inst/buffer_fclk_clk_0.FCLK_CLK_0_BUFG/O
                         net (fo=29, routed)          0.577     0.918    design_1_i/c_counter_binary_0/U0/i_synth/i_baseblox.i_baseblox_counter/the_addsub/no_pipelining.the_addsub/i_lut6.i_lut6_addsub/i_q.i_simple.qreg/CLK
    SLICE_X43Y75         FDRE                                         r  design_1_i/c_counter_binary_0/U0/i_synth/i_baseblox.i_baseblox_counter/the_addsub/no_pipelining.the_addsub/i_lut6.i_lut6_addsub/i_q.i_simple.qreg/i_no_async_controls.output_reg[25]/C
  -------------------------------------------------------------------    -------------------
    SLICE_X43Y75         FDRE (Prop_fdre_C_Q)         0.141     1.059 r  design_1_i/c_counter_binary_0/U0/i_synth/i_baseblox.i_baseblox_counter/the_addsub/no_pipelining.the_addsub/i_lut6.i_lut6_addsub/i_q.i_simple.qreg/i_no_async_controls.output_reg[25]/Q
                         net (fo=2, routed)           0.662     1.720    LED_OBUF[1]
    M15                  OBUF (Prop_obuf_I_O)         1.240     2.960 r  LED_OBUF[1]_inst/O
                         net (fo=0)                   0.000     2.960    LED[1]
    M15                                                               r  LED[1] (OUT)
  -------------------------------------------------------------------    -------------------





